station_id,station_name,date,datatype,value,data_source
SYNTH,Lakeland Linder,1990-01-15,TMAX,859.0,SYNTHETIC
SYNTH,Lakeland Linder,1990-01-15,TMIN,638.0,SYNTHETIC
SYNTH,Lakeland Linder,1990-01-15,PRCP,6.0,SYNTHETIC
SYNTH,Tampa International,1990-01-15,TMAX,941.0,SYNTHETIC
SYNTH,Tampa International,1990-01-15,TMIN,631.0,SYNTHETIC
SYNTH,Tampa International,1990-01-15,PRCP,1.0,SYNTHETIC
SYNTH,Orlando Executive,1990-01-15,TMAX,946.0,SYNTHETIC
SYNTH,Orlando Executive,1990-01-15,TMIN,711.0,SYNTHETIC
SYNTH,Orlando Executive,1990-01-15,PRCP,0.0,SYNTHETIC
SYNTH,Sebring,1990-01-15,TMAX,863.0,SYNTHETIC
SYNTH,Sebring,1990-01-15,TMIN,612.0,SYNTHETIC
SYNTH,Sebring,1990-01-15,PRCP,0.0,SYNTHETIC
SYNTH,Lakeland Linder,1990-02-15,TMAX,839.0,SYNTHETIC
SYNTH,Lakeland Linder,1990-02-15,TMIN,496.0,SYNTHETIC
SYNTH,Lakeland Linder,1990-02-15,PRCP,5.0,SYNTHETIC
SYNTH,Tampa International,1990-02-15,TMAX,775.0,SYNTHETIC
SYNTH,Tampa International,1990-02-15,TMIN,568.0,SYNTHETIC
SYNTH,Tampa International,1990-02-15,PRCP,4.0,SYNTHETIC
SYNTH,Orlando Executive,1990-02-15,TMAX,747.0,SYNTHETIC
SYNTH,Orlando Executive,1990-02-15,TMIN,537.0,SYNTHETIC
SYNTH,Orlando Executive,1990-02-15,PRCP,10.0,SYNTHETIC
SYNTH,Sebring,1990-02-15,TMAX,801.0,SYNTHETIC
SYNTH,Sebring,1990-02-15,TMIN,655.0,SYNTHETIC
SYNTH,Sebring,1990-02-15,PRCP,4.0,SYNTHETIC
SYNTH,Lakeland Linder,1990-03-15,TMAX,776.0,SYNTHETIC
SYNTH,Lakeland Linder,1990-03-15,TMIN,658.0,SYNTHETIC
SYNTH,Lakeland Linder,1990-03-15,PRCP,2.0,SYNTHETIC
SYNTH,Tampa International,1990-03-15,TMAX,850.0,SYNTHETIC
SYNTH,Tampa International,1990-03-15,TMIN,601.0,SYNTHETIC
SYNTH,Tampa International,1990-03-15,PRCP,1.0,SYNTHETIC
SYNTH,Orlando Executive,1990-03-15,TMAX,771.0,SYNTHETIC
SYNTH,Orlando Executive,1990-03-15,TMIN,798.0,SYNTHETIC
SYNTH,Orlando Executive,1990-03-15,PRCP,2.0,SYNTHETIC
SYNTH,Sebring,1990-03-15,TMAX,735.0,SYNTHETIC
SYNTH,Sebring,1990-03-15,TMIN,715.0,SYNTHETIC
SYNTH,Sebring,1990-03-15,PRCP,3.0,SYNTHETIC
SYNTH,Lakeland Linder,1990-04-15,TMAX,836.0,SYNTHETIC
SYNTH,Lakeland Linder,1990-04-15,TMIN,493.0,SYNTHETIC
SYNTH,Lakeland Linder,1990-04-15,PRCP,3.0,SYNTHETIC
SYNTH,Tampa International,1990-04-15,TMAX,835.0,SYNTHETIC
SYNTH,Tampa International,1990-04-15,TMIN,709.0,SYNTHETIC
SYNTH,Tampa International,1990-04-15,PRCP,3.0,SYNTHETIC
SYNTH,Orlando Executive,1990-04-15,TMAX,810.0,SYNTHETIC
SYNTH,Orlando Executive,1990-04-15,TMIN,625.0,SYNTHETIC
SYNTH,Orlando Executive,1990-04-15,PRCP,4.0,SYNTHETIC
SYNTH,Sebring,1990-04-15,TMAX,762.0,SYNTHETIC
SYNTH,Sebring,1990-04-15,TMIN,613.0,SYNTHETIC
SYNTH,Sebring,1990-04-15,PRCP,8.0,SYNTHETIC
SYNTH,Lakeland Linder,1990-05-15,TMAX,847.0,SYNTHETIC
SYNTH,Lakeland Linder,1990-05-15,TMIN,508.0,SYNTHETIC
SYNTH,Lakeland Linder,1990-05-15,PRCP,4.0,SYNTHETIC
SYNTH,Tampa International,1990-05-15,TMAX,789.0,SYNTHETIC
SYNTH,Tampa International,1990-05-15,TMIN,595.0,SYNTHETIC
SYNTH,Tampa International,1990-05-15,PRCP,6.0,SYNTHETIC
SYNTH,Orlando Executive,1990-05-15,TMAX,902.0,SYNTHETIC
SYNTH,Orlando Executive,1990-05-15,TMIN,724.0,SYNTHETIC
SYNTH,Orlando Executive,1990-05-15,PRCP,1.0,SYNTHETIC
SYNTH,Sebring,1990-05-15,TMAX,795.0,SYNTHETIC
SYNTH,Sebring,1990-05-15,TMIN,676.0,SYNTHETIC
SYNTH,Sebring,1990-05-15,PRCP,7.0,SYNTHETIC
SYNTH,Lakeland Linder,1990-06-15,TMAX,781.0,SYNTHETIC
SYNTH,Lakeland Linder,1990-06-15,TMIN,635.0,SYNTHETIC
SYNTH,Lakeland Linder,1990-06-15,PRCP,2.0,SYNTHETIC
SYNTH,Tampa International,1990-06-15,TMAX,724.0,SYNTHETIC
SYNTH,Tampa International,1990-06-15,TMIN,715.0,SYNTHETIC
SYNTH,Tampa International,1990-06-15,PRCP,9.0,SYNTHETIC
SYNTH,Orlando Executive,1990-06-15,TMAX,814.0,SYNTHETIC
SYNTH,Orlando Executive,1990-06-15,TMIN,730.0,SYNTHETIC
SYNTH,Orlando Executive,1990-06-15,PRCP,4.0,SYNTHETIC
SYNTH,Sebring,1990-06-15,TMAX,768.0,SYNTHETIC
SYNTH,Sebring,1990-06-15,TMIN,678.0,SYNTHETIC
SYNTH,Sebring,1990-06-15,PRCP,10.0,SYNTHETIC
SYNTH,Lakeland Linder,1990-07-15,TMAX,817.0,SYNTHETIC
SYNTH,Lakeland Linder,1990-07-15,TMIN,775.0,SYNTHETIC
SYNTH,Lakeland Linder,1990-07-15,PRCP,10.0,SYNTHETIC
SYNTH,Tampa International,1990-07-15,TMAX,885.0,SYNTHETIC
SYNTH,Tampa International,1990-07-15,TMIN,656.0,SYNTHETIC
SYNTH,Tampa International,1990-07-15,PRCP,1.0,SYNTHETIC
SYNTH,Orlando Executive,1990-07-15,TMAX,827.0,SYNTHETIC
SYNTH,Orlando Executive,1990-07-15,TMIN,490.0,SYNTHETIC
SYNTH,Orlando Executive,1990-07-15,PRCP,1.0,SYNTHETIC
SYNTH,Sebring,1990-07-15,TMAX,848.0,SYNTHETIC
SYNTH,Sebring,1990-07-15,TMIN,768.0,SYNTHETIC
SYNTH,Sebring,1990-07-15,PRCP,0.0,SYNTHETIC
SYNTH,Lakeland Linder,1990-08-15,TMAX,755.0,SYNTHETIC
SYNTH,Lakeland Linder,1990-08-15,TMIN,609.0,SYNTHETIC
SYNTH,Lakeland Linder,1990-08-15,PRCP,7.0,SYNTHETIC
SYNTH,Tampa International,1990-08-15,TMAX,846.0,SYNTHETIC
SYNTH,Tampa International,1990-08-15,TMIN,607.0,SYNTHETIC
SYNTH,Tampa International,1990-08-15,PRCP,5.0,SYNTHETIC
SYNTH,Orlando Executive,1990-08-15,TMAX,827.0,SYNTHETIC
SYNTH,Orlando Executive,1990-08-15,TMIN,727.0,SYNTHETIC
SYNTH,Orlando Executive,1990-08-15,PRCP,0.0,SYNTHETIC
SYNTH,Sebring,1990-08-15,TMAX,793.0,SYNTHETIC
SYNTH,Sebring,1990-08-15,TMIN,618.0,SYNTHETIC
SYNTH,Sebring,1990-08-15,PRCP,4.0,SYNTHETIC
SYNTH,Lakeland Linder,1990-09-15,TMAX,843.0,SYNTHETIC
SYNTH,Lakeland Linder,1990-09-15,TMIN,670.0,SYNTHETIC
SYNTH,Lakeland Linder,1990-09-15,PRCP,3.0,SYNTHETIC
SYNTH,Tampa International,1990-09-15,TMAX,801.0,SYNTHETIC
SYNTH,Tampa International,1990-09-15,TMIN,536.0,SYNTHETIC
SYNTH,Tampa International,1990-09-15,PRCP,0.0,SYNTHETIC
SYNTH,Orlando Executive,1990-09-15,TMAX,792.0,SYNTHETIC
SYNTH,Orlando Executive,1990-09-15,TMIN,585.0,SYNTHETIC
SYNTH,Orlando Executive,1990-09-15,PRCP,2.0,SYNTHETIC
SYNTH,Sebring,1990-09-15,TMAX,852.0,SYNTHETIC
SYNTH,Sebring,1990-09-15,TMIN,800.0,SYNTHETIC
SYNTH,Sebring,1990-09-15,PRCP,3.0,SYNTHETIC
SYNTH,Lakeland Linder,1990-10-15,TMAX,840.0,SYNTHETIC
SYNTH,Lakeland Linder,1990-10-15,TMIN,644.0,SYNTHETIC
SYNTH,Lakeland Linder,1990-10-15,PRCP,6.0,SYNTHETIC
SYNTH,Tampa International,1990-10-15,TMAX,817.0,SYNTHETIC
SYNTH,Tampa International,1990-10-15,TMIN,654.0,SYNTHETIC
SYNTH,Tampa International,1990-10-15,PRCP,15.0,SYNTHETIC
SYNTH,Orlando Executive,1990-10-15,TMAX,804.0,SYNTHETIC
SYNTH,Orlando Executive,1990-10-15,TMIN,674.0,SYNTHETIC
SYNTH,Orlando Executive,1990-10-15,PRCP,2.0,SYNTHETIC
SYNTH,Sebring,1990-10-15,TMAX,726.0,SYNTHETIC
SYNTH,Sebring,1990-10-15,TMIN,741.0,SYNTHETIC
SYNTH,Sebring,1990-10-15,PRCP,6.0,SYNTHETIC
SYNTH,Lakeland Linder,1990-11-15,TMAX,883.0,SYNTHETIC
SYNTH,Lakeland Linder,1990-11-15,TMIN,577.0,SYNTHETIC
SYNTH,Lakeland Linder,1990-11-15,PRCP,10.0,SYNTHETIC
SYNTH,Tampa International,1990-11-15,TMAX,707.0,SYNTHETIC
SYNTH,Tampa International,1990-11-15,TMIN,696.0,SYNTHETIC
SYNTH,Tampa International,1990-11-15,PRCP,13.0,SYNTHETIC
SYNTH,Orlando Executive,1990-11-15,TMAX,740.0,SYNTHETIC
SYNTH,Orlando Executive,1990-11-15,TMIN,604.0,SYNTHETIC
SYNTH,Orlando Executive,1990-11-15,PRCP,3.0,SYNTHETIC
SYNTH,Sebring,1990-11-15,TMAX,779.0,SYNTHETIC
SYNTH,Sebring,1990-11-15,TMIN,525.0,SYNTHETIC
SYNTH,Sebring,1990-11-15,PRCP,3.0,SYNTHETIC
SYNTH,Lakeland Linder,1990-12-15,TMAX,735.0,SYNTHETIC
SYNTH,Lakeland Linder,1990-12-15,TMIN,687.0,SYNTHETIC
SYNTH,Lakeland Linder,1990-12-15,PRCP,1.0,SYNTHETIC
SYNTH,Tampa International,1990-12-15,TMAX,943.0,SYNTHETIC
SYNTH,Tampa International,1990-12-15,TMIN,587.0,SYNTHETIC
SYNTH,Tampa International,1990-12-15,PRCP,1.0,SYNTHETIC
SYNTH,Orlando Executive,1990-12-15,TMAX,885.0,SYNTHETIC
SYNTH,Orlando Executive,1990-12-15,TMIN,551.0,SYNTHETIC
SYNTH,Orlando Executive,1990-12-15,PRCP,4.0,SYNTHETIC
SYNTH,Sebring,1990-12-15,TMAX,924.0,SYNTHETIC
SYNTH,Sebring,1990-12-15,TMIN,521.0,SYNTHETIC
SYNTH,Sebring,1990-12-15,PRCP,3.0,SYNTHETIC
SYNTH,Lakeland Linder,1991-01-15,TMAX,840.0,SYNTHETIC
SYNTH,Lakeland Linder,1991-01-15,TMIN,712.0,SYNTHETIC
SYNTH,Lakeland Linder,1991-01-15,PRCP,3.0,SYNTHETIC
SYNTH,Tampa International,1991-01-15,TMAX,714.0,SYNTHETIC
SYNTH,Tampa International,1991-01-15,TMIN,691.0,SYNTHETIC
SYNTH,Tampa International,1991-01-15,PRCP,4.0,SYNTHETIC
SYNTH,Orlando Executive,1991-01-15,TMAX,840.0,SYNTHETIC
SYNTH,Orlando Executive,1991-01-15,TMIN,677.0,SYNTHETIC
SYNTH,Orlando Executive,1991-01-15,PRCP,0.0,SYNTHETIC
SYNTH,Sebring,1991-01-15,TMAX,838.0,SYNTHETIC
SYNTH,Sebring,1991-01-15,TMIN,673.0,SYNTHETIC
SYNTH,Sebring,1991-01-15,PRCP,0.0,SYNTHETIC
SYNTH,Lakeland Linder,1991-02-15,TMAX,969.0,SYNTHETIC
SYNTH,Lakeland Linder,1991-02-15,TMIN,687.0,SYNTHETIC
SYNTH,Lakeland Linder,1991-02-15,PRCP,2.0,SYNTHETIC
SYNTH,Tampa International,1991-02-15,TMAX,872.0,SYNTHETIC
SYNTH,Tampa International,1991-02-15,TMIN,572.0,SYNTHETIC
SYNTH,Tampa International,1991-02-15,PRCP,6.0,SYNTHETIC
SYNTH,Orlando Executive,1991-02-15,TMAX,912.0,SYNTHETIC
SYNTH,Orlando Executive,1991-02-15,TMIN,584.0,SYNTHETIC
SYNTH,Orlando Executive,1991-02-15,PRCP,7.0,SYNTHETIC
SYNTH,Sebring,1991-02-15,TMAX,853.0,SYNTHETIC
SYNTH,Sebring,1991-02-15,TMIN,715.0,SYNTHETIC
SYNTH,Sebring,1991-02-15,PRCP,12.0,SYNTHETIC
SYNTH,Lakeland Linder,1991-03-15,TMAX,800.0,SYNTHETIC
SYNTH,Lakeland Linder,1991-03-15,TMIN,589.0,SYNTHETIC
SYNTH,Lakeland Linder,1991-03-15,PRCP,1.0,SYNTHETIC
SYNTH,Tampa International,1991-03-15,TMAX,754.0,SYNTHETIC
SYNTH,Tampa International,1991-03-15,TMIN,643.0,SYNTHETIC
SYNTH,Tampa International,1991-03-15,PRCP,4.0,SYNTHETIC
SYNTH,Orlando Executive,1991-03-15,TMAX,842.0,SYNTHETIC
SYNTH,Orlando Executive,1991-03-15,TMIN,716.0,SYNTHETIC
SYNTH,Orlando Executive,1991-03-15,PRCP,3.0,SYNTHETIC
SYNTH,Sebring,1991-03-15,TMAX,936.0,SYNTHETIC
SYNTH,Sebring,1991-03-15,TMIN,628.0,SYNTHETIC
SYNTH,Sebring,1991-03-15,PRCP,16.0,SYNTHETIC
SYNTH,Lakeland Linder,1991-04-15,TMAX,870.0,SYNTHETIC
SYNTH,Lakeland Linder,1991-04-15,TMIN,581.0,SYNTHETIC
SYNTH,Lakeland Linder,1991-04-15,PRCP,2.0,SYNTHETIC
SYNTH,Tampa International,1991-04-15,TMAX,858.0,SYNTHETIC
SYNTH,Tampa International,1991-04-15,TMIN,632.0,SYNTHETIC
SYNTH,Tampa International,1991-04-15,PRCP,6.0,SYNTHETIC
SYNTH,Orlando Executive,1991-04-15,TMAX,857.0,SYNTHETIC
SYNTH,Orlando Executive,1991-04-15,TMIN,644.0,SYNTHETIC
SYNTH,Orlando Executive,1991-04-15,PRCP,1.0,SYNTHETIC
SYNTH,Sebring,1991-04-15,TMAX,698.0,SYNTHETIC
SYNTH,Sebring,1991-04-15,TMIN,614.0,SYNTHETIC
SYNTH,Sebring,1991-04-15,PRCP,7.0,SYNTHETIC
SYNTH,Lakeland Linder,1991-05-15,TMAX,837.0,SYNTHETIC
SYNTH,Lakeland Linder,1991-05-15,TMIN,550.0,SYNTHETIC
SYNTH,Lakeland Linder,1991-05-15,PRCP,3.0,SYNTHETIC
SYNTH,Tampa International,1991-05-15,TMAX,850.0,SYNTHETIC
SYNTH,Tampa International,1991-05-15,TMIN,579.0,SYNTHETIC
SYNTH,Tampa International,1991-05-15,PRCP,3.0,SYNTHETIC
SYNTH,Orlando Executive,1991-05-15,TMAX,824.0,SYNTHETIC
SYNTH,Orlando Executive,1991-05-15,TMIN,558.0,SYNTHETIC
SYNTH,Orlando Executive,1991-05-15,PRCP,4.0,SYNTHETIC
SYNTH,Sebring,1991-05-15,TMAX,864.0,SYNTHETIC
SYNTH,Sebring,1991-05-15,TMIN,736.0,SYNTHETIC
SYNTH,Sebring,1991-05-15,PRCP,8.0,SYNTHETIC
SYNTH,Lakeland Linder,1991-06-15,TMAX,709.0,SYNTHETIC
SYNTH,Lakeland Linder,1991-06-15,TMIN,574.0,SYNTHETIC
SYNTH,Lakeland Linder,1991-06-15,PRCP,5.0,SYNTHETIC
SYNTH,Tampa International,1991-06-15,TMAX,861.0,SYNTHETIC
SYNTH,Tampa International,1991-06-15,TMIN,691.0,SYNTHETIC
SYNTH,Tampa International,1991-06-15,PRCP,22.0,SYNTHETIC
SYNTH,Orlando Executive,1991-06-15,TMAX,865.0,SYNTHETIC
SYNTH,Orlando Executive,1991-06-15,TMIN,740.0,SYNTHETIC
SYNTH,Orlando Executive,1991-06-15,PRCP,7.0,SYNTHETIC
SYNTH,Sebring,1991-06-15,TMAX,872.0,SYNTHETIC
SYNTH,Sebring,1991-06-15,TMIN,624.0,SYNTHETIC
SYNTH,Sebring,1991-06-15,PRCP,6.0,SYNTHETIC
SYNTH,Lakeland Linder,1991-07-15,TMAX,758.0,SYNTHETIC
SYNTH,Lakeland Linder,1991-07-15,TMIN,631.0,SYNTHETIC
SYNTH,Lakeland Linder,1991-07-15,PRCP,0.0,SYNTHETIC
SYNTH,Tampa International,1991-07-15,TMAX,826.0,SYNTHETIC
SYNTH,Tampa International,1991-07-15,TMIN,835.0,SYNTHETIC
SYNTH,Tampa International,1991-07-15,PRCP,6.0,SYNTHETIC
SYNTH,Orlando Executive,1991-07-15,TMAX,874.0,SYNTHETIC
SYNTH,Orlando Executive,1991-07-15,TMIN,520.0,SYNTHETIC
SYNTH,Orlando Executive,1991-07-15,PRCP,0.0,SYNTHETIC
SYNTH,Sebring,1991-07-15,TMAX,907.0,SYNTHETIC
SYNTH,Sebring,1991-07-15,TMIN,655.0,SYNTHETIC
SYNTH,Sebring,1991-07-15,PRCP,2.0,SYNTHETIC
SYNTH,Lakeland Linder,1991-08-15,TMAX,762.0,SYNTHETIC
SYNTH,Lakeland Linder,1991-08-15,TMIN,704.0,SYNTHETIC
SYNTH,Lakeland Linder,1991-08-15,PRCP,0.0,SYNTHETIC
SYNTH,Tampa International,1991-08-15,TMAX,837.0,SYNTHETIC
SYNTH,Tampa International,1991-08-15,TMIN,653.0,SYNTHETIC
SYNTH,Tampa International,1991-08-15,PRCP,0.0,SYNTHETIC
SYNTH,Orlando Executive,1991-08-15,TMAX,991.0,SYNTHETIC
SYNTH,Orlando Executive,1991-08-15,TMIN,700.0,SYNTHETIC
SYNTH,Orlando Executive,1991-08-15,PRCP,7.0,SYNTHETIC
SYNTH,Sebring,1991-08-15,TMAX,834.0,SYNTHETIC
SYNTH,Sebring,1991-08-15,TMIN,597.0,SYNTHETIC
SYNTH,Sebring,1991-08-15,PRCP,7.0,SYNTHETIC
SYNTH,Lakeland Linder,1991-09-15,TMAX,756.0,SYNTHETIC
SYNTH,Lakeland Linder,1991-09-15,TMIN,640.0,SYNTHETIC
SYNTH,Lakeland Linder,1991-09-15,PRCP,5.0,SYNTHETIC
SYNTH,Tampa International,1991-09-15,TMAX,889.0,SYNTHETIC
SYNTH,Tampa International,1991-09-15,TMIN,553.0,SYNTHETIC
SYNTH,Tampa International,1991-09-15,PRCP,1.0,SYNTHETIC
SYNTH,Orlando Executive,1991-09-15,TMAX,782.0,SYNTHETIC
SYNTH,Orlando Executive,1991-09-15,TMIN,597.0,SYNTHETIC
SYNTH,Orlando Executive,1991-09-15,PRCP,11.0,SYNTHETIC
SYNTH,Sebring,1991-09-15,TMAX,852.0,SYNTHETIC
SYNTH,Sebring,1991-09-15,TMIN,549.0,SYNTHETIC
SYNTH,Sebring,1991-09-15,PRCP,7.0,SYNTHETIC
SYNTH,Lakeland Linder,1991-10-15,TMAX,989.0,SYNTHETIC
SYNTH,Lakeland Linder,1991-10-15,TMIN,732.0,SYNTHETIC
SYNTH,Lakeland Linder,1991-10-15,PRCP,4.0,SYNTHETIC
SYNTH,Tampa International,1991-10-15,TMAX,781.0,SYNTHETIC
SYNTH,Tampa International,1991-10-15,TMIN,751.0,SYNTHETIC
SYNTH,Tampa International,1991-10-15,PRCP,0.0,SYNTHETIC
SYNTH,Orlando Executive,1991-10-15,TMAX,855.0,SYNTHETIC
SYNTH,Orlando Executive,1991-10-15,TMIN,711.0,SYNTHETIC
SYNTH,Orlando Executive,1991-10-15,PRCP,1.0,SYNTHETIC
SYNTH,Sebring,1991-10-15,TMAX,815.0,SYNTHETIC
SYNTH,Sebring,1991-10-15,TMIN,390.0,SYNTHETIC
SYNTH,Sebring,1991-10-15,PRCP,2.0,SYNTHETIC
SYNTH,Lakeland Linder,1991-11-15,TMAX,799.0,SYNTHETIC
SYNTH,Lakeland Linder,1991-11-15,TMIN,550.0,SYNTHETIC
SYNTH,Lakeland Linder,1991-11-15,PRCP,11.0,SYNTHETIC
SYNTH,Tampa International,1991-11-15,TMAX,705.0,SYNTHETIC
SYNTH,Tampa International,1991-11-15,TMIN,614.0,SYNTHETIC
SYNTH,Tampa International,1991-11-15,PRCP,3.0,SYNTHETIC
SYNTH,Orlando Executive,1991-11-15,TMAX,935.0,SYNTHETIC
SYNTH,Orlando Executive,1991-11-15,TMIN,535.0,SYNTHETIC
SYNTH,Orlando Executive,1991-11-15,PRCP,8.0,SYNTHETIC
SYNTH,Sebring,1991-11-15,TMAX,820.0,SYNTHETIC
SYNTH,Sebring,1991-11-15,TMIN,571.0,SYNTHETIC
SYNTH,Sebring,1991-11-15,PRCP,5.0,SYNTHETIC
SYNTH,Lakeland Linder,1991-12-15,TMAX,835.0,SYNTHETIC
SYNTH,Lakeland Linder,1991-12-15,TMIN,601.0,SYNTHETIC
SYNTH,Lakeland Linder,1991-12-15,PRCP,3.0,SYNTHETIC
SYNTH,Tampa International,1991-12-15,TMAX,789.0,SYNTHETIC
SYNTH,Tampa International,1991-12-15,TMIN,659.0,SYNTHETIC
SYNTH,Tampa International,1991-12-15,PRCP,6.0,SYNTHETIC
SYNTH,Orlando Executive,1991-12-15,TMAX,946.0,SYNTHETIC
SYNTH,Orlando Executive,1991-12-15,TMIN,550.0,SYNTHETIC
SYNTH,Orlando Executive,1991-12-15,PRCP,13.0,SYNTHETIC
SYNTH,Sebring,1991-12-15,TMAX,663.0,SYNTHETIC
SYNTH,Sebring,1991-12-15,TMIN,637.0,SYNTHETIC
SYNTH,Sebring,1991-12-15,PRCP,5.0,SYNTHETIC
SYNTH,Lakeland Linder,1992-01-15,TMAX,842.0,SYNTHETIC
SYNTH,Lakeland Linder,1992-01-15,TMIN,600.0,SYNTHETIC
SYNTH,Lakeland Linder,1992-01-15,PRCP,1.0,SYNTHETIC
SYNTH,Tampa International,1992-01-15,TMAX,780.0,SYNTHETIC
SYNTH,Tampa International,1992-01-15,TMIN,602.0,SYNTHETIC
SYNTH,Tampa International,1992-01-15,PRCP,7.0,SYNTHETIC
SYNTH,Orlando Executive,1992-01-15,TMAX,848.0,SYNTHETIC
SYNTH,Orlando Executive,1992-01-15,TMIN,594.0,SYNTHETIC
SYNTH,Orlando Executive,1992-01-15,PRCP,7.0,SYNTHETIC
SYNTH,Sebring,1992-01-15,TMAX,844.0,SYNTHETIC
SYNTH,Sebring,1992-01-15,TMIN,715.0,SYNTHETIC
SYNTH,Sebring,1992-01-15,PRCP,6.0,SYNTHETIC
SYNTH,Lakeland Linder,1992-02-15,TMAX,753.0,SYNTHETIC
SYNTH,Lakeland Linder,1992-02-15,TMIN,605.0,SYNTHETIC
SYNTH,Lakeland Linder,1992-02-15,PRCP,6.0,SYNTHETIC
SYNTH,Tampa International,1992-02-15,TMAX,868.0,SYNTHETIC
SYNTH,Tampa International,1992-02-15,TMIN,648.0,SYNTHETIC
SYNTH,Tampa International,1992-02-15,PRCP,3.0,SYNTHETIC
SYNTH,Orlando Executive,1992-02-15,TMAX,922.0,SYNTHETIC
SYNTH,Orlando Executive,1992-02-15,TMIN,602.0,SYNTHETIC
SYNTH,Orlando Executive,1992-02-15,PRCP,5.0,SYNTHETIC
SYNTH,Sebring,1992-02-15,TMAX,803.0,SYNTHETIC
SYNTH,Sebring,1992-02-15,TMIN,632.0,SYNTHETIC
SYNTH,Sebring,1992-02-15,PRCP,8.0,SYNTHETIC
SYNTH,Lakeland Linder,1992-03-15,TMAX,886.0,SYNTHETIC
SYNTH,Lakeland Linder,1992-03-15,TMIN,715.0,SYNTHETIC
SYNTH,Lakeland Linder,1992-03-15,PRCP,9.0,SYNTHETIC
SYNTH,Tampa International,1992-03-15,TMAX,821.0,SYNTHETIC
SYNTH,Tampa International,1992-03-15,TMIN,704.0,SYNTHETIC
SYNTH,Tampa International,1992-03-15,PRCP,1.0,SYNTHETIC
SYNTH,Orlando Executive,1992-03-15,TMAX,845.0,SYNTHETIC
SYNTH,Orlando Executive,1992-03-15,TMIN,639.0,SYNTHETIC
SYNTH,Orlando Executive,1992-03-15,PRCP,3.0,SYNTHETIC
SYNTH,Sebring,1992-03-15,TMAX,867.0,SYNTHETIC
SYNTH,Sebring,1992-03-15,TMIN,584.0,SYNTHETIC
SYNTH,Sebring,1992-03-15,PRCP,13.0,SYNTHETIC
SYNTH,Lakeland Linder,1992-04-15,TMAX,739.0,SYNTHETIC
SYNTH,Lakeland Linder,1992-04-15,TMIN,552.0,SYNTHETIC
SYNTH,Lakeland Linder,1992-04-15,PRCP,8.0,SYNTHETIC
SYNTH,Tampa International,1992-04-15,TMAX,883.0,SYNTHETIC
SYNTH,Tampa International,1992-04-15,TMIN,699.0,SYNTHETIC
SYNTH,Tampa International,1992-04-15,PRCP,6.0,SYNTHETIC
SYNTH,Orlando Executive,1992-04-15,TMAX,819.0,SYNTHETIC
SYNTH,Orlando Executive,1992-04-15,TMIN,578.0,SYNTHETIC
SYNTH,Orlando Executive,1992-04-15,PRCP,3.0,SYNTHETIC
SYNTH,Sebring,1992-04-15,TMAX,765.0,SYNTHETIC
SYNTH,Sebring,1992-04-15,TMIN,728.0,SYNTHETIC
SYNTH,Sebring,1992-04-15,PRCP,2.0,SYNTHETIC
SYNTH,Lakeland Linder,1992-05-15,TMAX,753.0,SYNTHETIC
SYNTH,Lakeland Linder,1992-05-15,TMIN,624.0,SYNTHETIC
SYNTH,Lakeland Linder,1992-05-15,PRCP,5.0,SYNTHETIC
SYNTH,Tampa International,1992-05-15,TMAX,774.0,SYNTHETIC
SYNTH,Tampa International,1992-05-15,TMIN,584.0,SYNTHETIC
SYNTH,Tampa International,1992-05-15,PRCP,4.0,SYNTHETIC
SYNTH,Orlando Executive,1992-05-15,TMAX,839.0,SYNTHETIC
SYNTH,Orlando Executive,1992-05-15,TMIN,609.0,SYNTHETIC
SYNTH,Orlando Executive,1992-05-15,PRCP,0.0,SYNTHETIC
SYNTH,Sebring,1992-05-15,TMAX,838.0,SYNTHETIC
SYNTH,Sebring,1992-05-15,TMIN,534.0,SYNTHETIC
SYNTH,Sebring,1992-05-15,PRCP,4.0,SYNTHETIC
SYNTH,Lakeland Linder,1992-06-15,TMAX,762.0,SYNTHETIC
SYNTH,Lakeland Linder,1992-06-15,TMIN,632.0,SYNTHETIC
SYNTH,Lakeland Linder,1992-06-15,PRCP,4.0,SYNTHETIC
SYNTH,Tampa International,1992-06-15,TMAX,938.0,SYNTHETIC
SYNTH,Tampa International,1992-06-15,TMIN,718.0,SYNTHETIC
SYNTH,Tampa International,1992-06-15,PRCP,2.0,SYNTHETIC
SYNTH,Orlando Executive,1992-06-15,TMAX,818.0,SYNTHETIC
SYNTH,Orlando Executive,1992-06-15,TMIN,569.0,SYNTHETIC
SYNTH,Orlando Executive,1992-06-15,PRCP,2.0,SYNTHETIC
SYNTH,Sebring,1992-06-15,TMAX,796.0,SYNTHETIC
SYNTH,Sebring,1992-06-15,TMIN,675.0,SYNTHETIC
SYNTH,Sebring,1992-06-15,PRCP,1.0,SYNTHETIC
SYNTH,Lakeland Linder,1992-07-15,TMAX,861.0,SYNTHETIC
SYNTH,Lakeland Linder,1992-07-15,TMIN,772.0,SYNTHETIC
SYNTH,Lakeland Linder,1992-07-15,PRCP,2.0,SYNTHETIC
SYNTH,Tampa International,1992-07-15,TMAX,852.0,SYNTHETIC
SYNTH,Tampa International,1992-07-15,TMIN,705.0,SYNTHETIC
SYNTH,Tampa International,1992-07-15,PRCP,0.0,SYNTHETIC
SYNTH,Orlando Executive,1992-07-15,TMAX,837.0,SYNTHETIC
SYNTH,Orlando Executive,1992-07-15,TMIN,651.0,SYNTHETIC
SYNTH,Orlando Executive,1992-07-15,PRCP,3.0,SYNTHETIC
SYNTH,Sebring,1992-07-15,TMAX,758.0,SYNTHETIC
SYNTH,Sebring,1992-07-15,TMIN,651.0,SYNTHETIC
SYNTH,Sebring,1992-07-15,PRCP,5.0,SYNTHETIC
SYNTH,Lakeland Linder,1992-08-15,TMAX,936.0,SYNTHETIC
SYNTH,Lakeland Linder,1992-08-15,TMIN,726.0,SYNTHETIC
SYNTH,Lakeland Linder,1992-08-15,PRCP,13.0,SYNTHETIC
SYNTH,Tampa International,1992-08-15,TMAX,758.0,SYNTHETIC
SYNTH,Tampa International,1992-08-15,TMIN,719.0,SYNTHETIC
SYNTH,Tampa International,1992-08-15,PRCP,3.0,SYNTHETIC
SYNTH,Orlando Executive,1992-08-15,TMAX,995.0,SYNTHETIC
SYNTH,Orlando Executive,1992-08-15,TMIN,585.0,SYNTHETIC
SYNTH,Orlando Executive,1992-08-15,PRCP,1.0,SYNTHETIC
SYNTH,Sebring,1992-08-15,TMAX,772.0,SYNTHETIC
SYNTH,Sebring,1992-08-15,TMIN,480.0,SYNTHETIC
SYNTH,Sebring,1992-08-15,PRCP,0.0,SYNTHETIC
SYNTH,Lakeland Linder,1992-09-15,TMAX,759.0,SYNTHETIC
SYNTH,Lakeland Linder,1992-09-15,TMIN,662.0,SYNTHETIC
SYNTH,Lakeland Linder,1992-09-15,PRCP,4.0,SYNTHETIC
SYNTH,Tampa International,1992-09-15,TMAX,970.0,SYNTHETIC
SYNTH,Tampa International,1992-09-15,TMIN,726.0,SYNTHETIC
SYNTH,Tampa International,1992-09-15,PRCP,0.0,SYNTHETIC
SYNTH,Orlando Executive,1992-09-15,TMAX,748.0,SYNTHETIC
SYNTH,Orlando Executive,1992-09-15,TMIN,689.0,SYNTHETIC
SYNTH,Orlando Executive,1992-09-15,PRCP,3.0,SYNTHETIC
SYNTH,Sebring,1992-09-15,TMAX,966.0,SYNTHETIC
SYNTH,Sebring,1992-09-15,TMIN,744.0,SYNTHETIC
SYNTH,Sebring,1992-09-15,PRCP,0.0,SYNTHETIC
SYNTH,Lakeland Linder,1992-10-15,TMAX,682.0,SYNTHETIC
SYNTH,Lakeland Linder,1992-10-15,TMIN,758.0,SYNTHETIC
SYNTH,Lakeland Linder,1992-10-15,PRCP,2.0,SYNTHETIC
SYNTH,Tampa International,1992-10-15,TMAX,919.0,SYNTHETIC
SYNTH,Tampa International,1992-10-15,TMIN,522.0,SYNTHETIC
SYNTH,Tampa International,1992-10-15,PRCP,0.0,SYNTHETIC
SYNTH,Orlando Executive,1992-10-15,TMAX,820.0,SYNTHETIC
SYNTH,Orlando Executive,1992-10-15,TMIN,653.0,SYNTHETIC
SYNTH,Orlando Executive,1992-10-15,PRCP,0.0,SYNTHETIC
SYNTH,Sebring,1992-10-15,TMAX,869.0,SYNTHETIC
SYNTH,Sebring,1992-10-15,TMIN,564.0,SYNTHETIC
SYNTH,Sebring,1992-10-15,PRCP,2.0,SYNTHETIC
SYNTH,Lakeland Linder,1992-11-15,TMAX,829.0,SYNTHETIC
SYNTH,Lakeland Linder,1992-11-15,TMIN,691.0,SYNTHETIC
SYNTH,Lakeland Linder,1992-11-15,PRCP,6.0,SYNTHETIC
SYNTH,Tampa International,1992-11-15,TMAX,730.0,SYNTHETIC
SYNTH,Tampa International,1992-11-15,TMIN,527.0,SYNTHETIC
SYNTH,Tampa International,1992-11-15,PRCP,9.0,SYNTHETIC
SYNTH,Orlando Executive,1992-11-15,TMAX,846.0,SYNTHETIC
SYNTH,Orlando Executive,1992-11-15,TMIN,590.0,SYNTHETIC
SYNTH,Orlando Executive,1992-11-15,PRCP,10.0,SYNTHETIC
SYNTH,Sebring,1992-11-15,TMAX,829.0,SYNTHETIC
SYNTH,Sebring,1992-11-15,TMIN,744.0,SYNTHETIC
SYNTH,Sebring,1992-11-15,PRCP,3.0,SYNTHETIC
SYNTH,Lakeland Linder,1992-12-15,TMAX,984.0,SYNTHETIC
SYNTH,Lakeland Linder,1992-12-15,TMIN,790.0,SYNTHETIC
SYNTH,Lakeland Linder,1992-12-15,PRCP,1.0,SYNTHETIC
SYNTH,Tampa International,1992-12-15,TMAX,897.0,SYNTHETIC
SYNTH,Tampa International,1992-12-15,TMIN,701.0,SYNTHETIC
SYNTH,Tampa International,1992-12-15,PRCP,9.0,SYNTHETIC
SYNTH,Orlando Executive,1992-12-15,TMAX,742.0,SYNTHETIC
SYNTH,Orlando Executive,1992-12-15,TMIN,704.0,SYNTHETIC
SYNTH,Orlando Executive,1992-12-15,PRCP,8.0,SYNTHETIC
SYNTH,Sebring,1992-12-15,TMAX,679.0,SYNTHETIC
SYNTH,Sebring,1992-12-15,TMIN,555.0,SYNTHETIC
SYNTH,Sebring,1992-12-15,PRCP,7.0,SYNTHETIC
SYNTH,Lakeland Linder,1993-01-15,TMAX,798.0,SYNTHETIC
SYNTH,Lakeland Linder,1993-01-15,TMIN,707.0,SYNTHETIC
SYNTH,Lakeland Linder,1993-01-15,PRCP,10.0,SYNTHETIC
SYNTH,Tampa International,1993-01-15,TMAX,825.0,SYNTHETIC
SYNTH,Tampa International,1993-01-15,TMIN,780.0,SYNTHETIC
SYNTH,Tampa International,1993-01-15,PRCP,3.0,SYNTHETIC
SYNTH,Orlando Executive,1993-01-15,TMAX,683.0,SYNTHETIC
SYNTH,Orlando Executive,1993-01-15,TMIN,645.0,SYNTHETIC
SYNTH,Orlando Executive,1993-01-15,PRCP,4.0,SYNTHETIC
SYNTH,Sebring,1993-01-15,TMAX,817.0,SYNTHETIC
SYNTH,Sebring,1993-01-15,TMIN,484.0,SYNTHETIC
SYNTH,Sebring,1993-01-15,PRCP,2.0,SYNTHETIC
SYNTH,Lakeland Linder,1993-02-15,TMAX,715.0,SYNTHETIC
SYNTH,Lakeland Linder,1993-02-15,TMIN,703.0,SYNTHETIC
SYNTH,Lakeland Linder,1993-02-15,PRCP,4.0,SYNTHETIC
SYNTH,Tampa International,1993-02-15,TMAX,744.0,SYNTHETIC
SYNTH,Tampa International,1993-02-15,TMIN,608.0,SYNTHETIC
SYNTH,Tampa International,1993-02-15,PRCP,2.0,SYNTHETIC
SYNTH,Orlando Executive,1993-02-15,TMAX,814.0,SYNTHETIC
SYNTH,Orlando Executive,1993-02-15,TMIN,726.0,SYNTHETIC
SYNTH,Orlando Executive,1993-02-15,PRCP,1.0,SYNTHETIC
SYNTH,Sebring,1993-02-15,TMAX,860.0,SYNTHETIC
SYNTH,Sebring,1993-02-15,TMIN,607.0,SYNTHETIC
SYNTH,Sebring,1993-02-15,PRCP,0.0,SYNTHETIC
SYNTH,Lakeland Linder,1993-03-15,TMAX,811.0,SYNTHETIC
SYNTH,Lakeland Linder,1993-03-15,TMIN,567.0,SYNTHETIC
SYNTH,Lakeland Linder,1993-03-15,PRCP,0.0,SYNTHETIC
SYNTH,Tampa International,1993-03-15,TMAX,724.0,SYNTHETIC
SYNTH,Tampa International,1993-03-15,TMIN,807.0,SYNTHETIC
SYNTH,Tampa International,1993-03-15,PRCP,3.0,SYNTHETIC
SYNTH,Orlando Executive,1993-03-15,TMAX,764.0,SYNTHETIC
SYNTH,Orlando Executive,1993-03-15,TMIN,667.0,SYNTHETIC
SYNTH,Orlando Executive,1993-03-15,PRCP,2.0,SYNTHETIC
SYNTH,Sebring,1993-03-15,TMAX,802.0,SYNTHETIC
SYNTH,Sebring,1993-03-15,TMIN,699.0,SYNTHETIC
SYNTH,Sebring,1993-03-15,PRCP,6.0,SYNTHETIC
SYNTH,Lakeland Linder,1993-04-15,TMAX,777.0,SYNTHETIC
SYNTH,Lakeland Linder,1993-04-15,TMIN,603.0,SYNTHETIC
SYNTH,Lakeland Linder,1993-04-15,PRCP,1.0,SYNTHETIC
SYNTH,Tampa International,1993-04-15,TMAX,635.0,SYNTHETIC
SYNTH,Tampa International,1993-04-15,TMIN,528.0,SYNTHETIC
SYNTH,Tampa International,1993-04-15,PRCP,9.0,SYNTHETIC
SYNTH,Orlando Executive,1993-04-15,TMAX,951.0,SYNTHETIC
SYNTH,Orlando Executive,1993-04-15,TMIN,630.0,SYNTHETIC
SYNTH,Orlando Executive,1993-04-15,PRCP,5.0,SYNTHETIC
SYNTH,Sebring,1993-04-15,TMAX,844.0,SYNTHETIC
SYNTH,Sebring,1993-04-15,TMIN,896.0,SYNTHETIC
SYNTH,Sebring,1993-04-15,PRCP,8.0,SYNTHETIC
SYNTH,Lakeland Linder,1993-05-15,TMAX,809.0,SYNTHETIC
SYNTH,Lakeland Linder,1993-05-15,TMIN,573.0,SYNTHETIC
SYNTH,Lakeland Linder,1993-05-15,PRCP,5.0,SYNTHETIC
SYNTH,Tampa International,1993-05-15,TMAX,836.0,SYNTHETIC
SYNTH,Tampa International,1993-05-15,TMIN,589.0,SYNTHETIC
SYNTH,Tampa International,1993-05-15,PRCP,4.0,SYNTHETIC
SYNTH,Orlando Executive,1993-05-15,TMAX,768.0,SYNTHETIC
SYNTH,Orlando Executive,1993-05-15,TMIN,563.0,SYNTHETIC
SYNTH,Orlando Executive,1993-05-15,PRCP,11.0,SYNTHETIC
SYNTH,Sebring,1993-05-15,TMAX,890.0,SYNTHETIC
SYNTH,Sebring,1993-05-15,TMIN,649.0,SYNTHETIC
SYNTH,Sebring,1993-05-15,PRCP,10.0,SYNTHETIC
SYNTH,Lakeland Linder,1993-06-15,TMAX,826.0,SYNTHETIC
SYNTH,Lakeland Linder,1993-06-15,TMIN,581.0,SYNTHETIC
SYNTH,Lakeland Linder,1993-06-15,PRCP,10.0,SYNTHETIC
SYNTH,Tampa International,1993-06-15,TMAX,863.0,SYNTHETIC
SYNTH,Tampa International,1993-06-15,TMIN,567.0,SYNTHETIC
SYNTH,Tampa International,1993-06-15,PRCP,2.0,SYNTHETIC
SYNTH,Orlando Executive,1993-06-15,TMAX,749.0,SYNTHETIC
SYNTH,Orlando Executive,1993-06-15,TMIN,539.0,SYNTHETIC
SYNTH,Orlando Executive,1993-06-15,PRCP,7.0,SYNTHETIC
SYNTH,Sebring,1993-06-15,TMAX,972.0,SYNTHETIC
SYNTH,Sebring,1993-06-15,TMIN,538.0,SYNTHETIC
SYNTH,Sebring,1993-06-15,PRCP,5.0,SYNTHETIC
SYNTH,Lakeland Linder,1993-07-15,TMAX,767.0,SYNTHETIC
SYNTH,Lakeland Linder,1993-07-15,TMIN,611.0,SYNTHETIC
SYNTH,Lakeland Linder,1993-07-15,PRCP,0.0,SYNTHETIC
SYNTH,Tampa International,1993-07-15,TMAX,750.0,SYNTHETIC
SYNTH,Tampa International,1993-07-15,TMIN,653.0,SYNTHETIC
SYNTH,Tampa International,1993-07-15,PRCP,1.0,SYNTHETIC
SYNTH,Orlando Executive,1993-07-15,TMAX,841.0,SYNTHETIC
SYNTH,Orlando Executive,1993-07-15,TMIN,645.0,SYNTHETIC
SYNTH,Orlando Executive,1993-07-15,PRCP,1.0,SYNTHETIC
SYNTH,Sebring,1993-07-15,TMAX,747.0,SYNTHETIC
SYNTH,Sebring,1993-07-15,TMIN,603.0,SYNTHETIC
SYNTH,Sebring,1993-07-15,PRCP,6.0,SYNTHETIC
SYNTH,Lakeland Linder,1993-08-15,TMAX,860.0,SYNTHETIC
SYNTH,Lakeland Linder,1993-08-15,TMIN,571.0,SYNTHETIC
SYNTH,Lakeland Linder,1993-08-15,PRCP,3.0,SYNTHETIC
SYNTH,Tampa International,1993-08-15,TMAX,880.0,SYNTHETIC
SYNTH,Tampa International,1993-08-15,TMIN,516.0,SYNTHETIC
SYNTH,Tampa International,1993-08-15,PRCP,5.0,SYNTHETIC
SYNTH,Orlando Executive,1993-08-15,TMAX,766.0,SYNTHETIC
SYNTH,Orlando Executive,1993-08-15,TMIN,695.0,SYNTHETIC
SYNTH,Orlando Executive,1993-08-15,PRCP,0.0,SYNTHETIC
SYNTH,Sebring,1993-08-15,TMAX,675.0,SYNTHETIC
SYNTH,Sebring,1993-08-15,TMIN,519.0,SYNTHETIC
SYNTH,Sebring,1993-08-15,PRCP,3.0,SYNTHETIC
SYNTH,Lakeland Linder,1993-09-15,TMAX,840.0,SYNTHETIC
SYNTH,Lakeland Linder,1993-09-15,TMIN,577.0,SYNTHETIC
SYNTH,Lakeland Linder,1993-09-15,PRCP,6.0,SYNTHETIC
SYNTH,Tampa International,1993-09-15,TMAX,687.0,SYNTHETIC
SYNTH,Tampa International,1993-09-15,TMIN,644.0,SYNTHETIC
SYNTH,Tampa International,1993-09-15,PRCP,3.0,SYNTHETIC
SYNTH,Orlando Executive,1993-09-15,TMAX,767.0,SYNTHETIC
SYNTH,Orlando Executive,1993-09-15,TMIN,653.0,SYNTHETIC
SYNTH,Orlando Executive,1993-09-15,PRCP,1.0,SYNTHETIC
SYNTH,Sebring,1993-09-15,TMAX,789.0,SYNTHETIC
SYNTH,Sebring,1993-09-15,TMIN,730.0,SYNTHETIC
SYNTH,Sebring,1993-09-15,PRCP,0.0,SYNTHETIC
SYNTH,Lakeland Linder,1993-10-15,TMAX,886.0,SYNTHETIC
SYNTH,Lakeland Linder,1993-10-15,TMIN,559.0,SYNTHETIC
SYNTH,Lakeland Linder,1993-10-15,PRCP,5.0,SYNTHETIC
SYNTH,Tampa International,1993-10-15,TMAX,935.0,SYNTHETIC
SYNTH,Tampa International,1993-10-15,TMIN,452.0,SYNTHETIC
SYNTH,Tampa International,1993-10-15,PRCP,0.0,SYNTHETIC
SYNTH,Orlando Executive,1993-10-15,TMAX,866.0,SYNTHETIC
SYNTH,Orlando Executive,1993-10-15,TMIN,633.0,SYNTHETIC
SYNTH,Orlando Executive,1993-10-15,PRCP,4.0,SYNTHETIC
SYNTH,Sebring,1993-10-15,TMAX,771.0,SYNTHETIC
SYNTH,Sebring,1993-10-15,TMIN,656.0,SYNTHETIC
SYNTH,Sebring,1993-10-15,PRCP,2.0,SYNTHETIC
SYNTH,Lakeland Linder,1993-11-15,TMAX,913.0,SYNTHETIC
SYNTH,Lakeland Linder,1993-11-15,TMIN,670.0,SYNTHETIC
SYNTH,Lakeland Linder,1993-11-15,PRCP,4.0,SYNTHETIC
SYNTH,Tampa International,1993-11-15,TMAX,787.0,SYNTHETIC
SYNTH,Tampa International,1993-11-15,TMIN,610.0,SYNTHETIC
SYNTH,Tampa International,1993-11-15,PRCP,0.0,SYNTHETIC
SYNTH,Orlando Executive,1993-11-15,TMAX,851.0,SYNTHETIC
SYNTH,Orlando Executive,1993-11-15,TMIN,616.0,SYNTHETIC
SYNTH,Orlando Executive,1993-11-15,PRCP,4.0,SYNTHETIC
SYNTH,Sebring,1993-11-15,TMAX,986.0,SYNTHETIC
SYNTH,Sebring,1993-11-15,TMIN,719.0,SYNTHETIC
SYNTH,Sebring,1993-11-15,PRCP,1.0,SYNTHETIC
SYNTH,Lakeland Linder,1993-12-15,TMAX,916.0,SYNTHETIC
SYNTH,Lakeland Linder,1993-12-15,TMIN,617.0,SYNTHETIC
SYNTH,Lakeland Linder,1993-12-15,PRCP,7.0,SYNTHETIC
SYNTH,Tampa International,1993-12-15,TMAX,739.0,SYNTHETIC
SYNTH,Tampa International,1993-12-15,TMIN,500.0,SYNTHETIC
SYNTH,Tampa International,1993-12-15,PRCP,1.0,SYNTHETIC
SYNTH,Orlando Executive,1993-12-15,TMAX,821.0,SYNTHETIC
SYNTH,Orlando Executive,1993-12-15,TMIN,784.0,SYNTHETIC
SYNTH,Orlando Executive,1993-12-15,PRCP,4.0,SYNTHETIC
SYNTH,Sebring,1993-12-15,TMAX,802.0,SYNTHETIC
SYNTH,Sebring,1993-12-15,TMIN,716.0,SYNTHETIC
SYNTH,Sebring,1993-12-15,PRCP,8.0,SYNTHETIC
SYNTH,Lakeland Linder,1994-01-15,TMAX,838.0,SYNTHETIC
SYNTH,Lakeland Linder,1994-01-15,TMIN,711.0,SYNTHETIC
SYNTH,Lakeland Linder,1994-01-15,PRCP,4.0,SYNTHETIC
SYNTH,Tampa International,1994-01-15,TMAX,911.0,SYNTHETIC
SYNTH,Tampa International,1994-01-15,TMIN,677.0,SYNTHETIC
SYNTH,Tampa International,1994-01-15,PRCP,0.0,SYNTHETIC
SYNTH,Orlando Executive,1994-01-15,TMAX,870.0,SYNTHETIC
SYNTH,Orlando Executive,1994-01-15,TMIN,831.0,SYNTHETIC
SYNTH,Orlando Executive,1994-01-15,PRCP,3.0,SYNTHETIC
SYNTH,Sebring,1994-01-15,TMAX,839.0,SYNTHETIC
SYNTH,Sebring,1994-01-15,TMIN,613.0,SYNTHETIC
SYNTH,Sebring,1994-01-15,PRCP,1.0,SYNTHETIC
SYNTH,Lakeland Linder,1994-02-15,TMAX,886.0,SYNTHETIC
SYNTH,Lakeland Linder,1994-02-15,TMIN,581.0,SYNTHETIC
SYNTH,Lakeland Linder,1994-02-15,PRCP,3.0,SYNTHETIC
SYNTH,Tampa International,1994-02-15,TMAX,781.0,SYNTHETIC
SYNTH,Tampa International,1994-02-15,TMIN,688.0,SYNTHETIC
SYNTH,Tampa International,1994-02-15,PRCP,4.0,SYNTHETIC
SYNTH,Orlando Executive,1994-02-15,TMAX,903.0,SYNTHETIC
SYNTH,Orlando Executive,1994-02-15,TMIN,609.0,SYNTHETIC
SYNTH,Orlando Executive,1994-02-15,PRCP,1.0,SYNTHETIC
SYNTH,Sebring,1994-02-15,TMAX,741.0,SYNTHETIC
SYNTH,Sebring,1994-02-15,TMIN,614.0,SYNTHETIC
SYNTH,Sebring,1994-02-15,PRCP,4.0,SYNTHETIC
SYNTH,Lakeland Linder,1994-03-15,TMAX,880.0,SYNTHETIC
SYNTH,Lakeland Linder,1994-03-15,TMIN,576.0,SYNTHETIC
SYNTH,Lakeland Linder,1994-03-15,PRCP,7.0,SYNTHETIC
SYNTH,Tampa International,1994-03-15,TMAX,928.0,SYNTHETIC
SYNTH,Tampa International,1994-03-15,TMIN,683.0,SYNTHETIC
SYNTH,Tampa International,1994-03-15,PRCP,12.0,SYNTHETIC
SYNTH,Orlando Executive,1994-03-15,TMAX,758.0,SYNTHETIC
SYNTH,Orlando Executive,1994-03-15,TMIN,550.0,SYNTHETIC
SYNTH,Orlando Executive,1994-03-15,PRCP,5.0,SYNTHETIC
SYNTH,Sebring,1994-03-15,TMAX,939.0,SYNTHETIC
SYNTH,Sebring,1994-03-15,TMIN,702.0,SYNTHETIC
SYNTH,Sebring,1994-03-15,PRCP,2.0,SYNTHETIC
SYNTH,Lakeland Linder,1994-04-15,TMAX,842.0,SYNTHETIC
SYNTH,Lakeland Linder,1994-04-15,TMIN,559.0,SYNTHETIC
SYNTH,Lakeland Linder,1994-04-15,PRCP,15.0,SYNTHETIC
SYNTH,Tampa International,1994-04-15,TMAX,830.0,SYNTHETIC
SYNTH,Tampa International,1994-04-15,TMIN,658.0,SYNTHETIC
SYNTH,Tampa International,1994-04-15,PRCP,6.0,SYNTHETIC
SYNTH,Orlando Executive,1994-04-15,TMAX,858.0,SYNTHETIC
SYNTH,Orlando Executive,1994-04-15,TMIN,667.0,SYNTHETIC
SYNTH,Orlando Executive,1994-04-15,PRCP,0.0,SYNTHETIC
SYNTH,Sebring,1994-04-15,TMAX,857.0,SYNTHETIC
SYNTH,Sebring,1994-04-15,TMIN,800.0,SYNTHETIC
SYNTH,Sebring,1994-04-15,PRCP,9.0,SYNTHETIC
SYNTH,Lakeland Linder,1994-05-15,TMAX,947.0,SYNTHETIC
SYNTH,Lakeland Linder,1994-05-15,TMIN,609.0,SYNTHETIC
SYNTH,Lakeland Linder,1994-05-15,PRCP,1.0,SYNTHETIC
SYNTH,Tampa International,1994-05-15,TMAX,809.0,SYNTHETIC
SYNTH,Tampa International,1994-05-15,TMIN,654.0,SYNTHETIC
SYNTH,Tampa International,1994-05-15,PRCP,8.0,SYNTHETIC
SYNTH,Orlando Executive,1994-05-15,TMAX,684.0,SYNTHETIC
SYNTH,Orlando Executive,1994-05-15,TMIN,772.0,SYNTHETIC
SYNTH,Orlando Executive,1994-05-15,PRCP,2.0,SYNTHETIC
SYNTH,Sebring,1994-05-15,TMAX,785.0,SYNTHETIC
SYNTH,Sebring,1994-05-15,TMIN,569.0,SYNTHETIC
SYNTH,Sebring,1994-05-15,PRCP,5.0,SYNTHETIC
SYNTH,Lakeland Linder,1994-06-15,TMAX,885.0,SYNTHETIC
SYNTH,Lakeland Linder,1994-06-15,TMIN,655.0,SYNTHETIC
SYNTH,Lakeland Linder,1994-06-15,PRCP,3.0,SYNTHETIC
SYNTH,Tampa International,1994-06-15,TMAX,716.0,SYNTHETIC
SYNTH,Tampa International,1994-06-15,TMIN,623.0,SYNTHETIC
SYNTH,Tampa International,1994-06-15,PRCP,11.0,SYNTHETIC
SYNTH,Orlando Executive,1994-06-15,TMAX,799.0,SYNTHETIC
SYNTH,Orlando Executive,1994-06-15,TMIN,529.0,SYNTHETIC
SYNTH,Orlando Executive,1994-06-15,PRCP,1.0,SYNTHETIC
SYNTH,Sebring,1994-06-15,TMAX,798.0,SYNTHETIC
SYNTH,Sebring,1994-06-15,TMIN,434.0,SYNTHETIC
SYNTH,Sebring,1994-06-15,PRCP,2.0,SYNTHETIC
SYNTH,Lakeland Linder,1994-07-15,TMAX,801.0,SYNTHETIC
SYNTH,Lakeland Linder,1994-07-15,TMIN,705.0,SYNTHETIC
SYNTH,Lakeland Linder,1994-07-15,PRCP,12.0,SYNTHETIC
SYNTH,Tampa International,1994-07-15,TMAX,910.0,SYNTHETIC
SYNTH,Tampa International,1994-07-15,TMIN,628.0,SYNTHETIC
SYNTH,Tampa International,1994-07-15,PRCP,2.0,SYNTHETIC
SYNTH,Orlando Executive,1994-07-15,TMAX,1025.0,SYNTHETIC
SYNTH,Orlando Executive,1994-07-15,TMIN,654.0,SYNTHETIC
SYNTH,Orlando Executive,1994-07-15,PRCP,3.0,SYNTHETIC
SYNTH,Sebring,1994-07-15,TMAX,818.0,SYNTHETIC
SYNTH,Sebring,1994-07-15,TMIN,665.0,SYNTHETIC
SYNTH,Sebring,1994-07-15,PRCP,2.0,SYNTHETIC
SYNTH,Lakeland Linder,1994-08-15,TMAX,774.0,SYNTHETIC
SYNTH,Lakeland Linder,1994-08-15,TMIN,606.0,SYNTHETIC
SYNTH,Lakeland Linder,1994-08-15,PRCP,2.0,SYNTHETIC
SYNTH,Tampa International,1994-08-15,TMAX,776.0,SYNTHETIC
SYNTH,Tampa International,1994-08-15,TMIN,592.0,SYNTHETIC
SYNTH,Tampa International,1994-08-15,PRCP,3.0,SYNTHETIC
SYNTH,Orlando Executive,1994-08-15,TMAX,799.0,SYNTHETIC
SYNTH,Orlando Executive,1994-08-15,TMIN,770.0,SYNTHETIC
SYNTH,Orlando Executive,1994-08-15,PRCP,10.0,SYNTHETIC
SYNTH,Sebring,1994-08-15,TMAX,907.0,SYNTHETIC
SYNTH,Sebring,1994-08-15,TMIN,749.0,SYNTHETIC
SYNTH,Sebring,1994-08-15,PRCP,7.0,SYNTHETIC
SYNTH,Lakeland Linder,1994-09-15,TMAX,792.0,SYNTHETIC
SYNTH,Lakeland Linder,1994-09-15,TMIN,620.0,SYNTHETIC
SYNTH,Lakeland Linder,1994-09-15,PRCP,4.0,SYNTHETIC
SYNTH,Tampa International,1994-09-15,TMAX,757.0,SYNTHETIC
SYNTH,Tampa International,1994-09-15,TMIN,561.0,SYNTHETIC
SYNTH,Tampa International,1994-09-15,PRCP,11.0,SYNTHETIC
SYNTH,Orlando Executive,1994-09-15,TMAX,894.0,SYNTHETIC
SYNTH,Orlando Executive,1994-09-15,TMIN,751.0,SYNTHETIC
SYNTH,Orlando Executive,1994-09-15,PRCP,6.0,SYNTHETIC
SYNTH,Sebring,1994-09-15,TMAX,729.0,SYNTHETIC
SYNTH,Sebring,1994-09-15,TMIN,608.0,SYNTHETIC
SYNTH,Sebring,1994-09-15,PRCP,5.0,SYNTHETIC
SYNTH,Lakeland Linder,1994-10-15,TMAX,722.0,SYNTHETIC
SYNTH,Lakeland Linder,1994-10-15,TMIN,707.0,SYNTHETIC
SYNTH,Lakeland Linder,1994-10-15,PRCP,1.0,SYNTHETIC
SYNTH,Tampa International,1994-10-15,TMAX,790.0,SYNTHETIC
SYNTH,Tampa International,1994-10-15,TMIN,706.0,SYNTHETIC
SYNTH,Tampa International,1994-10-15,PRCP,5.0,SYNTHETIC
SYNTH,Orlando Executive,1994-10-15,TMAX,791.0,SYNTHETIC
SYNTH,Orlando Executive,1994-10-15,TMIN,742.0,SYNTHETIC
SYNTH,Orlando Executive,1994-10-15,PRCP,2.0,SYNTHETIC
SYNTH,Sebring,1994-10-15,TMAX,869.0,SYNTHETIC
SYNTH,Sebring,1994-10-15,TMIN,697.0,SYNTHETIC
SYNTH,Sebring,1994-10-15,PRCP,1.0,SYNTHETIC
SYNTH,Lakeland Linder,1994-11-15,TMAX,846.0,SYNTHETIC
SYNTH,Lakeland Linder,1994-11-15,TMIN,549.0,SYNTHETIC
SYNTH,Lakeland Linder,1994-11-15,PRCP,7.0,SYNTHETIC
SYNTH,Tampa International,1994-11-15,TMAX,805.0,SYNTHETIC
SYNTH,Tampa International,1994-11-15,TMIN,608.0,SYNTHETIC
SYNTH,Tampa International,1994-11-15,PRCP,8.0,SYNTHETIC
SYNTH,Orlando Executive,1994-11-15,TMAX,763.0,SYNTHETIC
SYNTH,Orlando Executive,1994-11-15,TMIN,537.0,SYNTHETIC
SYNTH,Orlando Executive,1994-11-15,PRCP,4.0,SYNTHETIC
SYNTH,Sebring,1994-11-15,TMAX,868.0,SYNTHETIC
SYNTH,Sebring,1994-11-15,TMIN,547.0,SYNTHETIC
SYNTH,Sebring,1994-11-15,PRCP,11.0,SYNTHETIC
SYNTH,Lakeland Linder,1994-12-15,TMAX,653.0,SYNTHETIC
SYNTH,Lakeland Linder,1994-12-15,TMIN,785.0,SYNTHETIC
SYNTH,Lakeland Linder,1994-12-15,PRCP,4.0,SYNTHETIC
SYNTH,Tampa International,1994-12-15,TMAX,812.0,SYNTHETIC
SYNTH,Tampa International,1994-12-15,TMIN,606.0,SYNTHETIC
SYNTH,Tampa International,1994-12-15,PRCP,4.0,SYNTHETIC
SYNTH,Orlando Executive,1994-12-15,TMAX,816.0,SYNTHETIC
SYNTH,Orlando Executive,1994-12-15,TMIN,738.0,SYNTHETIC
SYNTH,Orlando Executive,1994-12-15,PRCP,3.0,SYNTHETIC
SYNTH,Sebring,1994-12-15,TMAX,832.0,SYNTHETIC
SYNTH,Sebring,1994-12-15,TMIN,620.0,SYNTHETIC
SYNTH,Sebring,1994-12-15,PRCP,2.0,SYNTHETIC
SYNTH,Lakeland Linder,1995-01-15,TMAX,844.0,SYNTHETIC
SYNTH,Lakeland Linder,1995-01-15,TMIN,513.0,SYNTHETIC
SYNTH,Lakeland Linder,1995-01-15,PRCP,3.0,SYNTHETIC
SYNTH,Tampa International,1995-01-15,TMAX,879.0,SYNTHETIC
SYNTH,Tampa International,1995-01-15,TMIN,663.0,SYNTHETIC
SYNTH,Tampa International,1995-01-15,PRCP,2.0,SYNTHETIC
SYNTH,Orlando Executive,1995-01-15,TMAX,821.0,SYNTHETIC
SYNTH,Orlando Executive,1995-01-15,TMIN,677.0,SYNTHETIC
SYNTH,Orlando Executive,1995-01-15,PRCP,0.0,SYNTHETIC
SYNTH,Sebring,1995-01-15,TMAX,757.0,SYNTHETIC
SYNTH,Sebring,1995-01-15,TMIN,665.0,SYNTHETIC
SYNTH,Sebring,1995-01-15,PRCP,1.0,SYNTHETIC
SYNTH,Lakeland Linder,1995-02-15,TMAX,852.0,SYNTHETIC
SYNTH,Lakeland Linder,1995-02-15,TMIN,513.0,SYNTHETIC
SYNTH,Lakeland Linder,1995-02-15,PRCP,8.0,SYNTHETIC
SYNTH,Tampa International,1995-02-15,TMAX,857.0,SYNTHETIC
SYNTH,Tampa International,1995-02-15,TMIN,670.0,SYNTHETIC
SYNTH,Tampa International,1995-02-15,PRCP,7.0,SYNTHETIC
SYNTH,Orlando Executive,1995-02-15,TMAX,953.0,SYNTHETIC
SYNTH,Orlando Executive,1995-02-15,TMIN,731.0,SYNTHETIC
SYNTH,Orlando Executive,1995-02-15,PRCP,6.0,SYNTHETIC
SYNTH,Sebring,1995-02-15,TMAX,717.0,SYNTHETIC
SYNTH,Sebring,1995-02-15,TMIN,600.0,SYNTHETIC
SYNTH,Sebring,1995-02-15,PRCP,3.0,SYNTHETIC
SYNTH,Lakeland Linder,1995-03-15,TMAX,861.0,SYNTHETIC
SYNTH,Lakeland Linder,1995-03-15,TMIN,591.0,SYNTHETIC
SYNTH,Lakeland Linder,1995-03-15,PRCP,3.0,SYNTHETIC
SYNTH,Tampa International,1995-03-15,TMAX,759.0,SYNTHETIC
SYNTH,Tampa International,1995-03-15,TMIN,601.0,SYNTHETIC
SYNTH,Tampa International,1995-03-15,PRCP,4.0,SYNTHETIC
SYNTH,Orlando Executive,1995-03-15,TMAX,746.0,SYNTHETIC
SYNTH,Orlando Executive,1995-03-15,TMIN,541.0,SYNTHETIC
SYNTH,Orlando Executive,1995-03-15,PRCP,1.0,SYNTHETIC
SYNTH,Sebring,1995-03-15,TMAX,904.0,SYNTHETIC
SYNTH,Sebring,1995-03-15,TMIN,574.0,SYNTHETIC
SYNTH,Sebring,1995-03-15,PRCP,16.0,SYNTHETIC
SYNTH,Lakeland Linder,1995-04-15,TMAX,859.0,SYNTHETIC
SYNTH,Lakeland Linder,1995-04-15,TMIN,664.0,SYNTHETIC
SYNTH,Lakeland Linder,1995-04-15,PRCP,1.0,SYNTHETIC
SYNTH,Tampa International,1995-04-15,TMAX,876.0,SYNTHETIC
SYNTH,Tampa International,1995-04-15,TMIN,603.0,SYNTHETIC
SYNTH,Tampa International,1995-04-15,PRCP,3.0,SYNTHETIC
SYNTH,Orlando Executive,1995-04-15,TMAX,1024.0,SYNTHETIC
SYNTH,Orlando Executive,1995-04-15,TMIN,642.0,SYNTHETIC
SYNTH,Orlando Executive,1995-04-15,PRCP,8.0,SYNTHETIC
SYNTH,Sebring,1995-04-15,TMAX,763.0,SYNTHETIC
SYNTH,Sebring,1995-04-15,TMIN,647.0,SYNTHETIC
SYNTH,Sebring,1995-04-15,PRCP,11.0,SYNTHETIC
SYNTH,Lakeland Linder,1995-05-15,TMAX,769.0,SYNTHETIC
SYNTH,Lakeland Linder,1995-05-15,TMIN,794.0,SYNTHETIC
SYNTH,Lakeland Linder,1995-05-15,PRCP,6.0,SYNTHETIC
SYNTH,Tampa International,1995-05-15,TMAX,775.0,SYNTHETIC
SYNTH,Tampa International,1995-05-15,TMIN,700.0,SYNTHETIC
SYNTH,Tampa International,1995-05-15,PRCP,7.0,SYNTHETIC
SYNTH,Orlando Executive,1995-05-15,TMAX,869.0,SYNTHETIC
SYNTH,Orlando Executive,1995-05-15,TMIN,524.0,SYNTHETIC
SYNTH,Orlando Executive,1995-05-15,PRCP,0.0,SYNTHETIC
SYNTH,Sebring,1995-05-15,TMAX,800.0,SYNTHETIC
SYNTH,Sebring,1995-05-15,TMIN,644.0,SYNTHETIC
SYNTH,Sebring,1995-05-15,PRCP,6.0,SYNTHETIC
SYNTH,Lakeland Linder,1995-06-15,TMAX,834.0,SYNTHETIC
SYNTH,Lakeland Linder,1995-06-15,TMIN,543.0,SYNTHETIC
SYNTH,Lakeland Linder,1995-06-15,PRCP,4.0,SYNTHETIC
SYNTH,Tampa International,1995-06-15,TMAX,868.0,SYNTHETIC
SYNTH,Tampa International,1995-06-15,TMIN,694.0,SYNTHETIC
SYNTH,Tampa International,1995-06-15,PRCP,8.0,SYNTHETIC
SYNTH,Orlando Executive,1995-06-15,TMAX,886.0,SYNTHETIC
SYNTH,Orlando Executive,1995-06-15,TMIN,686.0,SYNTHETIC
SYNTH,Orlando Executive,1995-06-15,PRCP,2.0,SYNTHETIC
SYNTH,Sebring,1995-06-15,TMAX,687.0,SYNTHETIC
SYNTH,Sebring,1995-06-15,TMIN,684.0,SYNTHETIC
SYNTH,Sebring,1995-06-15,PRCP,4.0,SYNTHETIC
SYNTH,Lakeland Linder,1995-07-15,TMAX,841.0,SYNTHETIC
SYNTH,Lakeland Linder,1995-07-15,TMIN,547.0,SYNTHETIC
SYNTH,Lakeland Linder,1995-07-15,PRCP,2.0,SYNTHETIC
SYNTH,Tampa International,1995-07-15,TMAX,904.0,SYNTHETIC
SYNTH,Tampa International,1995-07-15,TMIN,646.0,SYNTHETIC
SYNTH,Tampa International,1995-07-15,PRCP,6.0,SYNTHETIC
SYNTH,Orlando Executive,1995-07-15,TMAX,822.0,SYNTHETIC
SYNTH,Orlando Executive,1995-07-15,TMIN,652.0,SYNTHETIC
SYNTH,Orlando Executive,1995-07-15,PRCP,7.0,SYNTHETIC
SYNTH,Sebring,1995-07-15,TMAX,778.0,SYNTHETIC
SYNTH,Sebring,1995-07-15,TMIN,657.0,SYNTHETIC
SYNTH,Sebring,1995-07-15,PRCP,0.0,SYNTHETIC
SYNTH,Lakeland Linder,1995-08-15,TMAX,785.0,SYNTHETIC
SYNTH,Lakeland Linder,1995-08-15,TMIN,625.0,SYNTHETIC
SYNTH,Lakeland Linder,1995-08-15,PRCP,4.0,SYNTHETIC
SYNTH,Tampa International,1995-08-15,TMAX,781.0,SYNTHETIC
SYNTH,Tampa International,1995-08-15,TMIN,750.0,SYNTHETIC
SYNTH,Tampa International,1995-08-15,PRCP,1.0,SYNTHETIC
SYNTH,Orlando Executive,1995-08-15,TMAX,805.0,SYNTHETIC
SYNTH,Orlando Executive,1995-08-15,TMIN,614.0,SYNTHETIC
SYNTH,Orlando Executive,1995-08-15,PRCP,10.0,SYNTHETIC
SYNTH,Sebring,1995-08-15,TMAX,835.0,SYNTHETIC
SYNTH,Sebring,1995-08-15,TMIN,732.0,SYNTHETIC
SYNTH,Sebring,1995-08-15,PRCP,4.0,SYNTHETIC
SYNTH,Lakeland Linder,1995-09-15,TMAX,841.0,SYNTHETIC
SYNTH,Lakeland Linder,1995-09-15,TMIN,721.0,SYNTHETIC
SYNTH,Lakeland Linder,1995-09-15,PRCP,3.0,SYNTHETIC
SYNTH,Tampa International,1995-09-15,TMAX,905.0,SYNTHETIC
SYNTH,Tampa International,1995-09-15,TMIN,608.0,SYNTHETIC
SYNTH,Tampa International,1995-09-15,PRCP,10.0,SYNTHETIC
SYNTH,Orlando Executive,1995-09-15,TMAX,1003.0,SYNTHETIC
SYNTH,Orlando Executive,1995-09-15,TMIN,620.0,SYNTHETIC
SYNTH,Orlando Executive,1995-09-15,PRCP,0.0,SYNTHETIC
SYNTH,Sebring,1995-09-15,TMAX,936.0,SYNTHETIC
SYNTH,Sebring,1995-09-15,TMIN,776.0,SYNTHETIC
SYNTH,Sebring,1995-09-15,PRCP,0.0,SYNTHETIC
SYNTH,Lakeland Linder,1995-10-15,TMAX,786.0,SYNTHETIC
SYNTH,Lakeland Linder,1995-10-15,TMIN,627.0,SYNTHETIC
SYNTH,Lakeland Linder,1995-10-15,PRCP,3.0,SYNTHETIC
SYNTH,Tampa International,1995-10-15,TMAX,746.0,SYNTHETIC
SYNTH,Tampa International,1995-10-15,TMIN,569.0,SYNTHETIC
SYNTH,Tampa International,1995-10-15,PRCP,0.0,SYNTHETIC
SYNTH,Orlando Executive,1995-10-15,TMAX,817.0,SYNTHETIC
SYNTH,Orlando Executive,1995-10-15,TMIN,668.0,SYNTHETIC
SYNTH,Orlando Executive,1995-10-15,PRCP,10.0,SYNTHETIC
SYNTH,Sebring,1995-10-15,TMAX,740.0,SYNTHETIC
SYNTH,Sebring,1995-10-15,TMIN,728.0,SYNTHETIC
SYNTH,Sebring,1995-10-15,PRCP,1.0,SYNTHETIC
SYNTH,Lakeland Linder,1995-11-15,TMAX,816.0,SYNTHETIC
SYNTH,Lakeland Linder,1995-11-15,TMIN,703.0,SYNTHETIC
SYNTH,Lakeland Linder,1995-11-15,PRCP,2.0,SYNTHETIC
SYNTH,Tampa International,1995-11-15,TMAX,850.0,SYNTHETIC
SYNTH,Tampa International,1995-11-15,TMIN,663.0,SYNTHETIC
SYNTH,Tampa International,1995-11-15,PRCP,5.0,SYNTHETIC
SYNTH,Orlando Executive,1995-11-15,TMAX,843.0,SYNTHETIC
SYNTH,Orlando Executive,1995-11-15,TMIN,846.0,SYNTHETIC
SYNTH,Orlando Executive,1995-11-15,PRCP,0.0,SYNTHETIC
SYNTH,Sebring,1995-11-15,TMAX,777.0,SYNTHETIC
SYNTH,Sebring,1995-11-15,TMIN,600.0,SYNTHETIC
SYNTH,Sebring,1995-11-15,PRCP,0.0,SYNTHETIC
SYNTH,Lakeland Linder,1995-12-15,TMAX,769.0,SYNTHETIC
SYNTH,Lakeland Linder,1995-12-15,TMIN,745.0,SYNTHETIC
SYNTH,Lakeland Linder,1995-12-15,PRCP,10.0,SYNTHETIC
SYNTH,Tampa International,1995-12-15,TMAX,774.0,SYNTHETIC
SYNTH,Tampa International,1995-12-15,TMIN,583.0,SYNTHETIC
SYNTH,Tampa International,1995-12-15,PRCP,5.0,SYNTHETIC
SYNTH,Orlando Executive,1995-12-15,TMAX,775.0,SYNTHETIC
SYNTH,Orlando Executive,1995-12-15,TMIN,700.0,SYNTHETIC
SYNTH,Orlando Executive,1995-12-15,PRCP,4.0,SYNTHETIC
SYNTH,Sebring,1995-12-15,TMAX,698.0,SYNTHETIC
SYNTH,Sebring,1995-12-15,TMIN,773.0,SYNTHETIC
SYNTH,Sebring,1995-12-15,PRCP,11.0,SYNTHETIC
SYNTH,Lakeland Linder,1996-01-15,TMAX,770.0,SYNTHETIC
SYNTH,Lakeland Linder,1996-01-15,TMIN,618.0,SYNTHETIC
SYNTH,Lakeland Linder,1996-01-15,PRCP,4.0,SYNTHETIC
SYNTH,Tampa International,1996-01-15,TMAX,846.0,SYNTHETIC
SYNTH,Tampa International,1996-01-15,TMIN,702.0,SYNTHETIC
SYNTH,Tampa International,1996-01-15,PRCP,13.0,SYNTHETIC
SYNTH,Orlando Executive,1996-01-15,TMAX,805.0,SYNTHETIC
SYNTH,Orlando Executive,1996-01-15,TMIN,586.0,SYNTHETIC
SYNTH,Orlando Executive,1996-01-15,PRCP,3.0,SYNTHETIC
SYNTH,Sebring,1996-01-15,TMAX,761.0,SYNTHETIC
SYNTH,Sebring,1996-01-15,TMIN,647.0,SYNTHETIC
SYNTH,Sebring,1996-01-15,PRCP,11.0,SYNTHETIC
SYNTH,Lakeland Linder,1996-02-15,TMAX,778.0,SYNTHETIC
SYNTH,Lakeland Linder,1996-02-15,TMIN,667.0,SYNTHETIC
SYNTH,Lakeland Linder,1996-02-15,PRCP,2.0,SYNTHETIC
SYNTH,Tampa International,1996-02-15,TMAX,915.0,SYNTHETIC
SYNTH,Tampa International,1996-02-15,TMIN,852.0,SYNTHETIC
SYNTH,Tampa International,1996-02-15,PRCP,0.0,SYNTHETIC
SYNTH,Orlando Executive,1996-02-15,TMAX,780.0,SYNTHETIC
SYNTH,Orlando Executive,1996-02-15,TMIN,733.0,SYNTHETIC
SYNTH,Orlando Executive,1996-02-15,PRCP,6.0,SYNTHETIC
SYNTH,Sebring,1996-02-15,TMAX,967.0,SYNTHETIC
SYNTH,Sebring,1996-02-15,TMIN,696.0,SYNTHETIC
SYNTH,Sebring,1996-02-15,PRCP,1.0,SYNTHETIC
SYNTH,Lakeland Linder,1996-03-15,TMAX,867.0,SYNTHETIC
SYNTH,Lakeland Linder,1996-03-15,TMIN,738.0,SYNTHETIC
SYNTH,Lakeland Linder,1996-03-15,PRCP,7.0,SYNTHETIC
SYNTH,Tampa International,1996-03-15,TMAX,860.0,SYNTHETIC
SYNTH,Tampa International,1996-03-15,TMIN,735.0,SYNTHETIC
SYNTH,Tampa International,1996-03-15,PRCP,8.0,SYNTHETIC
SYNTH,Orlando Executive,1996-03-15,TMAX,930.0,SYNTHETIC
SYNTH,Orlando Executive,1996-03-15,TMIN,701.0,SYNTHETIC
SYNTH,Orlando Executive,1996-03-15,PRCP,2.0,SYNTHETIC
SYNTH,Sebring,1996-03-15,TMAX,831.0,SYNTHETIC
SYNTH,Sebring,1996-03-15,TMIN,746.0,SYNTHETIC
SYNTH,Sebring,1996-03-15,PRCP,1.0,SYNTHETIC
SYNTH,Lakeland Linder,1996-04-15,TMAX,849.0,SYNTHETIC
SYNTH,Lakeland Linder,1996-04-15,TMIN,618.0,SYNTHETIC
SYNTH,Lakeland Linder,1996-04-15,PRCP,3.0,SYNTHETIC
SYNTH,Tampa International,1996-04-15,TMAX,922.0,SYNTHETIC
SYNTH,Tampa International,1996-04-15,TMIN,665.0,SYNTHETIC
SYNTH,Tampa International,1996-04-15,PRCP,3.0,SYNTHETIC
SYNTH,Orlando Executive,1996-04-15,TMAX,711.0,SYNTHETIC
SYNTH,Orlando Executive,1996-04-15,TMIN,709.0,SYNTHETIC
SYNTH,Orlando Executive,1996-04-15,PRCP,6.0,SYNTHETIC
SYNTH,Sebring,1996-04-15,TMAX,993.0,SYNTHETIC
SYNTH,Sebring,1996-04-15,TMIN,625.0,SYNTHETIC
SYNTH,Sebring,1996-04-15,PRCP,4.0,SYNTHETIC
SYNTH,Lakeland Linder,1996-05-15,TMAX,839.0,SYNTHETIC
SYNTH,Lakeland Linder,1996-05-15,TMIN,776.0,SYNTHETIC
SYNTH,Lakeland Linder,1996-05-15,PRCP,2.0,SYNTHETIC
SYNTH,Tampa International,1996-05-15,TMAX,842.0,SYNTHETIC
SYNTH,Tampa International,1996-05-15,TMIN,698.0,SYNTHETIC
SYNTH,Tampa International,1996-05-15,PRCP,3.0,SYNTHETIC
SYNTH,Orlando Executive,1996-05-15,TMAX,784.0,SYNTHETIC
SYNTH,Orlando Executive,1996-05-15,TMIN,665.0,SYNTHETIC
SYNTH,Orlando Executive,1996-05-15,PRCP,8.0,SYNTHETIC
SYNTH,Sebring,1996-05-15,TMAX,737.0,SYNTHETIC
SYNTH,Sebring,1996-05-15,TMIN,660.0,SYNTHETIC
SYNTH,Sebring,1996-05-15,PRCP,0.0,SYNTHETIC
SYNTH,Lakeland Linder,1996-06-15,TMAX,915.0,SYNTHETIC
SYNTH,Lakeland Linder,1996-06-15,TMIN,528.0,SYNTHETIC
SYNTH,Lakeland Linder,1996-06-15,PRCP,0.0,SYNTHETIC
SYNTH,Tampa International,1996-06-15,TMAX,850.0,SYNTHETIC
SYNTH,Tampa International,1996-06-15,TMIN,775.0,SYNTHETIC
SYNTH,Tampa International,1996-06-15,PRCP,2.0,SYNTHETIC
SYNTH,Orlando Executive,1996-06-15,TMAX,775.0,SYNTHETIC
SYNTH,Orlando Executive,1996-06-15,TMIN,800.0,SYNTHETIC
SYNTH,Orlando Executive,1996-06-15,PRCP,4.0,SYNTHETIC
SYNTH,Sebring,1996-06-15,TMAX,644.0,SYNTHETIC
SYNTH,Sebring,1996-06-15,TMIN,685.0,SYNTHETIC
SYNTH,Sebring,1996-06-15,PRCP,0.0,SYNTHETIC
SYNTH,Lakeland Linder,1996-07-15,TMAX,738.0,SYNTHETIC
SYNTH,Lakeland Linder,1996-07-15,TMIN,706.0,SYNTHETIC
SYNTH,Lakeland Linder,1996-07-15,PRCP,4.0,SYNTHETIC
SYNTH,Tampa International,1996-07-15,TMAX,774.0,SYNTHETIC
SYNTH,Tampa International,1996-07-15,TMIN,547.0,SYNTHETIC
SYNTH,Tampa International,1996-07-15,PRCP,7.0,SYNTHETIC
SYNTH,Orlando Executive,1996-07-15,TMAX,872.0,SYNTHETIC
SYNTH,Orlando Executive,1996-07-15,TMIN,642.0,SYNTHETIC
SYNTH,Orlando Executive,1996-07-15,PRCP,12.0,SYNTHETIC
SYNTH,Sebring,1996-07-15,TMAX,734.0,SYNTHETIC
SYNTH,Sebring,1996-07-15,TMIN,527.0,SYNTHETIC
SYNTH,Sebring,1996-07-15,PRCP,0.0,SYNTHETIC
SYNTH,Lakeland Linder,1996-08-15,TMAX,816.0,SYNTHETIC
SYNTH,Lakeland Linder,1996-08-15,TMIN,669.0,SYNTHETIC
SYNTH,Lakeland Linder,1996-08-15,PRCP,1.0,SYNTHETIC
SYNTH,Tampa International,1996-08-15,TMAX,848.0,SYNTHETIC
SYNTH,Tampa International,1996-08-15,TMIN,549.0,SYNTHETIC
SYNTH,Tampa International,1996-08-15,PRCP,10.0,SYNTHETIC
SYNTH,Orlando Executive,1996-08-15,TMAX,813.0,SYNTHETIC
SYNTH,Orlando Executive,1996-08-15,TMIN,739.0,SYNTHETIC
SYNTH,Orlando Executive,1996-08-15,PRCP,4.0,SYNTHETIC
SYNTH,Sebring,1996-08-15,TMAX,856.0,SYNTHETIC
SYNTH,Sebring,1996-08-15,TMIN,695.0,SYNTHETIC
SYNTH,Sebring,1996-08-15,PRCP,5.0,SYNTHETIC
SYNTH,Lakeland Linder,1996-09-15,TMAX,871.0,SYNTHETIC
SYNTH,Lakeland Linder,1996-09-15,TMIN,756.0,SYNTHETIC
SYNTH,Lakeland Linder,1996-09-15,PRCP,3.0,SYNTHETIC
SYNTH,Tampa International,1996-09-15,TMAX,876.0,SYNTHETIC
SYNTH,Tampa International,1996-09-15,TMIN,642.0,SYNTHETIC
SYNTH,Tampa International,1996-09-15,PRCP,10.0,SYNTHETIC
SYNTH,Orlando Executive,1996-09-15,TMAX,765.0,SYNTHETIC
SYNTH,Orlando Executive,1996-09-15,TMIN,794.0,SYNTHETIC
SYNTH,Orlando Executive,1996-09-15,PRCP,2.0,SYNTHETIC
SYNTH,Sebring,1996-09-15,TMAX,705.0,SYNTHETIC
SYNTH,Sebring,1996-09-15,TMIN,660.0,SYNTHETIC
SYNTH,Sebring,1996-09-15,PRCP,0.0,SYNTHETIC
SYNTH,Lakeland Linder,1996-10-15,TMAX,887.0,SYNTHETIC
SYNTH,Lakeland Linder,1996-10-15,TMIN,597.0,SYNTHETIC
SYNTH,Lakeland Linder,1996-10-15,PRCP,0.0,SYNTHETIC
SYNTH,Tampa International,1996-10-15,TMAX,668.0,SYNTHETIC
SYNTH,Tampa International,1996-10-15,TMIN,613.0,SYNTHETIC
SYNTH,Tampa International,1996-10-15,PRCP,9.0,SYNTHETIC
SYNTH,Orlando Executive,1996-10-15,TMAX,693.0,SYNTHETIC
SYNTH,Orlando Executive,1996-10-15,TMIN,710.0,SYNTHETIC
SYNTH,Orlando Executive,1996-10-15,PRCP,6.0,SYNTHETIC
SYNTH,Sebring,1996-10-15,TMAX,854.0,SYNTHETIC
SYNTH,Sebring,1996-10-15,TMIN,572.0,SYNTHETIC
SYNTH,Sebring,1996-10-15,PRCP,2.0,SYNTHETIC
SYNTH,Lakeland Linder,1996-11-15,TMAX,819.0,SYNTHETIC
SYNTH,Lakeland Linder,1996-11-15,TMIN,557.0,SYNTHETIC
SYNTH,Lakeland Linder,1996-11-15,PRCP,10.0,SYNTHETIC
SYNTH,Tampa International,1996-11-15,TMAX,890.0,SYNTHETIC
SYNTH,Tampa International,1996-11-15,TMIN,632.0,SYNTHETIC
SYNTH,Tampa International,1996-11-15,PRCP,3.0,SYNTHETIC
SYNTH,Orlando Executive,1996-11-15,TMAX,836.0,SYNTHETIC
SYNTH,Orlando Executive,1996-11-15,TMIN,486.0,SYNTHETIC
SYNTH,Orlando Executive,1996-11-15,PRCP,1.0,SYNTHETIC
SYNTH,Sebring,1996-11-15,TMAX,765.0,SYNTHETIC
SYNTH,Sebring,1996-11-15,TMIN,569.0,SYNTHETIC
SYNTH,Sebring,1996-11-15,PRCP,1.0,SYNTHETIC
SYNTH,Lakeland Linder,1996-12-15,TMAX,963.0,SYNTHETIC
SYNTH,Lakeland Linder,1996-12-15,TMIN,701.0,SYNTHETIC
SYNTH,Lakeland Linder,1996-12-15,PRCP,0.0,SYNTHETIC
SYNTH,Tampa International,1996-12-15,TMAX,865.0,SYNTHETIC
SYNTH,Tampa International,1996-12-15,TMIN,761.0,SYNTHETIC
SYNTH,Tampa International,1996-12-15,PRCP,7.0,SYNTHETIC
SYNTH,Orlando Executive,1996-12-15,TMAX,824.0,SYNTHETIC
SYNTH,Orlando Executive,1996-12-15,TMIN,598.0,SYNTHETIC
SYNTH,Orlando Executive,1996-12-15,PRCP,6.0,SYNTHETIC
SYNTH,Sebring,1996-12-15,TMAX,851.0,SYNTHETIC
SYNTH,Sebring,1996-12-15,TMIN,721.0,SYNTHETIC
SYNTH,Sebring,1996-12-15,PRCP,6.0,SYNTHETIC
SYNTH,Lakeland Linder,1997-01-15,TMAX,903.0,SYNTHETIC
SYNTH,Lakeland Linder,1997-01-15,TMIN,607.0,SYNTHETIC
SYNTH,Lakeland Linder,1997-01-15,PRCP,9.0,SYNTHETIC
SYNTH,Tampa International,1997-01-15,TMAX,835.0,SYNTHETIC
SYNTH,Tampa International,1997-01-15,TMIN,816.0,SYNTHETIC
SYNTH,Tampa International,1997-01-15,PRCP,0.0,SYNTHETIC
SYNTH,Orlando Executive,1997-01-15,TMAX,958.0,SYNTHETIC
SYNTH,Orlando Executive,1997-01-15,TMIN,665.0,SYNTHETIC
SYNTH,Orlando Executive,1997-01-15,PRCP,0.0,SYNTHETIC
SYNTH,Sebring,1997-01-15,TMAX,781.0,SYNTHETIC
SYNTH,Sebring,1997-01-15,TMIN,624.0,SYNTHETIC
SYNTH,Sebring,1997-01-15,PRCP,5.0,SYNTHETIC
SYNTH,Lakeland Linder,1997-02-15,TMAX,861.0,SYNTHETIC
SYNTH,Lakeland Linder,1997-02-15,TMIN,604.0,SYNTHETIC
SYNTH,Lakeland Linder,1997-02-15,PRCP,2.0,SYNTHETIC
SYNTH,Tampa International,1997-02-15,TMAX,991.0,SYNTHETIC
SYNTH,Tampa International,1997-02-15,TMIN,788.0,SYNTHETIC
SYNTH,Tampa International,1997-02-15,PRCP,5.0,SYNTHETIC
SYNTH,Orlando Executive,1997-02-15,TMAX,823.0,SYNTHETIC
SYNTH,Orlando Executive,1997-02-15,TMIN,659.0,SYNTHETIC
SYNTH,Orlando Executive,1997-02-15,PRCP,6.0,SYNTHETIC
SYNTH,Sebring,1997-02-15,TMAX,738.0,SYNTHETIC
SYNTH,Sebring,1997-02-15,TMIN,629.0,SYNTHETIC
SYNTH,Sebring,1997-02-15,PRCP,5.0,SYNTHETIC
SYNTH,Lakeland Linder,1997-03-15,TMAX,851.0,SYNTHETIC
SYNTH,Lakeland Linder,1997-03-15,TMIN,701.0,SYNTHETIC
SYNTH,Lakeland Linder,1997-03-15,PRCP,0.0,SYNTHETIC
SYNTH,Tampa International,1997-03-15,TMAX,945.0,SYNTHETIC
SYNTH,Tampa International,1997-03-15,TMIN,551.0,SYNTHETIC
SYNTH,Tampa International,1997-03-15,PRCP,4.0,SYNTHETIC
SYNTH,Orlando Executive,1997-03-15,TMAX,837.0,SYNTHETIC
SYNTH,Orlando Executive,1997-03-15,TMIN,733.0,SYNTHETIC
SYNTH,Orlando Executive,1997-03-15,PRCP,11.0,SYNTHETIC
SYNTH,Sebring,1997-03-15,TMAX,783.0,SYNTHETIC
SYNTH,Sebring,1997-03-15,TMIN,736.0,SYNTHETIC
SYNTH,Sebring,1997-03-15,PRCP,2.0,SYNTHETIC
SYNTH,Lakeland Linder,1997-04-15,TMAX,806.0,SYNTHETIC
SYNTH,Lakeland Linder,1997-04-15,TMIN,720.0,SYNTHETIC
SYNTH,Lakeland Linder,1997-04-15,PRCP,6.0,SYNTHETIC
SYNTH,Tampa International,1997-04-15,TMAX,693.0,SYNTHETIC
SYNTH,Tampa International,1997-04-15,TMIN,768.0,SYNTHETIC
SYNTH,Tampa International,1997-04-15,PRCP,9.0,SYNTHETIC
SYNTH,Orlando Executive,1997-04-15,TMAX,769.0,SYNTHETIC
SYNTH,Orlando Executive,1997-04-15,TMIN,681.0,SYNTHETIC
SYNTH,Orlando Executive,1997-04-15,PRCP,5.0,SYNTHETIC
SYNTH,Sebring,1997-04-15,TMAX,840.0,SYNTHETIC
SYNTH,Sebring,1997-04-15,TMIN,605.0,SYNTHETIC
SYNTH,Sebring,1997-04-15,PRCP,0.0,SYNTHETIC
SYNTH,Lakeland Linder,1997-05-15,TMAX,817.0,SYNTHETIC
SYNTH,Lakeland Linder,1997-05-15,TMIN,743.0,SYNTHETIC
SYNTH,Lakeland Linder,1997-05-15,PRCP,5.0,SYNTHETIC
SYNTH,Tampa International,1997-05-15,TMAX,790.0,SYNTHETIC
SYNTH,Tampa International,1997-05-15,TMIN,711.0,SYNTHETIC
SYNTH,Tampa International,1997-05-15,PRCP,11.0,SYNTHETIC
SYNTH,Orlando Executive,1997-05-15,TMAX,911.0,SYNTHETIC
SYNTH,Orlando Executive,1997-05-15,TMIN,510.0,SYNTHETIC
SYNTH,Orlando Executive,1997-05-15,PRCP,1.0,SYNTHETIC
SYNTH,Sebring,1997-05-15,TMAX,730.0,SYNTHETIC
SYNTH,Sebring,1997-05-15,TMIN,546.0,SYNTHETIC
SYNTH,Sebring,1997-05-15,PRCP,8.0,SYNTHETIC
SYNTH,Lakeland Linder,1997-06-15,TMAX,782.0,SYNTHETIC
SYNTH,Lakeland Linder,1997-06-15,TMIN,677.0,SYNTHETIC
SYNTH,Lakeland Linder,1997-06-15,PRCP,2.0,SYNTHETIC
SYNTH,Tampa International,1997-06-15,TMAX,858.0,SYNTHETIC
SYNTH,Tampa International,1997-06-15,TMIN,656.0,SYNTHETIC
SYNTH,Tampa International,1997-06-15,PRCP,3.0,SYNTHETIC
SYNTH,Orlando Executive,1997-06-15,TMAX,899.0,SYNTHETIC
SYNTH,Orlando Executive,1997-06-15,TMIN,610.0,SYNTHETIC
SYNTH,Orlando Executive,1997-06-15,PRCP,4.0,SYNTHETIC
SYNTH,Sebring,1997-06-15,TMAX,785.0,SYNTHETIC
SYNTH,Sebring,1997-06-15,TMIN,770.0,SYNTHETIC
SYNTH,Sebring,1997-06-15,PRCP,7.0,SYNTHETIC
SYNTH,Lakeland Linder,1997-07-15,TMAX,792.0,SYNTHETIC
SYNTH,Lakeland Linder,1997-07-15,TMIN,622.0,SYNTHETIC
SYNTH,Lakeland Linder,1997-07-15,PRCP,1.0,SYNTHETIC
SYNTH,Tampa International,1997-07-15,TMAX,986.0,SYNTHETIC
SYNTH,Tampa International,1997-07-15,TMIN,680.0,SYNTHETIC
SYNTH,Tampa International,1997-07-15,PRCP,5.0,SYNTHETIC
SYNTH,Orlando Executive,1997-07-15,TMAX,902.0,SYNTHETIC
SYNTH,Orlando Executive,1997-07-15,TMIN,669.0,SYNTHETIC
SYNTH,Orlando Executive,1997-07-15,PRCP,1.0,SYNTHETIC
SYNTH,Sebring,1997-07-15,TMAX,804.0,SYNTHETIC
SYNTH,Sebring,1997-07-15,TMIN,644.0,SYNTHETIC
SYNTH,Sebring,1997-07-15,PRCP,2.0,SYNTHETIC
SYNTH,Lakeland Linder,1997-08-15,TMAX,878.0,SYNTHETIC
SYNTH,Lakeland Linder,1997-08-15,TMIN,654.0,SYNTHETIC
SYNTH,Lakeland Linder,1997-08-15,PRCP,6.0,SYNTHETIC
SYNTH,Tampa International,1997-08-15,TMAX,813.0,SYNTHETIC
SYNTH,Tampa International,1997-08-15,TMIN,656.0,SYNTHETIC
SYNTH,Tampa International,1997-08-15,PRCP,6.0,SYNTHETIC
SYNTH,Orlando Executive,1997-08-15,TMAX,893.0,SYNTHETIC
SYNTH,Orlando Executive,1997-08-15,TMIN,677.0,SYNTHETIC
SYNTH,Orlando Executive,1997-08-15,PRCP,7.0,SYNTHETIC
SYNTH,Sebring,1997-08-15,TMAX,588.0,SYNTHETIC
SYNTH,Sebring,1997-08-15,TMIN,817.0,SYNTHETIC
SYNTH,Sebring,1997-08-15,PRCP,2.0,SYNTHETIC
SYNTH,Lakeland Linder,1997-09-15,TMAX,908.0,SYNTHETIC
SYNTH,Lakeland Linder,1997-09-15,TMIN,566.0,SYNTHETIC
SYNTH,Lakeland Linder,1997-09-15,PRCP,6.0,SYNTHETIC
SYNTH,Tampa International,1997-09-15,TMAX,735.0,SYNTHETIC
SYNTH,Tampa International,1997-09-15,TMIN,600.0,SYNTHETIC
SYNTH,Tampa International,1997-09-15,PRCP,12.0,SYNTHETIC
SYNTH,Orlando Executive,1997-09-15,TMAX,804.0,SYNTHETIC
SYNTH,Orlando Executive,1997-09-15,TMIN,667.0,SYNTHETIC
SYNTH,Orlando Executive,1997-09-15,PRCP,7.0,SYNTHETIC
SYNTH,Sebring,1997-09-15,TMAX,859.0,SYNTHETIC
SYNTH,Sebring,1997-09-15,TMIN,662.0,SYNTHETIC
SYNTH,Sebring,1997-09-15,PRCP,4.0,SYNTHETIC
SYNTH,Lakeland Linder,1997-10-15,TMAX,1012.0,SYNTHETIC
SYNTH,Lakeland Linder,1997-10-15,TMIN,645.0,SYNTHETIC
SYNTH,Lakeland Linder,1997-10-15,PRCP,4.0,SYNTHETIC
SYNTH,Tampa International,1997-10-15,TMAX,904.0,SYNTHETIC
SYNTH,Tampa International,1997-10-15,TMIN,738.0,SYNTHETIC
SYNTH,Tampa International,1997-10-15,PRCP,8.0,SYNTHETIC
SYNTH,Orlando Executive,1997-10-15,TMAX,871.0,SYNTHETIC
SYNTH,Orlando Executive,1997-10-15,TMIN,558.0,SYNTHETIC
SYNTH,Orlando Executive,1997-10-15,PRCP,11.0,SYNTHETIC
SYNTH,Sebring,1997-10-15,TMAX,728.0,SYNTHETIC
SYNTH,Sebring,1997-10-15,TMIN,674.0,SYNTHETIC
SYNTH,Sebring,1997-10-15,PRCP,0.0,SYNTHETIC
SYNTH,Lakeland Linder,1997-11-15,TMAX,814.0,SYNTHETIC
SYNTH,Lakeland Linder,1997-11-15,TMIN,676.0,SYNTHETIC
SYNTH,Lakeland Linder,1997-11-15,PRCP,4.0,SYNTHETIC
SYNTH,Tampa International,1997-11-15,TMAX,853.0,SYNTHETIC
SYNTH,Tampa International,1997-11-15,TMIN,779.0,SYNTHETIC
SYNTH,Tampa International,1997-11-15,PRCP,5.0,SYNTHETIC
SYNTH,Orlando Executive,1997-11-15,TMAX,800.0,SYNTHETIC
SYNTH,Orlando Executive,1997-11-15,TMIN,727.0,SYNTHETIC
SYNTH,Orlando Executive,1997-11-15,PRCP,8.0,SYNTHETIC
SYNTH,Sebring,1997-11-15,TMAX,721.0,SYNTHETIC
SYNTH,Sebring,1997-11-15,TMIN,697.0,SYNTHETIC
SYNTH,Sebring,1997-11-15,PRCP,6.0,SYNTHETIC
SYNTH,Lakeland Linder,1997-12-15,TMAX,796.0,SYNTHETIC
SYNTH,Lakeland Linder,1997-12-15,TMIN,760.0,SYNTHETIC
SYNTH,Lakeland Linder,1997-12-15,PRCP,2.0,SYNTHETIC
SYNTH,Tampa International,1997-12-15,TMAX,830.0,SYNTHETIC
SYNTH,Tampa International,1997-12-15,TMIN,636.0,SYNTHETIC
SYNTH,Tampa International,1997-12-15,PRCP,3.0,SYNTHETIC
SYNTH,Orlando Executive,1997-12-15,TMAX,732.0,SYNTHETIC
SYNTH,Orlando Executive,1997-12-15,TMIN,534.0,SYNTHETIC
SYNTH,Orlando Executive,1997-12-15,PRCP,10.0,SYNTHETIC
SYNTH,Sebring,1997-12-15,TMAX,752.0,SYNTHETIC
SYNTH,Sebring,1997-12-15,TMIN,570.0,SYNTHETIC
SYNTH,Sebring,1997-12-15,PRCP,7.0,SYNTHETIC
SYNTH,Lakeland Linder,1998-01-15,TMAX,768.0,SYNTHETIC
SYNTH,Lakeland Linder,1998-01-15,TMIN,544.0,SYNTHETIC
SYNTH,Lakeland Linder,1998-01-15,PRCP,11.0,SYNTHETIC
SYNTH,Tampa International,1998-01-15,TMAX,900.0,SYNTHETIC
SYNTH,Tampa International,1998-01-15,TMIN,594.0,SYNTHETIC
SYNTH,Tampa International,1998-01-15,PRCP,14.0,SYNTHETIC
SYNTH,Orlando Executive,1998-01-15,TMAX,898.0,SYNTHETIC
SYNTH,Orlando Executive,1998-01-15,TMIN,624.0,SYNTHETIC
SYNTH,Orlando Executive,1998-01-15,PRCP,9.0,SYNTHETIC
SYNTH,Sebring,1998-01-15,TMAX,1003.0,SYNTHETIC
SYNTH,Sebring,1998-01-15,TMIN,538.0,SYNTHETIC
SYNTH,Sebring,1998-01-15,PRCP,5.0,SYNTHETIC
SYNTH,Lakeland Linder,1998-02-15,TMAX,901.0,SYNTHETIC
SYNTH,Lakeland Linder,1998-02-15,TMIN,845.0,SYNTHETIC
SYNTH,Lakeland Linder,1998-02-15,PRCP,9.0,SYNTHETIC
SYNTH,Tampa International,1998-02-15,TMAX,865.0,SYNTHETIC
SYNTH,Tampa International,1998-02-15,TMIN,697.0,SYNTHETIC
SYNTH,Tampa International,1998-02-15,PRCP,7.0,SYNTHETIC
SYNTH,Orlando Executive,1998-02-15,TMAX,880.0,SYNTHETIC
SYNTH,Orlando Executive,1998-02-15,TMIN,672.0,SYNTHETIC
SYNTH,Orlando Executive,1998-02-15,PRCP,3.0,SYNTHETIC
SYNTH,Sebring,1998-02-15,TMAX,814.0,SYNTHETIC
SYNTH,Sebring,1998-02-15,TMIN,589.0,SYNTHETIC
SYNTH,Sebring,1998-02-15,PRCP,1.0,SYNTHETIC
SYNTH,Lakeland Linder,1998-03-15,TMAX,684.0,SYNTHETIC
SYNTH,Lakeland Linder,1998-03-15,TMIN,642.0,SYNTHETIC
SYNTH,Lakeland Linder,1998-03-15,PRCP,1.0,SYNTHETIC
SYNTH,Tampa International,1998-03-15,TMAX,731.0,SYNTHETIC
SYNTH,Tampa International,1998-03-15,TMIN,664.0,SYNTHETIC
SYNTH,Tampa International,1998-03-15,PRCP,9.0,SYNTHETIC
SYNTH,Orlando Executive,1998-03-15,TMAX,893.0,SYNTHETIC
SYNTH,Orlando Executive,1998-03-15,TMIN,524.0,SYNTHETIC
SYNTH,Orlando Executive,1998-03-15,PRCP,1.0,SYNTHETIC
SYNTH,Sebring,1998-03-15,TMAX,895.0,SYNTHETIC
SYNTH,Sebring,1998-03-15,TMIN,571.0,SYNTHETIC
SYNTH,Sebring,1998-03-15,PRCP,1.0,SYNTHETIC
SYNTH,Lakeland Linder,1998-04-15,TMAX,864.0,SYNTHETIC
SYNTH,Lakeland Linder,1998-04-15,TMIN,572.0,SYNTHETIC
SYNTH,Lakeland Linder,1998-04-15,PRCP,3.0,SYNTHETIC
SYNTH,Tampa International,1998-04-15,TMAX,713.0,SYNTHETIC
SYNTH,Tampa International,1998-04-15,TMIN,601.0,SYNTHETIC
SYNTH,Tampa International,1998-04-15,PRCP,4.0,SYNTHETIC
SYNTH,Orlando Executive,1998-04-15,TMAX,692.0,SYNTHETIC
SYNTH,Orlando Executive,1998-04-15,TMIN,685.0,SYNTHETIC
SYNTH,Orlando Executive,1998-04-15,PRCP,2.0,SYNTHETIC
SYNTH,Sebring,1998-04-15,TMAX,864.0,SYNTHETIC
SYNTH,Sebring,1998-04-15,TMIN,667.0,SYNTHETIC
SYNTH,Sebring,1998-04-15,PRCP,9.0,SYNTHETIC
SYNTH,Lakeland Linder,1998-05-15,TMAX,830.0,SYNTHETIC
SYNTH,Lakeland Linder,1998-05-15,TMIN,615.0,SYNTHETIC
SYNTH,Lakeland Linder,1998-05-15,PRCP,3.0,SYNTHETIC
SYNTH,Tampa International,1998-05-15,TMAX,863.0,SYNTHETIC
SYNTH,Tampa International,1998-05-15,TMIN,653.0,SYNTHETIC
SYNTH,Tampa International,1998-05-15,PRCP,3.0,SYNTHETIC
SYNTH,Orlando Executive,1998-05-15,TMAX,763.0,SYNTHETIC
SYNTH,Orlando Executive,1998-05-15,TMIN,596.0,SYNTHETIC
SYNTH,Orlando Executive,1998-05-15,PRCP,4.0,SYNTHETIC
SYNTH,Sebring,1998-05-15,TMAX,959.0,SYNTHETIC
SYNTH,Sebring,1998-05-15,TMIN,550.0,SYNTHETIC
SYNTH,Sebring,1998-05-15,PRCP,0.0,SYNTHETIC
SYNTH,Lakeland Linder,1998-06-15,TMAX,762.0,SYNTHETIC
SYNTH,Lakeland Linder,1998-06-15,TMIN,721.0,SYNTHETIC
SYNTH,Lakeland Linder,1998-06-15,PRCP,1.0,SYNTHETIC
SYNTH,Tampa International,1998-06-15,TMAX,919.0,SYNTHETIC
SYNTH,Tampa International,1998-06-15,TMIN,596.0,SYNTHETIC
SYNTH,Tampa International,1998-06-15,PRCP,4.0,SYNTHETIC
SYNTH,Orlando Executive,1998-06-15,TMAX,753.0,SYNTHETIC
SYNTH,Orlando Executive,1998-06-15,TMIN,821.0,SYNTHETIC
SYNTH,Orlando Executive,1998-06-15,PRCP,2.0,SYNTHETIC
SYNTH,Sebring,1998-06-15,TMAX,844.0,SYNTHETIC
SYNTH,Sebring,1998-06-15,TMIN,700.0,SYNTHETIC
SYNTH,Sebring,1998-06-15,PRCP,5.0,SYNTHETIC
SYNTH,Lakeland Linder,1998-07-15,TMAX,805.0,SYNTHETIC
SYNTH,Lakeland Linder,1998-07-15,TMIN,639.0,SYNTHETIC
SYNTH,Lakeland Linder,1998-07-15,PRCP,3.0,SYNTHETIC
SYNTH,Tampa International,1998-07-15,TMAX,808.0,SYNTHETIC
SYNTH,Tampa International,1998-07-15,TMIN,727.0,SYNTHETIC
SYNTH,Tampa International,1998-07-15,PRCP,14.0,SYNTHETIC
SYNTH,Orlando Executive,1998-07-15,TMAX,775.0,SYNTHETIC
SYNTH,Orlando Executive,1998-07-15,TMIN,540.0,SYNTHETIC
SYNTH,Orlando Executive,1998-07-15,PRCP,2.0,SYNTHETIC
SYNTH,Sebring,1998-07-15,TMAX,1026.0,SYNTHETIC
SYNTH,Sebring,1998-07-15,TMIN,585.0,SYNTHETIC
SYNTH,Sebring,1998-07-15,PRCP,11.0,SYNTHETIC
SYNTH,Lakeland Linder,1998-08-15,TMAX,954.0,SYNTHETIC
SYNTH,Lakeland Linder,1998-08-15,TMIN,605.0,SYNTHETIC
SYNTH,Lakeland Linder,1998-08-15,PRCP,5.0,SYNTHETIC
SYNTH,Tampa International,1998-08-15,TMAX,950.0,SYNTHETIC
SYNTH,Tampa International,1998-08-15,TMIN,619.0,SYNTHETIC
SYNTH,Tampa International,1998-08-15,PRCP,1.0,SYNTHETIC
SYNTH,Orlando Executive,1998-08-15,TMAX,773.0,SYNTHETIC
SYNTH,Orlando Executive,1998-08-15,TMIN,568.0,SYNTHETIC
SYNTH,Orlando Executive,1998-08-15,PRCP,0.0,SYNTHETIC
SYNTH,Sebring,1998-08-15,TMAX,722.0,SYNTHETIC
SYNTH,Sebring,1998-08-15,TMIN,652.0,SYNTHETIC
SYNTH,Sebring,1998-08-15,PRCP,0.0,SYNTHETIC
SYNTH,Lakeland Linder,1998-09-15,TMAX,838.0,SYNTHETIC
SYNTH,Lakeland Linder,1998-09-15,TMIN,525.0,SYNTHETIC
SYNTH,Lakeland Linder,1998-09-15,PRCP,4.0,SYNTHETIC
SYNTH,Tampa International,1998-09-15,TMAX,886.0,SYNTHETIC
SYNTH,Tampa International,1998-09-15,TMIN,490.0,SYNTHETIC
SYNTH,Tampa International,1998-09-15,PRCP,4.0,SYNTHETIC
SYNTH,Orlando Executive,1998-09-15,TMAX,918.0,SYNTHETIC
SYNTH,Orlando Executive,1998-09-15,TMIN,553.0,SYNTHETIC
SYNTH,Orlando Executive,1998-09-15,PRCP,11.0,SYNTHETIC
SYNTH,Sebring,1998-09-15,TMAX,853.0,SYNTHETIC
SYNTH,Sebring,1998-09-15,TMIN,593.0,SYNTHETIC
SYNTH,Sebring,1998-09-15,PRCP,2.0,SYNTHETIC
SYNTH,Lakeland Linder,1998-10-15,TMAX,864.0,SYNTHETIC
SYNTH,Lakeland Linder,1998-10-15,TMIN,656.0,SYNTHETIC
SYNTH,Lakeland Linder,1998-10-15,PRCP,5.0,SYNTHETIC
SYNTH,Tampa International,1998-10-15,TMAX,746.0,SYNTHETIC
SYNTH,Tampa International,1998-10-15,TMIN,663.0,SYNTHETIC
SYNTH,Tampa International,1998-10-15,PRCP,4.0,SYNTHETIC
SYNTH,Orlando Executive,1998-10-15,TMAX,811.0,SYNTHETIC
SYNTH,Orlando Executive,1998-10-15,TMIN,577.0,SYNTHETIC
SYNTH,Orlando Executive,1998-10-15,PRCP,0.0,SYNTHETIC
SYNTH,Sebring,1998-10-15,TMAX,918.0,SYNTHETIC
SYNTH,Sebring,1998-10-15,TMIN,737.0,SYNTHETIC
SYNTH,Sebring,1998-10-15,PRCP,6.0,SYNTHETIC
SYNTH,Lakeland Linder,1998-11-15,TMAX,732.0,SYNTHETIC
SYNTH,Lakeland Linder,1998-11-15,TMIN,624.0,SYNTHETIC
SYNTH,Lakeland Linder,1998-11-15,PRCP,9.0,SYNTHETIC
SYNTH,Tampa International,1998-11-15,TMAX,831.0,SYNTHETIC
SYNTH,Tampa International,1998-11-15,TMIN,835.0,SYNTHETIC
SYNTH,Tampa International,1998-11-15,PRCP,4.0,SYNTHETIC
SYNTH,Orlando Executive,1998-11-15,TMAX,835.0,SYNTHETIC
SYNTH,Orlando Executive,1998-11-15,TMIN,625.0,SYNTHETIC
SYNTH,Orlando Executive,1998-11-15,PRCP,3.0,SYNTHETIC
SYNTH,Sebring,1998-11-15,TMAX,807.0,SYNTHETIC
SYNTH,Sebring,1998-11-15,TMIN,706.0,SYNTHETIC
SYNTH,Sebring,1998-11-15,PRCP,7.0,SYNTHETIC
SYNTH,Lakeland Linder,1998-12-15,TMAX,757.0,SYNTHETIC
SYNTH,Lakeland Linder,1998-12-15,TMIN,543.0,SYNTHETIC
SYNTH,Lakeland Linder,1998-12-15,PRCP,6.0,SYNTHETIC
SYNTH,Tampa International,1998-12-15,TMAX,860.0,SYNTHETIC
SYNTH,Tampa International,1998-12-15,TMIN,561.0,SYNTHETIC
SYNTH,Tampa International,1998-12-15,PRCP,7.0,SYNTHETIC
SYNTH,Orlando Executive,1998-12-15,TMAX,851.0,SYNTHETIC
SYNTH,Orlando Executive,1998-12-15,TMIN,849.0,SYNTHETIC
SYNTH,Orlando Executive,1998-12-15,PRCP,2.0,SYNTHETIC
SYNTH,Sebring,1998-12-15,TMAX,887.0,SYNTHETIC
SYNTH,Sebring,1998-12-15,TMIN,656.0,SYNTHETIC
SYNTH,Sebring,1998-12-15,PRCP,2.0,SYNTHETIC
SYNTH,Lakeland Linder,1999-01-15,TMAX,893.0,SYNTHETIC
SYNTH,Lakeland Linder,1999-01-15,TMIN,626.0,SYNTHETIC
SYNTH,Lakeland Linder,1999-01-15,PRCP,4.0,SYNTHETIC
SYNTH,Tampa International,1999-01-15,TMAX,845.0,SYNTHETIC
SYNTH,Tampa International,1999-01-15,TMIN,596.0,SYNTHETIC
SYNTH,Tampa International,1999-01-15,PRCP,7.0,SYNTHETIC
SYNTH,Orlando Executive,1999-01-15,TMAX,806.0,SYNTHETIC
SYNTH,Orlando Executive,1999-01-15,TMIN,589.0,SYNTHETIC
SYNTH,Orlando Executive,1999-01-15,PRCP,5.0,SYNTHETIC
SYNTH,Sebring,1999-01-15,TMAX,748.0,SYNTHETIC
SYNTH,Sebring,1999-01-15,TMIN,652.0,SYNTHETIC
SYNTH,Sebring,1999-01-15,PRCP,2.0,SYNTHETIC
SYNTH,Lakeland Linder,1999-02-15,TMAX,906.0,SYNTHETIC
SYNTH,Lakeland Linder,1999-02-15,TMIN,687.0,SYNTHETIC
SYNTH,Lakeland Linder,1999-02-15,PRCP,2.0,SYNTHETIC
SYNTH,Tampa International,1999-02-15,TMAX,885.0,SYNTHETIC
SYNTH,Tampa International,1999-02-15,TMIN,761.0,SYNTHETIC
SYNTH,Tampa International,1999-02-15,PRCP,5.0,SYNTHETIC
SYNTH,Orlando Executive,1999-02-15,TMAX,820.0,SYNTHETIC
SYNTH,Orlando Executive,1999-02-15,TMIN,545.0,SYNTHETIC
SYNTH,Orlando Executive,1999-02-15,PRCP,2.0,SYNTHETIC
SYNTH,Sebring,1999-02-15,TMAX,795.0,SYNTHETIC
SYNTH,Sebring,1999-02-15,TMIN,601.0,SYNTHETIC
SYNTH,Sebring,1999-02-15,PRCP,2.0,SYNTHETIC
SYNTH,Lakeland Linder,1999-03-15,TMAX,824.0,SYNTHETIC
SYNTH,Lakeland Linder,1999-03-15,TMIN,692.0,SYNTHETIC
SYNTH,Lakeland Linder,1999-03-15,PRCP,2.0,SYNTHETIC
SYNTH,Tampa International,1999-03-15,TMAX,858.0,SYNTHETIC
SYNTH,Tampa International,1999-03-15,TMIN,655.0,SYNTHETIC
SYNTH,Tampa International,1999-03-15,PRCP,6.0,SYNTHETIC
SYNTH,Orlando Executive,1999-03-15,TMAX,744.0,SYNTHETIC
SYNTH,Orlando Executive,1999-03-15,TMIN,638.0,SYNTHETIC
SYNTH,Orlando Executive,1999-03-15,PRCP,3.0,SYNTHETIC
SYNTH,Sebring,1999-03-15,TMAX,867.0,SYNTHETIC
SYNTH,Sebring,1999-03-15,TMIN,772.0,SYNTHETIC
SYNTH,Sebring,1999-03-15,PRCP,9.0,SYNTHETIC
SYNTH,Lakeland Linder,1999-04-15,TMAX,802.0,SYNTHETIC
SYNTH,Lakeland Linder,1999-04-15,TMIN,769.0,SYNTHETIC
SYNTH,Lakeland Linder,1999-04-15,PRCP,3.0,SYNTHETIC
SYNTH,Tampa International,1999-04-15,TMAX,793.0,SYNTHETIC
SYNTH,Tampa International,1999-04-15,TMIN,600.0,SYNTHETIC
SYNTH,Tampa International,1999-04-15,PRCP,1.0,SYNTHETIC
SYNTH,Orlando Executive,1999-04-15,TMAX,788.0,SYNTHETIC
SYNTH,Orlando Executive,1999-04-15,TMIN,663.0,SYNTHETIC
SYNTH,Orlando Executive,1999-04-15,PRCP,3.0,SYNTHETIC
SYNTH,Sebring,1999-04-15,TMAX,820.0,SYNTHETIC
SYNTH,Sebring,1999-04-15,TMIN,684.0,SYNTHETIC
SYNTH,Sebring,1999-04-15,PRCP,8.0,SYNTHETIC
SYNTH,Lakeland Linder,1999-05-15,TMAX,895.0,SYNTHETIC
SYNTH,Lakeland Linder,1999-05-15,TMIN,531.0,SYNTHETIC
SYNTH,Lakeland Linder,1999-05-15,PRCP,9.0,SYNTHETIC
SYNTH,Tampa International,1999-05-15,TMAX,894.0,SYNTHETIC
SYNTH,Tampa International,1999-05-15,TMIN,540.0,SYNTHETIC
SYNTH,Tampa International,1999-05-15,PRCP,1.0,SYNTHETIC
SYNTH,Orlando Executive,1999-05-15,TMAX,726.0,SYNTHETIC
SYNTH,Orlando Executive,1999-05-15,TMIN,505.0,SYNTHETIC
SYNTH,Orlando Executive,1999-05-15,PRCP,5.0,SYNTHETIC
SYNTH,Sebring,1999-05-15,TMAX,880.0,SYNTHETIC
SYNTH,Sebring,1999-05-15,TMIN,603.0,SYNTHETIC
SYNTH,Sebring,1999-05-15,PRCP,9.0,SYNTHETIC
SYNTH,Lakeland Linder,1999-06-15,TMAX,776.0,SYNTHETIC
SYNTH,Lakeland Linder,1999-06-15,TMIN,681.0,SYNTHETIC
SYNTH,Lakeland Linder,1999-06-15,PRCP,4.0,SYNTHETIC
SYNTH,Tampa International,1999-06-15,TMAX,834.0,SYNTHETIC
SYNTH,Tampa International,1999-06-15,TMIN,648.0,SYNTHETIC
SYNTH,Tampa International,1999-06-15,PRCP,5.0,SYNTHETIC
SYNTH,Orlando Executive,1999-06-15,TMAX,829.0,SYNTHETIC
SYNTH,Orlando Executive,1999-06-15,TMIN,572.0,SYNTHETIC
SYNTH,Orlando Executive,1999-06-15,PRCP,8.0,SYNTHETIC
SYNTH,Sebring,1999-06-15,TMAX,807.0,SYNTHETIC
SYNTH,Sebring,1999-06-15,TMIN,647.0,SYNTHETIC
SYNTH,Sebring,1999-06-15,PRCP,1.0,SYNTHETIC
SYNTH,Lakeland Linder,1999-07-15,TMAX,784.0,SYNTHETIC
SYNTH,Lakeland Linder,1999-07-15,TMIN,579.0,SYNTHETIC
SYNTH,Lakeland Linder,1999-07-15,PRCP,2.0,SYNTHETIC
SYNTH,Tampa International,1999-07-15,TMAX,956.0,SYNTHETIC
SYNTH,Tampa International,1999-07-15,TMIN,540.0,SYNTHETIC
SYNTH,Tampa International,1999-07-15,PRCP,5.0,SYNTHETIC
SYNTH,Orlando Executive,1999-07-15,TMAX,937.0,SYNTHETIC
SYNTH,Orlando Executive,1999-07-15,TMIN,633.0,SYNTHETIC
SYNTH,Orlando Executive,1999-07-15,PRCP,0.0,SYNTHETIC
SYNTH,Sebring,1999-07-15,TMAX,903.0,SYNTHETIC
SYNTH,Sebring,1999-07-15,TMIN,601.0,SYNTHETIC
SYNTH,Sebring,1999-07-15,PRCP,12.0,SYNTHETIC
SYNTH,Lakeland Linder,1999-08-15,TMAX,874.0,SYNTHETIC
SYNTH,Lakeland Linder,1999-08-15,TMIN,610.0,SYNTHETIC
SYNTH,Lakeland Linder,1999-08-15,PRCP,13.0,SYNTHETIC
SYNTH,Tampa International,1999-08-15,TMAX,771.0,SYNTHETIC
SYNTH,Tampa International,1999-08-15,TMIN,709.0,SYNTHETIC
SYNTH,Tampa International,1999-08-15,PRCP,4.0,SYNTHETIC
SYNTH,Orlando Executive,1999-08-15,TMAX,924.0,SYNTHETIC
SYNTH,Orlando Executive,1999-08-15,TMIN,774.0,SYNTHETIC
SYNTH,Orlando Executive,1999-08-15,PRCP,3.0,SYNTHETIC
SYNTH,Sebring,1999-08-15,TMAX,759.0,SYNTHETIC
SYNTH,Sebring,1999-08-15,TMIN,686.0,SYNTHETIC
SYNTH,Sebring,1999-08-15,PRCP,0.0,SYNTHETIC
SYNTH,Lakeland Linder,1999-09-15,TMAX,981.0,SYNTHETIC
SYNTH,Lakeland Linder,1999-09-15,TMIN,660.0,SYNTHETIC
SYNTH,Lakeland Linder,1999-09-15,PRCP,1.0,SYNTHETIC
SYNTH,Tampa International,1999-09-15,TMAX,834.0,SYNTHETIC
SYNTH,Tampa International,1999-09-15,TMIN,542.0,SYNTHETIC
SYNTH,Tampa International,1999-09-15,PRCP,1.0,SYNTHETIC
SYNTH,Orlando Executive,1999-09-15,TMAX,916.0,SYNTHETIC
SYNTH,Orlando Executive,1999-09-15,TMIN,597.0,SYNTHETIC
SYNTH,Orlando Executive,1999-09-15,PRCP,2.0,SYNTHETIC
SYNTH,Sebring,1999-09-15,TMAX,862.0,SYNTHETIC
SYNTH,Sebring,1999-09-15,TMIN,744.0,SYNTHETIC
SYNTH,Sebring,1999-09-15,PRCP,6.0,SYNTHETIC
SYNTH,Lakeland Linder,1999-10-15,TMAX,899.0,SYNTHETIC
SYNTH,Lakeland Linder,1999-10-15,TMIN,589.0,SYNTHETIC
SYNTH,Lakeland Linder,1999-10-15,PRCP,4.0,SYNTHETIC
SYNTH,Tampa International,1999-10-15,TMAX,940.0,SYNTHETIC
SYNTH,Tampa International,1999-10-15,TMIN,624.0,SYNTHETIC
SYNTH,Tampa International,1999-10-15,PRCP,1.0,SYNTHETIC
SYNTH,Orlando Executive,1999-10-15,TMAX,926.0,SYNTHETIC
SYNTH,Orlando Executive,1999-10-15,TMIN,694.0,SYNTHETIC
SYNTH,Orlando Executive,1999-10-15,PRCP,5.0,SYNTHETIC
SYNTH,Sebring,1999-10-15,TMAX,993.0,SYNTHETIC
SYNTH,Sebring,1999-10-15,TMIN,598.0,SYNTHETIC
SYNTH,Sebring,1999-10-15,PRCP,7.0,SYNTHETIC
SYNTH,Lakeland Linder,1999-11-15,TMAX,824.0,SYNTHETIC
SYNTH,Lakeland Linder,1999-11-15,TMIN,671.0,SYNTHETIC
SYNTH,Lakeland Linder,1999-11-15,PRCP,10.0,SYNTHETIC
SYNTH,Tampa International,1999-11-15,TMAX,860.0,SYNTHETIC
SYNTH,Tampa International,1999-11-15,TMIN,693.0,SYNTHETIC
SYNTH,Tampa International,1999-11-15,PRCP,8.0,SYNTHETIC
SYNTH,Orlando Executive,1999-11-15,TMAX,790.0,SYNTHETIC
SYNTH,Orlando Executive,1999-11-15,TMIN,582.0,SYNTHETIC
SYNTH,Orlando Executive,1999-11-15,PRCP,2.0,SYNTHETIC
SYNTH,Sebring,1999-11-15,TMAX,662.0,SYNTHETIC
SYNTH,Sebring,1999-11-15,TMIN,814.0,SYNTHETIC
SYNTH,Sebring,1999-11-15,PRCP,2.0,SYNTHETIC
SYNTH,Lakeland Linder,1999-12-15,TMAX,802.0,SYNTHETIC
SYNTH,Lakeland Linder,1999-12-15,TMIN,627.0,SYNTHETIC
SYNTH,Lakeland Linder,1999-12-15,PRCP,4.0,SYNTHETIC
SYNTH,Tampa International,1999-12-15,TMAX,885.0,SYNTHETIC
SYNTH,Tampa International,1999-12-15,TMIN,718.0,SYNTHETIC
SYNTH,Tampa International,1999-12-15,PRCP,0.0,SYNTHETIC
SYNTH,Orlando Executive,1999-12-15,TMAX,806.0,SYNTHETIC
SYNTH,Orlando Executive,1999-12-15,TMIN,672.0,SYNTHETIC
SYNTH,Orlando Executive,1999-12-15,PRCP,1.0,SYNTHETIC
SYNTH,Sebring,1999-12-15,TMAX,948.0,SYNTHETIC
SYNTH,Sebring,1999-12-15,TMIN,689.0,SYNTHETIC
SYNTH,Sebring,1999-12-15,PRCP,6.0,SYNTHETIC
SYNTH,Lakeland Linder,2000-01-15,TMAX,873.0,SYNTHETIC
SYNTH,Lakeland Linder,2000-01-15,TMIN,743.0,SYNTHETIC
SYNTH,Lakeland Linder,2000-01-15,PRCP,3.0,SYNTHETIC
SYNTH,Tampa International,2000-01-15,TMAX,716.0,SYNTHETIC
SYNTH,Tampa International,2000-01-15,TMIN,681.0,SYNTHETIC
SYNTH,Tampa International,2000-01-15,PRCP,0.0,SYNTHETIC
SYNTH,Orlando Executive,2000-01-15,TMAX,777.0,SYNTHETIC
SYNTH,Orlando Executive,2000-01-15,TMIN,696.0,SYNTHETIC
SYNTH,Orlando Executive,2000-01-15,PRCP,9.0,SYNTHETIC
SYNTH,Sebring,2000-01-15,TMAX,821.0,SYNTHETIC
SYNTH,Sebring,2000-01-15,TMIN,674.0,SYNTHETIC
SYNTH,Sebring,2000-01-15,PRCP,11.0,SYNTHETIC
SYNTH,Lakeland Linder,2000-02-15,TMAX,839.0,SYNTHETIC
SYNTH,Lakeland Linder,2000-02-15,TMIN,858.0,SYNTHETIC
SYNTH,Lakeland Linder,2000-02-15,PRCP,5.0,SYNTHETIC
SYNTH,Tampa International,2000-02-15,TMAX,679.0,SYNTHETIC
SYNTH,Tampa International,2000-02-15,TMIN,710.0,SYNTHETIC
SYNTH,Tampa International,2000-02-15,PRCP,4.0,SYNTHETIC
SYNTH,Orlando Executive,2000-02-15,TMAX,923.0,SYNTHETIC
SYNTH,Orlando Executive,2000-02-15,TMIN,703.0,SYNTHETIC
SYNTH,Orlando Executive,2000-02-15,PRCP,2.0,SYNTHETIC
SYNTH,Sebring,2000-02-15,TMAX,722.0,SYNTHETIC
SYNTH,Sebring,2000-02-15,TMIN,633.0,SYNTHETIC
SYNTH,Sebring,2000-02-15,PRCP,1.0,SYNTHETIC
SYNTH,Lakeland Linder,2000-03-15,TMAX,773.0,SYNTHETIC
SYNTH,Lakeland Linder,2000-03-15,TMIN,697.0,SYNTHETIC
SYNTH,Lakeland Linder,2000-03-15,PRCP,11.0,SYNTHETIC
SYNTH,Tampa International,2000-03-15,TMAX,851.0,SYNTHETIC
SYNTH,Tampa International,2000-03-15,TMIN,554.0,SYNTHETIC
SYNTH,Tampa International,2000-03-15,PRCP,5.0,SYNTHETIC
SYNTH,Orlando Executive,2000-03-15,TMAX,915.0,SYNTHETIC
SYNTH,Orlando Executive,2000-03-15,TMIN,601.0,SYNTHETIC
SYNTH,Orlando Executive,2000-03-15,PRCP,2.0,SYNTHETIC
SYNTH,Sebring,2000-03-15,TMAX,821.0,SYNTHETIC
SYNTH,Sebring,2000-03-15,TMIN,587.0,SYNTHETIC
SYNTH,Sebring,2000-03-15,PRCP,6.0,SYNTHETIC
SYNTH,Lakeland Linder,2000-04-15,TMAX,810.0,SYNTHETIC
SYNTH,Lakeland Linder,2000-04-15,TMIN,683.0,SYNTHETIC
SYNTH,Lakeland Linder,2000-04-15,PRCP,1.0,SYNTHETIC
SYNTH,Tampa International,2000-04-15,TMAX,785.0,SYNTHETIC
SYNTH,Tampa International,2000-04-15,TMIN,707.0,SYNTHETIC
SYNTH,Tampa International,2000-04-15,PRCP,1.0,SYNTHETIC
SYNTH,Orlando Executive,2000-04-15,TMAX,958.0,SYNTHETIC
SYNTH,Orlando Executive,2000-04-15,TMIN,618.0,SYNTHETIC
SYNTH,Orlando Executive,2000-04-15,PRCP,4.0,SYNTHETIC
SYNTH,Sebring,2000-04-15,TMAX,894.0,SYNTHETIC
SYNTH,Sebring,2000-04-15,TMIN,536.0,SYNTHETIC
SYNTH,Sebring,2000-04-15,PRCP,5.0,SYNTHETIC
SYNTH,Lakeland Linder,2000-05-15,TMAX,697.0,SYNTHETIC
SYNTH,Lakeland Linder,2000-05-15,TMIN,751.0,SYNTHETIC
SYNTH,Lakeland Linder,2000-05-15,PRCP,0.0,SYNTHETIC
SYNTH,Tampa International,2000-05-15,TMAX,1024.0,SYNTHETIC
SYNTH,Tampa International,2000-05-15,TMIN,604.0,SYNTHETIC
SYNTH,Tampa International,2000-05-15,PRCP,3.0,SYNTHETIC
SYNTH,Orlando Executive,2000-05-15,TMAX,943.0,SYNTHETIC
SYNTH,Orlando Executive,2000-05-15,TMIN,810.0,SYNTHETIC
SYNTH,Orlando Executive,2000-05-15,PRCP,13.0,SYNTHETIC
SYNTH,Sebring,2000-05-15,TMAX,916.0,SYNTHETIC
SYNTH,Sebring,2000-05-15,TMIN,731.0,SYNTHETIC
SYNTH,Sebring,2000-05-15,PRCP,5.0,SYNTHETIC
SYNTH,Lakeland Linder,2000-06-15,TMAX,882.0,SYNTHETIC
SYNTH,Lakeland Linder,2000-06-15,TMIN,605.0,SYNTHETIC
SYNTH,Lakeland Linder,2000-06-15,PRCP,1.0,SYNTHETIC
SYNTH,Tampa International,2000-06-15,TMAX,819.0,SYNTHETIC
SYNTH,Tampa International,2000-06-15,TMIN,636.0,SYNTHETIC
SYNTH,Tampa International,2000-06-15,PRCP,0.0,SYNTHETIC
SYNTH,Orlando Executive,2000-06-15,TMAX,875.0,SYNTHETIC
SYNTH,Orlando Executive,2000-06-15,TMIN,726.0,SYNTHETIC
SYNTH,Orlando Executive,2000-06-15,PRCP,3.0,SYNTHETIC
SYNTH,Sebring,2000-06-15,TMAX,938.0,SYNTHETIC
SYNTH,Sebring,2000-06-15,TMIN,558.0,SYNTHETIC
SYNTH,Sebring,2000-06-15,PRCP,2.0,SYNTHETIC
SYNTH,Lakeland Linder,2000-07-15,TMAX,762.0,SYNTHETIC
SYNTH,Lakeland Linder,2000-07-15,TMIN,500.0,SYNTHETIC
SYNTH,Lakeland Linder,2000-07-15,PRCP,2.0,SYNTHETIC
SYNTH,Tampa International,2000-07-15,TMAX,810.0,SYNTHETIC
SYNTH,Tampa International,2000-07-15,TMIN,771.0,SYNTHETIC
SYNTH,Tampa International,2000-07-15,PRCP,6.0,SYNTHETIC
SYNTH,Orlando Executive,2000-07-15,TMAX,738.0,SYNTHETIC
SYNTH,Orlando Executive,2000-07-15,TMIN,798.0,SYNTHETIC
SYNTH,Orlando Executive,2000-07-15,PRCP,9.0,SYNTHETIC
SYNTH,Sebring,2000-07-15,TMAX,866.0,SYNTHETIC
SYNTH,Sebring,2000-07-15,TMIN,631.0,SYNTHETIC
SYNTH,Sebring,2000-07-15,PRCP,1.0,SYNTHETIC
SYNTH,Lakeland Linder,2000-08-15,TMAX,790.0,SYNTHETIC
SYNTH,Lakeland Linder,2000-08-15,TMIN,737.0,SYNTHETIC
SYNTH,Lakeland Linder,2000-08-15,PRCP,12.0,SYNTHETIC
SYNTH,Tampa International,2000-08-15,TMAX,943.0,SYNTHETIC
SYNTH,Tampa International,2000-08-15,TMIN,610.0,SYNTHETIC
SYNTH,Tampa International,2000-08-15,PRCP,2.0,SYNTHETIC
SYNTH,Orlando Executive,2000-08-15,TMAX,831.0,SYNTHETIC
SYNTH,Orlando Executive,2000-08-15,TMIN,508.0,SYNTHETIC
SYNTH,Orlando Executive,2000-08-15,PRCP,4.0,SYNTHETIC
SYNTH,Sebring,2000-08-15,TMAX,808.0,SYNTHETIC
SYNTH,Sebring,2000-08-15,TMIN,612.0,SYNTHETIC
SYNTH,Sebring,2000-08-15,PRCP,4.0,SYNTHETIC
SYNTH,Lakeland Linder,2000-09-15,TMAX,861.0,SYNTHETIC
SYNTH,Lakeland Linder,2000-09-15,TMIN,607.0,SYNTHETIC
SYNTH,Lakeland Linder,2000-09-15,PRCP,2.0,SYNTHETIC
SYNTH,Tampa International,2000-09-15,TMAX,590.0,SYNTHETIC
SYNTH,Tampa International,2000-09-15,TMIN,647.0,SYNTHETIC
SYNTH,Tampa International,2000-09-15,PRCP,11.0,SYNTHETIC
SYNTH,Orlando Executive,2000-09-15,TMAX,952.0,SYNTHETIC
SYNTH,Orlando Executive,2000-09-15,TMIN,613.0,SYNTHETIC
SYNTH,Orlando Executive,2000-09-15,PRCP,0.0,SYNTHETIC
SYNTH,Sebring,2000-09-15,TMAX,857.0,SYNTHETIC
SYNTH,Sebring,2000-09-15,TMIN,570.0,SYNTHETIC
SYNTH,Sebring,2000-09-15,PRCP,4.0,SYNTHETIC
SYNTH,Lakeland Linder,2000-10-15,TMAX,881.0,SYNTHETIC
SYNTH,Lakeland Linder,2000-10-15,TMIN,748.0,SYNTHETIC
SYNTH,Lakeland Linder,2000-10-15,PRCP,2.0,SYNTHETIC
SYNTH,Tampa International,2000-10-15,TMAX,803.0,SYNTHETIC
SYNTH,Tampa International,2000-10-15,TMIN,579.0,SYNTHETIC
SYNTH,Tampa International,2000-10-15,PRCP,1.0,SYNTHETIC
SYNTH,Orlando Executive,2000-10-15,TMAX,801.0,SYNTHETIC
SYNTH,Orlando Executive,2000-10-15,TMIN,679.0,SYNTHETIC
SYNTH,Orlando Executive,2000-10-15,PRCP,7.0,SYNTHETIC
SYNTH,Sebring,2000-10-15,TMAX,755.0,SYNTHETIC
SYNTH,Sebring,2000-10-15,TMIN,769.0,SYNTHETIC
SYNTH,Sebring,2000-10-15,PRCP,1.0,SYNTHETIC
SYNTH,Lakeland Linder,2000-11-15,TMAX,818.0,SYNTHETIC
SYNTH,Lakeland Linder,2000-11-15,TMIN,590.0,SYNTHETIC
SYNTH,Lakeland Linder,2000-11-15,PRCP,9.0,SYNTHETIC
SYNTH,Tampa International,2000-11-15,TMAX,890.0,SYNTHETIC
SYNTH,Tampa International,2000-11-15,TMIN,708.0,SYNTHETIC
SYNTH,Tampa International,2000-11-15,PRCP,1.0,SYNTHETIC
SYNTH,Orlando Executive,2000-11-15,TMAX,825.0,SYNTHETIC
SYNTH,Orlando Executive,2000-11-15,TMIN,691.0,SYNTHETIC
SYNTH,Orlando Executive,2000-11-15,PRCP,4.0,SYNTHETIC
SYNTH,Sebring,2000-11-15,TMAX,777.0,SYNTHETIC
SYNTH,Sebring,2000-11-15,TMIN,713.0,SYNTHETIC
SYNTH,Sebring,2000-11-15,PRCP,3.0,SYNTHETIC
SYNTH,Lakeland Linder,2000-12-15,TMAX,843.0,SYNTHETIC
SYNTH,Lakeland Linder,2000-12-15,TMIN,541.0,SYNTHETIC
SYNTH,Lakeland Linder,2000-12-15,PRCP,5.0,SYNTHETIC
SYNTH,Tampa International,2000-12-15,TMAX,817.0,SYNTHETIC
SYNTH,Tampa International,2000-12-15,TMIN,520.0,SYNTHETIC
SYNTH,Tampa International,2000-12-15,PRCP,8.0,SYNTHETIC
SYNTH,Orlando Executive,2000-12-15,TMAX,761.0,SYNTHETIC
SYNTH,Orlando Executive,2000-12-15,TMIN,585.0,SYNTHETIC
SYNTH,Orlando Executive,2000-12-15,PRCP,4.0,SYNTHETIC
SYNTH,Sebring,2000-12-15,TMAX,911.0,SYNTHETIC
SYNTH,Sebring,2000-12-15,TMIN,568.0,SYNTHETIC
SYNTH,Sebring,2000-12-15,PRCP,3.0,SYNTHETIC
SYNTH,Lakeland Linder,2001-01-15,TMAX,854.0,SYNTHETIC
SYNTH,Lakeland Linder,2001-01-15,TMIN,705.0,SYNTHETIC
SYNTH,Lakeland Linder,2001-01-15,PRCP,3.0,SYNTHETIC
SYNTH,Tampa International,2001-01-15,TMAX,790.0,SYNTHETIC
SYNTH,Tampa International,2001-01-15,TMIN,583.0,SYNTHETIC
SYNTH,Tampa International,2001-01-15,PRCP,3.0,SYNTHETIC
SYNTH,Orlando Executive,2001-01-15,TMAX,734.0,SYNTHETIC
SYNTH,Orlando Executive,2001-01-15,TMIN,416.0,SYNTHETIC
SYNTH,Orlando Executive,2001-01-15,PRCP,5.0,SYNTHETIC
SYNTH,Sebring,2001-01-15,TMAX,892.0,SYNTHETIC
SYNTH,Sebring,2001-01-15,TMIN,460.0,SYNTHETIC
SYNTH,Sebring,2001-01-15,PRCP,2.0,SYNTHETIC
SYNTH,Lakeland Linder,2001-02-15,TMAX,869.0,SYNTHETIC
SYNTH,Lakeland Linder,2001-02-15,TMIN,814.0,SYNTHETIC
SYNTH,Lakeland Linder,2001-02-15,PRCP,3.0,SYNTHETIC
SYNTH,Tampa International,2001-02-15,TMAX,761.0,SYNTHETIC
SYNTH,Tampa International,2001-02-15,TMIN,635.0,SYNTHETIC
SYNTH,Tampa International,2001-02-15,PRCP,9.0,SYNTHETIC
SYNTH,Orlando Executive,2001-02-15,TMAX,768.0,SYNTHETIC
SYNTH,Orlando Executive,2001-02-15,TMIN,586.0,SYNTHETIC
SYNTH,Orlando Executive,2001-02-15,PRCP,0.0,SYNTHETIC
SYNTH,Sebring,2001-02-15,TMAX,743.0,SYNTHETIC
SYNTH,Sebring,2001-02-15,TMIN,659.0,SYNTHETIC
SYNTH,Sebring,2001-02-15,PRCP,11.0,SYNTHETIC
SYNTH,Lakeland Linder,2001-03-15,TMAX,845.0,SYNTHETIC
SYNTH,Lakeland Linder,2001-03-15,TMIN,629.0,SYNTHETIC
SYNTH,Lakeland Linder,2001-03-15,PRCP,1.0,SYNTHETIC
SYNTH,Tampa International,2001-03-15,TMAX,694.0,SYNTHETIC
SYNTH,Tampa International,2001-03-15,TMIN,720.0,SYNTHETIC
SYNTH,Tampa International,2001-03-15,PRCP,2.0,SYNTHETIC
SYNTH,Orlando Executive,2001-03-15,TMAX,805.0,SYNTHETIC
SYNTH,Orlando Executive,2001-03-15,TMIN,905.0,SYNTHETIC
SYNTH,Orlando Executive,2001-03-15,PRCP,4.0,SYNTHETIC
SYNTH,Sebring,2001-03-15,TMAX,759.0,SYNTHETIC
SYNTH,Sebring,2001-03-15,TMIN,615.0,SYNTHETIC
SYNTH,Sebring,2001-03-15,PRCP,8.0,SYNTHETIC
SYNTH,Lakeland Linder,2001-04-15,TMAX,829.0,SYNTHETIC
SYNTH,Lakeland Linder,2001-04-15,TMIN,534.0,SYNTHETIC
SYNTH,Lakeland Linder,2001-04-15,PRCP,7.0,SYNTHETIC
SYNTH,Tampa International,2001-04-15,TMAX,766.0,SYNTHETIC
SYNTH,Tampa International,2001-04-15,TMIN,799.0,SYNTHETIC
SYNTH,Tampa International,2001-04-15,PRCP,8.0,SYNTHETIC
SYNTH,Orlando Executive,2001-04-15,TMAX,784.0,SYNTHETIC
SYNTH,Orlando Executive,2001-04-15,TMIN,752.0,SYNTHETIC
SYNTH,Orlando Executive,2001-04-15,PRCP,3.0,SYNTHETIC
SYNTH,Sebring,2001-04-15,TMAX,888.0,SYNTHETIC
SYNTH,Sebring,2001-04-15,TMIN,688.0,SYNTHETIC
SYNTH,Sebring,2001-04-15,PRCP,1.0,SYNTHETIC
SYNTH,Lakeland Linder,2001-05-15,TMAX,768.0,SYNTHETIC
SYNTH,Lakeland Linder,2001-05-15,TMIN,732.0,SYNTHETIC
SYNTH,Lakeland Linder,2001-05-15,PRCP,1.0,SYNTHETIC
SYNTH,Tampa International,2001-05-15,TMAX,787.0,SYNTHETIC
SYNTH,Tampa International,2001-05-15,TMIN,573.0,SYNTHETIC
SYNTH,Tampa International,2001-05-15,PRCP,5.0,SYNTHETIC
SYNTH,Orlando Executive,2001-05-15,TMAX,985.0,SYNTHETIC
SYNTH,Orlando Executive,2001-05-15,TMIN,564.0,SYNTHETIC
SYNTH,Orlando Executive,2001-05-15,PRCP,3.0,SYNTHETIC
SYNTH,Sebring,2001-05-15,TMAX,932.0,SYNTHETIC
SYNTH,Sebring,2001-05-15,TMIN,643.0,SYNTHETIC
SYNTH,Sebring,2001-05-15,PRCP,5.0,SYNTHETIC
SYNTH,Lakeland Linder,2001-06-15,TMAX,735.0,SYNTHETIC
SYNTH,Lakeland Linder,2001-06-15,TMIN,684.0,SYNTHETIC
SYNTH,Lakeland Linder,2001-06-15,PRCP,2.0,SYNTHETIC
SYNTH,Tampa International,2001-06-15,TMAX,898.0,SYNTHETIC
SYNTH,Tampa International,2001-06-15,TMIN,744.0,SYNTHETIC
SYNTH,Tampa International,2001-06-15,PRCP,15.0,SYNTHETIC
SYNTH,Orlando Executive,2001-06-15,TMAX,866.0,SYNTHETIC
SYNTH,Orlando Executive,2001-06-15,TMIN,676.0,SYNTHETIC
SYNTH,Orlando Executive,2001-06-15,PRCP,3.0,SYNTHETIC
SYNTH,Sebring,2001-06-15,TMAX,791.0,SYNTHETIC
SYNTH,Sebring,2001-06-15,TMIN,677.0,SYNTHETIC
SYNTH,Sebring,2001-06-15,PRCP,1.0,SYNTHETIC
SYNTH,Lakeland Linder,2001-07-15,TMAX,833.0,SYNTHETIC
SYNTH,Lakeland Linder,2001-07-15,TMIN,755.0,SYNTHETIC
SYNTH,Lakeland Linder,2001-07-15,PRCP,2.0,SYNTHETIC
SYNTH,Tampa International,2001-07-15,TMAX,911.0,SYNTHETIC
SYNTH,Tampa International,2001-07-15,TMIN,755.0,SYNTHETIC
SYNTH,Tampa International,2001-07-15,PRCP,2.0,SYNTHETIC
SYNTH,Orlando Executive,2001-07-15,TMAX,650.0,SYNTHETIC
SYNTH,Orlando Executive,2001-07-15,TMIN,601.0,SYNTHETIC
SYNTH,Orlando Executive,2001-07-15,PRCP,9.0,SYNTHETIC
SYNTH,Sebring,2001-07-15,TMAX,818.0,SYNTHETIC
SYNTH,Sebring,2001-07-15,TMIN,570.0,SYNTHETIC
SYNTH,Sebring,2001-07-15,PRCP,0.0,SYNTHETIC
SYNTH,Lakeland Linder,2001-08-15,TMAX,887.0,SYNTHETIC
SYNTH,Lakeland Linder,2001-08-15,TMIN,693.0,SYNTHETIC
SYNTH,Lakeland Linder,2001-08-15,PRCP,1.0,SYNTHETIC
SYNTH,Tampa International,2001-08-15,TMAX,790.0,SYNTHETIC
SYNTH,Tampa International,2001-08-15,TMIN,618.0,SYNTHETIC
SYNTH,Tampa International,2001-08-15,PRCP,1.0,SYNTHETIC
SYNTH,Orlando Executive,2001-08-15,TMAX,949.0,SYNTHETIC
SYNTH,Orlando Executive,2001-08-15,TMIN,624.0,SYNTHETIC
SYNTH,Orlando Executive,2001-08-15,PRCP,9.0,SYNTHETIC
SYNTH,Sebring,2001-08-15,TMAX,941.0,SYNTHETIC
SYNTH,Sebring,2001-08-15,TMIN,729.0,SYNTHETIC
SYNTH,Sebring,2001-08-15,PRCP,0.0,SYNTHETIC
SYNTH,Lakeland Linder,2001-09-15,TMAX,852.0,SYNTHETIC
SYNTH,Lakeland Linder,2001-09-15,TMIN,648.0,SYNTHETIC
SYNTH,Lakeland Linder,2001-09-15,PRCP,1.0,SYNTHETIC
SYNTH,Tampa International,2001-09-15,TMAX,845.0,SYNTHETIC
SYNTH,Tampa International,2001-09-15,TMIN,555.0,SYNTHETIC
SYNTH,Tampa International,2001-09-15,PRCP,8.0,SYNTHETIC
SYNTH,Orlando Executive,2001-09-15,TMAX,782.0,SYNTHETIC
SYNTH,Orlando Executive,2001-09-15,TMIN,666.0,SYNTHETIC
SYNTH,Orlando Executive,2001-09-15,PRCP,4.0,SYNTHETIC
SYNTH,Sebring,2001-09-15,TMAX,799.0,SYNTHETIC
SYNTH,Sebring,2001-09-15,TMIN,696.0,SYNTHETIC
SYNTH,Sebring,2001-09-15,PRCP,0.0,SYNTHETIC
SYNTH,Lakeland Linder,2001-10-15,TMAX,889.0,SYNTHETIC
SYNTH,Lakeland Linder,2001-10-15,TMIN,542.0,SYNTHETIC
SYNTH,Lakeland Linder,2001-10-15,PRCP,3.0,SYNTHETIC
SYNTH,Tampa International,2001-10-15,TMAX,975.0,SYNTHETIC
SYNTH,Tampa International,2001-10-15,TMIN,569.0,SYNTHETIC
SYNTH,Tampa International,2001-10-15,PRCP,0.0,SYNTHETIC
SYNTH,Orlando Executive,2001-10-15,TMAX,861.0,SYNTHETIC
SYNTH,Orlando Executive,2001-10-15,TMIN,664.0,SYNTHETIC
SYNTH,Orlando Executive,2001-10-15,PRCP,4.0,SYNTHETIC
SYNTH,Sebring,2001-10-15,TMAX,859.0,SYNTHETIC
SYNTH,Sebring,2001-10-15,TMIN,700.0,SYNTHETIC
SYNTH,Sebring,2001-10-15,PRCP,8.0,SYNTHETIC
SYNTH,Lakeland Linder,2001-11-15,TMAX,852.0,SYNTHETIC
SYNTH,Lakeland Linder,2001-11-15,TMIN,630.0,SYNTHETIC
SYNTH,Lakeland Linder,2001-11-15,PRCP,6.0,SYNTHETIC
SYNTH,Tampa International,2001-11-15,TMAX,971.0,SYNTHETIC
SYNTH,Tampa International,2001-11-15,TMIN,639.0,SYNTHETIC
SYNTH,Tampa International,2001-11-15,PRCP,1.0,SYNTHETIC
SYNTH,Orlando Executive,2001-11-15,TMAX,908.0,SYNTHETIC
SYNTH,Orlando Executive,2001-11-15,TMIN,640.0,SYNTHETIC
SYNTH,Orlando Executive,2001-11-15,PRCP,7.0,SYNTHETIC
SYNTH,Sebring,2001-11-15,TMAX,887.0,SYNTHETIC
SYNTH,Sebring,2001-11-15,TMIN,607.0,SYNTHETIC
SYNTH,Sebring,2001-11-15,PRCP,2.0,SYNTHETIC
SYNTH,Lakeland Linder,2001-12-15,TMAX,846.0,SYNTHETIC
SYNTH,Lakeland Linder,2001-12-15,TMIN,665.0,SYNTHETIC
SYNTH,Lakeland Linder,2001-12-15,PRCP,6.0,SYNTHETIC
SYNTH,Tampa International,2001-12-15,TMAX,785.0,SYNTHETIC
SYNTH,Tampa International,2001-12-15,TMIN,691.0,SYNTHETIC
SYNTH,Tampa International,2001-12-15,PRCP,1.0,SYNTHETIC
SYNTH,Orlando Executive,2001-12-15,TMAX,879.0,SYNTHETIC
SYNTH,Orlando Executive,2001-12-15,TMIN,699.0,SYNTHETIC
SYNTH,Orlando Executive,2001-12-15,PRCP,1.0,SYNTHETIC
SYNTH,Sebring,2001-12-15,TMAX,906.0,SYNTHETIC
SYNTH,Sebring,2001-12-15,TMIN,607.0,SYNTHETIC
SYNTH,Sebring,2001-12-15,PRCP,7.0,SYNTHETIC
SYNTH,Lakeland Linder,2002-01-15,TMAX,849.0,SYNTHETIC
SYNTH,Lakeland Linder,2002-01-15,TMIN,797.0,SYNTHETIC
SYNTH,Lakeland Linder,2002-01-15,PRCP,1.0,SYNTHETIC
SYNTH,Tampa International,2002-01-15,TMAX,792.0,SYNTHETIC
SYNTH,Tampa International,2002-01-15,TMIN,648.0,SYNTHETIC
SYNTH,Tampa International,2002-01-15,PRCP,1.0,SYNTHETIC
SYNTH,Orlando Executive,2002-01-15,TMAX,883.0,SYNTHETIC
SYNTH,Orlando Executive,2002-01-15,TMIN,520.0,SYNTHETIC
SYNTH,Orlando Executive,2002-01-15,PRCP,2.0,SYNTHETIC
SYNTH,Sebring,2002-01-15,TMAX,734.0,SYNTHETIC
SYNTH,Sebring,2002-01-15,TMIN,726.0,SYNTHETIC
SYNTH,Sebring,2002-01-15,PRCP,11.0,SYNTHETIC
SYNTH,Lakeland Linder,2002-02-15,TMAX,811.0,SYNTHETIC
SYNTH,Lakeland Linder,2002-02-15,TMIN,636.0,SYNTHETIC
SYNTH,Lakeland Linder,2002-02-15,PRCP,3.0,SYNTHETIC
SYNTH,Tampa International,2002-02-15,TMAX,912.0,SYNTHETIC
SYNTH,Tampa International,2002-02-15,TMIN,575.0,SYNTHETIC
SYNTH,Tampa International,2002-02-15,PRCP,4.0,SYNTHETIC
SYNTH,Orlando Executive,2002-02-15,TMAX,898.0,SYNTHETIC
SYNTH,Orlando Executive,2002-02-15,TMIN,690.0,SYNTHETIC
SYNTH,Orlando Executive,2002-02-15,PRCP,3.0,SYNTHETIC
SYNTH,Sebring,2002-02-15,TMAX,900.0,SYNTHETIC
SYNTH,Sebring,2002-02-15,TMIN,433.0,SYNTHETIC
SYNTH,Sebring,2002-02-15,PRCP,6.0,SYNTHETIC
SYNTH,Lakeland Linder,2002-03-15,TMAX,767.0,SYNTHETIC
SYNTH,Lakeland Linder,2002-03-15,TMIN,503.0,SYNTHETIC
SYNTH,Lakeland Linder,2002-03-15,PRCP,5.0,SYNTHETIC
SYNTH,Tampa International,2002-03-15,TMAX,929.0,SYNTHETIC
SYNTH,Tampa International,2002-03-15,TMIN,639.0,SYNTHETIC
SYNTH,Tampa International,2002-03-15,PRCP,7.0,SYNTHETIC
SYNTH,Orlando Executive,2002-03-15,TMAX,948.0,SYNTHETIC
SYNTH,Orlando Executive,2002-03-15,TMIN,755.0,SYNTHETIC
SYNTH,Orlando Executive,2002-03-15,PRCP,11.0,SYNTHETIC
SYNTH,Sebring,2002-03-15,TMAX,879.0,SYNTHETIC
SYNTH,Sebring,2002-03-15,TMIN,656.0,SYNTHETIC
SYNTH,Sebring,2002-03-15,PRCP,5.0,SYNTHETIC
SYNTH,Lakeland Linder,2002-04-15,TMAX,800.0,SYNTHETIC
SYNTH,Lakeland Linder,2002-04-15,TMIN,582.0,SYNTHETIC
SYNTH,Lakeland Linder,2002-04-15,PRCP,13.0,SYNTHETIC
SYNTH,Tampa International,2002-04-15,TMAX,805.0,SYNTHETIC
SYNTH,Tampa International,2002-04-15,TMIN,659.0,SYNTHETIC
SYNTH,Tampa International,2002-04-15,PRCP,5.0,SYNTHETIC
SYNTH,Orlando Executive,2002-04-15,TMAX,823.0,SYNTHETIC
SYNTH,Orlando Executive,2002-04-15,TMIN,785.0,SYNTHETIC
SYNTH,Orlando Executive,2002-04-15,PRCP,0.0,SYNTHETIC
SYNTH,Sebring,2002-04-15,TMAX,835.0,SYNTHETIC
SYNTH,Sebring,2002-04-15,TMIN,590.0,SYNTHETIC
SYNTH,Sebring,2002-04-15,PRCP,3.0,SYNTHETIC
SYNTH,Lakeland Linder,2002-05-15,TMAX,771.0,SYNTHETIC
SYNTH,Lakeland Linder,2002-05-15,TMIN,647.0,SYNTHETIC
SYNTH,Lakeland Linder,2002-05-15,PRCP,0.0,SYNTHETIC
SYNTH,Tampa International,2002-05-15,TMAX,764.0,SYNTHETIC
SYNTH,Tampa International,2002-05-15,TMIN,537.0,SYNTHETIC
SYNTH,Tampa International,2002-05-15,PRCP,2.0,SYNTHETIC
SYNTH,Orlando Executive,2002-05-15,TMAX,699.0,SYNTHETIC
SYNTH,Orlando Executive,2002-05-15,TMIN,710.0,SYNTHETIC
SYNTH,Orlando Executive,2002-05-15,PRCP,3.0,SYNTHETIC
SYNTH,Sebring,2002-05-15,TMAX,703.0,SYNTHETIC
SYNTH,Sebring,2002-05-15,TMIN,625.0,SYNTHETIC
SYNTH,Sebring,2002-05-15,PRCP,0.0,SYNTHETIC
SYNTH,Lakeland Linder,2002-06-15,TMAX,845.0,SYNTHETIC
SYNTH,Lakeland Linder,2002-06-15,TMIN,757.0,SYNTHETIC
SYNTH,Lakeland Linder,2002-06-15,PRCP,6.0,SYNTHETIC
SYNTH,Tampa International,2002-06-15,TMAX,829.0,SYNTHETIC
SYNTH,Tampa International,2002-06-15,TMIN,637.0,SYNTHETIC
SYNTH,Tampa International,2002-06-15,PRCP,6.0,SYNTHETIC
SYNTH,Orlando Executive,2002-06-15,TMAX,837.0,SYNTHETIC
SYNTH,Orlando Executive,2002-06-15,TMIN,589.0,SYNTHETIC
SYNTH,Orlando Executive,2002-06-15,PRCP,1.0,SYNTHETIC
SYNTH,Sebring,2002-06-15,TMAX,756.0,SYNTHETIC
SYNTH,Sebring,2002-06-15,TMIN,736.0,SYNTHETIC
SYNTH,Sebring,2002-06-15,PRCP,3.0,SYNTHETIC
SYNTH,Lakeland Linder,2002-07-15,TMAX,972.0,SYNTHETIC
SYNTH,Lakeland Linder,2002-07-15,TMIN,645.0,SYNTHETIC
SYNTH,Lakeland Linder,2002-07-15,PRCP,0.0,SYNTHETIC
SYNTH,Tampa International,2002-07-15,TMAX,698.0,SYNTHETIC
SYNTH,Tampa International,2002-07-15,TMIN,505.0,SYNTHETIC
SYNTH,Tampa International,2002-07-15,PRCP,4.0,SYNTHETIC
SYNTH,Orlando Executive,2002-07-15,TMAX,841.0,SYNTHETIC
SYNTH,Orlando Executive,2002-07-15,TMIN,690.0,SYNTHETIC
SYNTH,Orlando Executive,2002-07-15,PRCP,4.0,SYNTHETIC
SYNTH,Sebring,2002-07-15,TMAX,891.0,SYNTHETIC
SYNTH,Sebring,2002-07-15,TMIN,611.0,SYNTHETIC
SYNTH,Sebring,2002-07-15,PRCP,3.0,SYNTHETIC
SYNTH,Lakeland Linder,2002-08-15,TMAX,948.0,SYNTHETIC
SYNTH,Lakeland Linder,2002-08-15,TMIN,721.0,SYNTHETIC
SYNTH,Lakeland Linder,2002-08-15,PRCP,1.0,SYNTHETIC
SYNTH,Tampa International,2002-08-15,TMAX,748.0,SYNTHETIC
SYNTH,Tampa International,2002-08-15,TMIN,477.0,SYNTHETIC
SYNTH,Tampa International,2002-08-15,PRCP,0.0,SYNTHETIC
SYNTH,Orlando Executive,2002-08-15,TMAX,803.0,SYNTHETIC
SYNTH,Orlando Executive,2002-08-15,TMIN,571.0,SYNTHETIC
SYNTH,Orlando Executive,2002-08-15,PRCP,2.0,SYNTHETIC
SYNTH,Sebring,2002-08-15,TMAX,826.0,SYNTHETIC
SYNTH,Sebring,2002-08-15,TMIN,632.0,SYNTHETIC
SYNTH,Sebring,2002-08-15,PRCP,0.0,SYNTHETIC
SYNTH,Lakeland Linder,2002-09-15,TMAX,833.0,SYNTHETIC
SYNTH,Lakeland Linder,2002-09-15,TMIN,685.0,SYNTHETIC
SYNTH,Lakeland Linder,2002-09-15,PRCP,2.0,SYNTHETIC
SYNTH,Tampa International,2002-09-15,TMAX,932.0,SYNTHETIC
SYNTH,Tampa International,2002-09-15,TMIN,642.0,SYNTHETIC
SYNTH,Tampa International,2002-09-15,PRCP,3.0,SYNTHETIC
SYNTH,Orlando Executive,2002-09-15,TMAX,876.0,SYNTHETIC
SYNTH,Orlando Executive,2002-09-15,TMIN,668.0,SYNTHETIC
SYNTH,Orlando Executive,2002-09-15,PRCP,7.0,SYNTHETIC
SYNTH,Sebring,2002-09-15,TMAX,842.0,SYNTHETIC
SYNTH,Sebring,2002-09-15,TMIN,601.0,SYNTHETIC
SYNTH,Sebring,2002-09-15,PRCP,4.0,SYNTHETIC
SYNTH,Lakeland Linder,2002-10-15,TMAX,728.0,SYNTHETIC
SYNTH,Lakeland Linder,2002-10-15,TMIN,658.0,SYNTHETIC
SYNTH,Lakeland Linder,2002-10-15,PRCP,2.0,SYNTHETIC
SYNTH,Tampa International,2002-10-15,TMAX,803.0,SYNTHETIC
SYNTH,Tampa International,2002-10-15,TMIN,639.0,SYNTHETIC
SYNTH,Tampa International,2002-10-15,PRCP,6.0,SYNTHETIC
SYNTH,Orlando Executive,2002-10-15,TMAX,776.0,SYNTHETIC
SYNTH,Orlando Executive,2002-10-15,TMIN,657.0,SYNTHETIC
SYNTH,Orlando Executive,2002-10-15,PRCP,3.0,SYNTHETIC
SYNTH,Sebring,2002-10-15,TMAX,737.0,SYNTHETIC
SYNTH,Sebring,2002-10-15,TMIN,751.0,SYNTHETIC
SYNTH,Sebring,2002-10-15,PRCP,1.0,SYNTHETIC
SYNTH,Lakeland Linder,2002-11-15,TMAX,897.0,SYNTHETIC
SYNTH,Lakeland Linder,2002-11-15,TMIN,684.0,SYNTHETIC
SYNTH,Lakeland Linder,2002-11-15,PRCP,0.0,SYNTHETIC
SYNTH,Tampa International,2002-11-15,TMAX,962.0,SYNTHETIC
SYNTH,Tampa International,2002-11-15,TMIN,554.0,SYNTHETIC
SYNTH,Tampa International,2002-11-15,PRCP,7.0,SYNTHETIC
SYNTH,Orlando Executive,2002-11-15,TMAX,900.0,SYNTHETIC
SYNTH,Orlando Executive,2002-11-15,TMIN,596.0,SYNTHETIC
SYNTH,Orlando Executive,2002-11-15,PRCP,9.0,SYNTHETIC
SYNTH,Sebring,2002-11-15,TMAX,799.0,SYNTHETIC
SYNTH,Sebring,2002-11-15,TMIN,673.0,SYNTHETIC
SYNTH,Sebring,2002-11-15,PRCP,4.0,SYNTHETIC
SYNTH,Lakeland Linder,2002-12-15,TMAX,809.0,SYNTHETIC
SYNTH,Lakeland Linder,2002-12-15,TMIN,714.0,SYNTHETIC
SYNTH,Lakeland Linder,2002-12-15,PRCP,6.0,SYNTHETIC
SYNTH,Tampa International,2002-12-15,TMAX,680.0,SYNTHETIC
SYNTH,Tampa International,2002-12-15,TMIN,754.0,SYNTHETIC
SYNTH,Tampa International,2002-12-15,PRCP,5.0,SYNTHETIC
SYNTH,Orlando Executive,2002-12-15,TMAX,902.0,SYNTHETIC
SYNTH,Orlando Executive,2002-12-15,TMIN,740.0,SYNTHETIC
SYNTH,Orlando Executive,2002-12-15,PRCP,2.0,SYNTHETIC
SYNTH,Sebring,2002-12-15,TMAX,787.0,SYNTHETIC
SYNTH,Sebring,2002-12-15,TMIN,561.0,SYNTHETIC
SYNTH,Sebring,2002-12-15,PRCP,1.0,SYNTHETIC
SYNTH,Lakeland Linder,2003-01-15,TMAX,795.0,SYNTHETIC
SYNTH,Lakeland Linder,2003-01-15,TMIN,712.0,SYNTHETIC
SYNTH,Lakeland Linder,2003-01-15,PRCP,9.0,SYNTHETIC
SYNTH,Tampa International,2003-01-15,TMAX,931.0,SYNTHETIC
SYNTH,Tampa International,2003-01-15,TMIN,605.0,SYNTHETIC
SYNTH,Tampa International,2003-01-15,PRCP,1.0,SYNTHETIC
SYNTH,Orlando Executive,2003-01-15,TMAX,685.0,SYNTHETIC
SYNTH,Orlando Executive,2003-01-15,TMIN,585.0,SYNTHETIC
SYNTH,Orlando Executive,2003-01-15,PRCP,7.0,SYNTHETIC
SYNTH,Sebring,2003-01-15,TMAX,949.0,SYNTHETIC
SYNTH,Sebring,2003-01-15,TMIN,551.0,SYNTHETIC
SYNTH,Sebring,2003-01-15,PRCP,0.0,SYNTHETIC
SYNTH,Lakeland Linder,2003-02-15,TMAX,817.0,SYNTHETIC
SYNTH,Lakeland Linder,2003-02-15,TMIN,672.0,SYNTHETIC
SYNTH,Lakeland Linder,2003-02-15,PRCP,1.0,SYNTHETIC
SYNTH,Tampa International,2003-02-15,TMAX,853.0,SYNTHETIC
SYNTH,Tampa International,2003-02-15,TMIN,612.0,SYNTHETIC
SYNTH,Tampa International,2003-02-15,PRCP,2.0,SYNTHETIC
SYNTH,Orlando Executive,2003-02-15,TMAX,863.0,SYNTHETIC
SYNTH,Orlando Executive,2003-02-15,TMIN,650.0,SYNTHETIC
SYNTH,Orlando Executive,2003-02-15,PRCP,0.0,SYNTHETIC
SYNTH,Sebring,2003-02-15,TMAX,811.0,SYNTHETIC
SYNTH,Sebring,2003-02-15,TMIN,642.0,SYNTHETIC
SYNTH,Sebring,2003-02-15,PRCP,1.0,SYNTHETIC
SYNTH,Lakeland Linder,2003-03-15,TMAX,799.0,SYNTHETIC
SYNTH,Lakeland Linder,2003-03-15,TMIN,777.0,SYNTHETIC
SYNTH,Lakeland Linder,2003-03-15,PRCP,5.0,SYNTHETIC
SYNTH,Tampa International,2003-03-15,TMAX,796.0,SYNTHETIC
SYNTH,Tampa International,2003-03-15,TMIN,705.0,SYNTHETIC
SYNTH,Tampa International,2003-03-15,PRCP,1.0,SYNTHETIC
SYNTH,Orlando Executive,2003-03-15,TMAX,913.0,SYNTHETIC
SYNTH,Orlando Executive,2003-03-15,TMIN,679.0,SYNTHETIC
SYNTH,Orlando Executive,2003-03-15,PRCP,2.0,SYNTHETIC
SYNTH,Sebring,2003-03-15,TMAX,855.0,SYNTHETIC
SYNTH,Sebring,2003-03-15,TMIN,524.0,SYNTHETIC
SYNTH,Sebring,2003-03-15,PRCP,2.0,SYNTHETIC
SYNTH,Lakeland Linder,2003-04-15,TMAX,724.0,SYNTHETIC
SYNTH,Lakeland Linder,2003-04-15,TMIN,661.0,SYNTHETIC
SYNTH,Lakeland Linder,2003-04-15,PRCP,11.0,SYNTHETIC
SYNTH,Tampa International,2003-04-15,TMAX,998.0,SYNTHETIC
SYNTH,Tampa International,2003-04-15,TMIN,701.0,SYNTHETIC
SYNTH,Tampa International,2003-04-15,PRCP,5.0,SYNTHETIC
SYNTH,Orlando Executive,2003-04-15,TMAX,675.0,SYNTHETIC
SYNTH,Orlando Executive,2003-04-15,TMIN,606.0,SYNTHETIC
SYNTH,Orlando Executive,2003-04-15,PRCP,0.0,SYNTHETIC
SYNTH,Sebring,2003-04-15,TMAX,770.0,SYNTHETIC
SYNTH,Sebring,2003-04-15,TMIN,636.0,SYNTHETIC
SYNTH,Sebring,2003-04-15,PRCP,0.0,SYNTHETIC
SYNTH,Lakeland Linder,2003-05-15,TMAX,661.0,SYNTHETIC
SYNTH,Lakeland Linder,2003-05-15,TMIN,709.0,SYNTHETIC
SYNTH,Lakeland Linder,2003-05-15,PRCP,2.0,SYNTHETIC
SYNTH,Tampa International,2003-05-15,TMAX,839.0,SYNTHETIC
SYNTH,Tampa International,2003-05-15,TMIN,815.0,SYNTHETIC
SYNTH,Tampa International,2003-05-15,PRCP,1.0,SYNTHETIC
SYNTH,Orlando Executive,2003-05-15,TMAX,617.0,SYNTHETIC
SYNTH,Orlando Executive,2003-05-15,TMIN,627.0,SYNTHETIC
SYNTH,Orlando Executive,2003-05-15,PRCP,8.0,SYNTHETIC
SYNTH,Sebring,2003-05-15,TMAX,976.0,SYNTHETIC
SYNTH,Sebring,2003-05-15,TMIN,551.0,SYNTHETIC
SYNTH,Sebring,2003-05-15,PRCP,5.0,SYNTHETIC
SYNTH,Lakeland Linder,2003-06-15,TMAX,782.0,SYNTHETIC
SYNTH,Lakeland Linder,2003-06-15,TMIN,641.0,SYNTHETIC
SYNTH,Lakeland Linder,2003-06-15,PRCP,16.0,SYNTHETIC
SYNTH,Tampa International,2003-06-15,TMAX,699.0,SYNTHETIC
SYNTH,Tampa International,2003-06-15,TMIN,670.0,SYNTHETIC
SYNTH,Tampa International,2003-06-15,PRCP,5.0,SYNTHETIC
SYNTH,Orlando Executive,2003-06-15,TMAX,906.0,SYNTHETIC
SYNTH,Orlando Executive,2003-06-15,TMIN,657.0,SYNTHETIC
SYNTH,Orlando Executive,2003-06-15,PRCP,4.0,SYNTHETIC
SYNTH,Sebring,2003-06-15,TMAX,788.0,SYNTHETIC
SYNTH,Sebring,2003-06-15,TMIN,671.0,SYNTHETIC
SYNTH,Sebring,2003-06-15,PRCP,1.0,SYNTHETIC
SYNTH,Lakeland Linder,2003-07-15,TMAX,869.0,SYNTHETIC
SYNTH,Lakeland Linder,2003-07-15,TMIN,620.0,SYNTHETIC
SYNTH,Lakeland Linder,2003-07-15,PRCP,4.0,SYNTHETIC
SYNTH,Tampa International,2003-07-15,TMAX,817.0,SYNTHETIC
SYNTH,Tampa International,2003-07-15,TMIN,740.0,SYNTHETIC
SYNTH,Tampa International,2003-07-15,PRCP,2.0,SYNTHETIC
SYNTH,Orlando Executive,2003-07-15,TMAX,678.0,SYNTHETIC
SYNTH,Orlando Executive,2003-07-15,TMIN,750.0,SYNTHETIC
SYNTH,Orlando Executive,2003-07-15,PRCP,1.0,SYNTHETIC
SYNTH,Sebring,2003-07-15,TMAX,767.0,SYNTHETIC
SYNTH,Sebring,2003-07-15,TMIN,602.0,SYNTHETIC
SYNTH,Sebring,2003-07-15,PRCP,9.0,SYNTHETIC
SYNTH,Lakeland Linder,2003-08-15,TMAX,649.0,SYNTHETIC
SYNTH,Lakeland Linder,2003-08-15,TMIN,901.0,SYNTHETIC
SYNTH,Lakeland Linder,2003-08-15,PRCP,8.0,SYNTHETIC
SYNTH,Tampa International,2003-08-15,TMAX,837.0,SYNTHETIC
SYNTH,Tampa International,2003-08-15,TMIN,645.0,SYNTHETIC
SYNTH,Tampa International,2003-08-15,PRCP,4.0,SYNTHETIC
SYNTH,Orlando Executive,2003-08-15,TMAX,861.0,SYNTHETIC
SYNTH,Orlando Executive,2003-08-15,TMIN,701.0,SYNTHETIC
SYNTH,Orlando Executive,2003-08-15,PRCP,5.0,SYNTHETIC
SYNTH,Sebring,2003-08-15,TMAX,827.0,SYNTHETIC
SYNTH,Sebring,2003-08-15,TMIN,634.0,SYNTHETIC
SYNTH,Sebring,2003-08-15,PRCP,2.0,SYNTHETIC
SYNTH,Lakeland Linder,2003-09-15,TMAX,804.0,SYNTHETIC
SYNTH,Lakeland Linder,2003-09-15,TMIN,740.0,SYNTHETIC
SYNTH,Lakeland Linder,2003-09-15,PRCP,5.0,SYNTHETIC
SYNTH,Tampa International,2003-09-15,TMAX,584.0,SYNTHETIC
SYNTH,Tampa International,2003-09-15,TMIN,702.0,SYNTHETIC
SYNTH,Tampa International,2003-09-15,PRCP,3.0,SYNTHETIC
SYNTH,Orlando Executive,2003-09-15,TMAX,818.0,SYNTHETIC
SYNTH,Orlando Executive,2003-09-15,TMIN,618.0,SYNTHETIC
SYNTH,Orlando Executive,2003-09-15,PRCP,8.0,SYNTHETIC
SYNTH,Sebring,2003-09-15,TMAX,895.0,SYNTHETIC
SYNTH,Sebring,2003-09-15,TMIN,588.0,SYNTHETIC
SYNTH,Sebring,2003-09-15,PRCP,5.0,SYNTHETIC
SYNTH,Lakeland Linder,2003-10-15,TMAX,742.0,SYNTHETIC
SYNTH,Lakeland Linder,2003-10-15,TMIN,539.0,SYNTHETIC
SYNTH,Lakeland Linder,2003-10-15,PRCP,0.0,SYNTHETIC
SYNTH,Tampa International,2003-10-15,TMAX,888.0,SYNTHETIC
SYNTH,Tampa International,2003-10-15,TMIN,726.0,SYNTHETIC
SYNTH,Tampa International,2003-10-15,PRCP,5.0,SYNTHETIC
SYNTH,Orlando Executive,2003-10-15,TMAX,878.0,SYNTHETIC
SYNTH,Orlando Executive,2003-10-15,TMIN,691.0,SYNTHETIC
SYNTH,Orlando Executive,2003-10-15,PRCP,0.0,SYNTHETIC
SYNTH,Sebring,2003-10-15,TMAX,854.0,SYNTHETIC
SYNTH,Sebring,2003-10-15,TMIN,714.0,SYNTHETIC
SYNTH,Sebring,2003-10-15,PRCP,6.0,SYNTHETIC
SYNTH,Lakeland Linder,2003-11-15,TMAX,915.0,SYNTHETIC
SYNTH,Lakeland Linder,2003-11-15,TMIN,706.0,SYNTHETIC
SYNTH,Lakeland Linder,2003-11-15,PRCP,4.0,SYNTHETIC
SYNTH,Tampa International,2003-11-15,TMAX,905.0,SYNTHETIC
SYNTH,Tampa International,2003-11-15,TMIN,647.0,SYNTHETIC
SYNTH,Tampa International,2003-11-15,PRCP,1.0,SYNTHETIC
SYNTH,Orlando Executive,2003-11-15,TMAX,806.0,SYNTHETIC
SYNTH,Orlando Executive,2003-11-15,TMIN,590.0,SYNTHETIC
SYNTH,Orlando Executive,2003-11-15,PRCP,0.0,SYNTHETIC
SYNTH,Sebring,2003-11-15,TMAX,808.0,SYNTHETIC
SYNTH,Sebring,2003-11-15,TMIN,586.0,SYNTHETIC
SYNTH,Sebring,2003-11-15,PRCP,1.0,SYNTHETIC
SYNTH,Lakeland Linder,2003-12-15,TMAX,668.0,SYNTHETIC
SYNTH,Lakeland Linder,2003-12-15,TMIN,667.0,SYNTHETIC
SYNTH,Lakeland Linder,2003-12-15,PRCP,3.0,SYNTHETIC
SYNTH,Tampa International,2003-12-15,TMAX,754.0,SYNTHETIC
SYNTH,Tampa International,2003-12-15,TMIN,702.0,SYNTHETIC
SYNTH,Tampa International,2003-12-15,PRCP,7.0,SYNTHETIC
SYNTH,Orlando Executive,2003-12-15,TMAX,691.0,SYNTHETIC
SYNTH,Orlando Executive,2003-12-15,TMIN,588.0,SYNTHETIC
SYNTH,Orlando Executive,2003-12-15,PRCP,0.0,SYNTHETIC
SYNTH,Sebring,2003-12-15,TMAX,744.0,SYNTHETIC
SYNTH,Sebring,2003-12-15,TMIN,716.0,SYNTHETIC
SYNTH,Sebring,2003-12-15,PRCP,2.0,SYNTHETIC
SYNTH,Lakeland Linder,2004-01-15,TMAX,798.0,SYNTHETIC
SYNTH,Lakeland Linder,2004-01-15,TMIN,489.0,SYNTHETIC
SYNTH,Lakeland Linder,2004-01-15,PRCP,6.0,SYNTHETIC
SYNTH,Tampa International,2004-01-15,TMAX,720.0,SYNTHETIC
SYNTH,Tampa International,2004-01-15,TMIN,654.0,SYNTHETIC
SYNTH,Tampa International,2004-01-15,PRCP,4.0,SYNTHETIC
SYNTH,Orlando Executive,2004-01-15,TMAX,928.0,SYNTHETIC
SYNTH,Orlando Executive,2004-01-15,TMIN,545.0,SYNTHETIC
SYNTH,Orlando Executive,2004-01-15,PRCP,12.0,SYNTHETIC
SYNTH,Sebring,2004-01-15,TMAX,834.0,SYNTHETIC
SYNTH,Sebring,2004-01-15,TMIN,794.0,SYNTHETIC
SYNTH,Sebring,2004-01-15,PRCP,9.0,SYNTHETIC
SYNTH,Lakeland Linder,2004-02-15,TMAX,836.0,SYNTHETIC
SYNTH,Lakeland Linder,2004-02-15,TMIN,610.0,SYNTHETIC
SYNTH,Lakeland Linder,2004-02-15,PRCP,7.0,SYNTHETIC
SYNTH,Tampa International,2004-02-15,TMAX,742.0,SYNTHETIC
SYNTH,Tampa International,2004-02-15,TMIN,688.0,SYNTHETIC
SYNTH,Tampa International,2004-02-15,PRCP,5.0,SYNTHETIC
SYNTH,Orlando Executive,2004-02-15,TMAX,904.0,SYNTHETIC
SYNTH,Orlando Executive,2004-02-15,TMIN,870.0,SYNTHETIC
SYNTH,Orlando Executive,2004-02-15,PRCP,4.0,SYNTHETIC
SYNTH,Sebring,2004-02-15,TMAX,779.0,SYNTHETIC
SYNTH,Sebring,2004-02-15,TMIN,647.0,SYNTHETIC
SYNTH,Sebring,2004-02-15,PRCP,5.0,SYNTHETIC
SYNTH,Lakeland Linder,2004-03-15,TMAX,764.0,SYNTHETIC
SYNTH,Lakeland Linder,2004-03-15,TMIN,617.0,SYNTHETIC
SYNTH,Lakeland Linder,2004-03-15,PRCP,0.0,SYNTHETIC
SYNTH,Tampa International,2004-03-15,TMAX,832.0,SYNTHETIC
SYNTH,Tampa International,2004-03-15,TMIN,584.0,SYNTHETIC
SYNTH,Tampa International,2004-03-15,PRCP,8.0,SYNTHETIC
SYNTH,Orlando Executive,2004-03-15,TMAX,820.0,SYNTHETIC
SYNTH,Orlando Executive,2004-03-15,TMIN,649.0,SYNTHETIC
SYNTH,Orlando Executive,2004-03-15,PRCP,1.0,SYNTHETIC
SYNTH,Sebring,2004-03-15,TMAX,832.0,SYNTHETIC
SYNTH,Sebring,2004-03-15,TMIN,716.0,SYNTHETIC
SYNTH,Sebring,2004-03-15,PRCP,1.0,SYNTHETIC
SYNTH,Lakeland Linder,2004-04-15,TMAX,767.0,SYNTHETIC
SYNTH,Lakeland Linder,2004-04-15,TMIN,625.0,SYNTHETIC
SYNTH,Lakeland Linder,2004-04-15,PRCP,3.0,SYNTHETIC
SYNTH,Tampa International,2004-04-15,TMAX,754.0,SYNTHETIC
SYNTH,Tampa International,2004-04-15,TMIN,611.0,SYNTHETIC
SYNTH,Tampa International,2004-04-15,PRCP,7.0,SYNTHETIC
SYNTH,Orlando Executive,2004-04-15,TMAX,841.0,SYNTHETIC
SYNTH,Orlando Executive,2004-04-15,TMIN,665.0,SYNTHETIC
SYNTH,Orlando Executive,2004-04-15,PRCP,7.0,SYNTHETIC
SYNTH,Sebring,2004-04-15,TMAX,809.0,SYNTHETIC
SYNTH,Sebring,2004-04-15,TMIN,681.0,SYNTHETIC
SYNTH,Sebring,2004-04-15,PRCP,2.0,SYNTHETIC
SYNTH,Lakeland Linder,2004-05-15,TMAX,841.0,SYNTHETIC
SYNTH,Lakeland Linder,2004-05-15,TMIN,603.0,SYNTHETIC
SYNTH,Lakeland Linder,2004-05-15,PRCP,9.0,SYNTHETIC
SYNTH,Tampa International,2004-05-15,TMAX,809.0,SYNTHETIC
SYNTH,Tampa International,2004-05-15,TMIN,763.0,SYNTHETIC
SYNTH,Tampa International,2004-05-15,PRCP,7.0,SYNTHETIC
SYNTH,Orlando Executive,2004-05-15,TMAX,897.0,SYNTHETIC
SYNTH,Orlando Executive,2004-05-15,TMIN,748.0,SYNTHETIC
SYNTH,Orlando Executive,2004-05-15,PRCP,3.0,SYNTHETIC
SYNTH,Sebring,2004-05-15,TMAX,835.0,SYNTHETIC
SYNTH,Sebring,2004-05-15,TMIN,600.0,SYNTHETIC
SYNTH,Sebring,2004-05-15,PRCP,1.0,SYNTHETIC
SYNTH,Lakeland Linder,2004-06-15,TMAX,869.0,SYNTHETIC
SYNTH,Lakeland Linder,2004-06-15,TMIN,746.0,SYNTHETIC
SYNTH,Lakeland Linder,2004-06-15,PRCP,2.0,SYNTHETIC
SYNTH,Tampa International,2004-06-15,TMAX,783.0,SYNTHETIC
SYNTH,Tampa International,2004-06-15,TMIN,650.0,SYNTHETIC
SYNTH,Tampa International,2004-06-15,PRCP,6.0,SYNTHETIC
SYNTH,Orlando Executive,2004-06-15,TMAX,704.0,SYNTHETIC
SYNTH,Orlando Executive,2004-06-15,TMIN,466.0,SYNTHETIC
SYNTH,Orlando Executive,2004-06-15,PRCP,0.0,SYNTHETIC
SYNTH,Sebring,2004-06-15,TMAX,722.0,SYNTHETIC
SYNTH,Sebring,2004-06-15,TMIN,609.0,SYNTHETIC
SYNTH,Sebring,2004-06-15,PRCP,2.0,SYNTHETIC
SYNTH,Lakeland Linder,2004-07-15,TMAX,783.0,SYNTHETIC
SYNTH,Lakeland Linder,2004-07-15,TMIN,766.0,SYNTHETIC
SYNTH,Lakeland Linder,2004-07-15,PRCP,4.0,SYNTHETIC
SYNTH,Tampa International,2004-07-15,TMAX,844.0,SYNTHETIC
SYNTH,Tampa International,2004-07-15,TMIN,699.0,SYNTHETIC
SYNTH,Tampa International,2004-07-15,PRCP,2.0,SYNTHETIC
SYNTH,Orlando Executive,2004-07-15,TMAX,903.0,SYNTHETIC
SYNTH,Orlando Executive,2004-07-15,TMIN,643.0,SYNTHETIC
SYNTH,Orlando Executive,2004-07-15,PRCP,6.0,SYNTHETIC
SYNTH,Sebring,2004-07-15,TMAX,734.0,SYNTHETIC
SYNTH,Sebring,2004-07-15,TMIN,525.0,SYNTHETIC
SYNTH,Sebring,2004-07-15,PRCP,7.0,SYNTHETIC
SYNTH,Lakeland Linder,2004-08-15,TMAX,850.0,SYNTHETIC
SYNTH,Lakeland Linder,2004-08-15,TMIN,577.0,SYNTHETIC
SYNTH,Lakeland Linder,2004-08-15,PRCP,1.0,SYNTHETIC
SYNTH,Tampa International,2004-08-15,TMAX,910.0,SYNTHETIC
SYNTH,Tampa International,2004-08-15,TMIN,554.0,SYNTHETIC
SYNTH,Tampa International,2004-08-15,PRCP,11.0,SYNTHETIC
SYNTH,Orlando Executive,2004-08-15,TMAX,747.0,SYNTHETIC
SYNTH,Orlando Executive,2004-08-15,TMIN,701.0,SYNTHETIC
SYNTH,Orlando Executive,2004-08-15,PRCP,1.0,SYNTHETIC
SYNTH,Sebring,2004-08-15,TMAX,868.0,SYNTHETIC
SYNTH,Sebring,2004-08-15,TMIN,606.0,SYNTHETIC
SYNTH,Sebring,2004-08-15,PRCP,2.0,SYNTHETIC
SYNTH,Lakeland Linder,2004-09-15,TMAX,823.0,SYNTHETIC
SYNTH,Lakeland Linder,2004-09-15,TMIN,569.0,SYNTHETIC
SYNTH,Lakeland Linder,2004-09-15,PRCP,6.0,SYNTHETIC
SYNTH,Tampa International,2004-09-15,TMAX,778.0,SYNTHETIC
SYNTH,Tampa International,2004-09-15,TMIN,631.0,SYNTHETIC
SYNTH,Tampa International,2004-09-15,PRCP,1.0,SYNTHETIC
SYNTH,Orlando Executive,2004-09-15,TMAX,615.0,SYNTHETIC
SYNTH,Orlando Executive,2004-09-15,TMIN,634.0,SYNTHETIC
SYNTH,Orlando Executive,2004-09-15,PRCP,15.0,SYNTHETIC
SYNTH,Sebring,2004-09-15,TMAX,882.0,SYNTHETIC
SYNTH,Sebring,2004-09-15,TMIN,648.0,SYNTHETIC
SYNTH,Sebring,2004-09-15,PRCP,1.0,SYNTHETIC
SYNTH,Lakeland Linder,2004-10-15,TMAX,821.0,SYNTHETIC
SYNTH,Lakeland Linder,2004-10-15,TMIN,693.0,SYNTHETIC
SYNTH,Lakeland Linder,2004-10-15,PRCP,2.0,SYNTHETIC
SYNTH,Tampa International,2004-10-15,TMAX,909.0,SYNTHETIC
SYNTH,Tampa International,2004-10-15,TMIN,707.0,SYNTHETIC
SYNTH,Tampa International,2004-10-15,PRCP,6.0,SYNTHETIC
SYNTH,Orlando Executive,2004-10-15,TMAX,855.0,SYNTHETIC
SYNTH,Orlando Executive,2004-10-15,TMIN,651.0,SYNTHETIC
SYNTH,Orlando Executive,2004-10-15,PRCP,6.0,SYNTHETIC
SYNTH,Sebring,2004-10-15,TMAX,867.0,SYNTHETIC
SYNTH,Sebring,2004-10-15,TMIN,621.0,SYNTHETIC
SYNTH,Sebring,2004-10-15,PRCP,0.0,SYNTHETIC
SYNTH,Lakeland Linder,2004-11-15,TMAX,828.0,SYNTHETIC
SYNTH,Lakeland Linder,2004-11-15,TMIN,773.0,SYNTHETIC
SYNTH,Lakeland Linder,2004-11-15,PRCP,3.0,SYNTHETIC
SYNTH,Tampa International,2004-11-15,TMAX,702.0,SYNTHETIC
SYNTH,Tampa International,2004-11-15,TMIN,663.0,SYNTHETIC
SYNTH,Tampa International,2004-11-15,PRCP,3.0,SYNTHETIC
SYNTH,Orlando Executive,2004-11-15,TMAX,833.0,SYNTHETIC
SYNTH,Orlando Executive,2004-11-15,TMIN,669.0,SYNTHETIC
SYNTH,Orlando Executive,2004-11-15,PRCP,1.0,SYNTHETIC
SYNTH,Sebring,2004-11-15,TMAX,939.0,SYNTHETIC
SYNTH,Sebring,2004-11-15,TMIN,521.0,SYNTHETIC
SYNTH,Sebring,2004-11-15,PRCP,1.0,SYNTHETIC
SYNTH,Lakeland Linder,2004-12-15,TMAX,811.0,SYNTHETIC
SYNTH,Lakeland Linder,2004-12-15,TMIN,518.0,SYNTHETIC
SYNTH,Lakeland Linder,2004-12-15,PRCP,2.0,SYNTHETIC
SYNTH,Tampa International,2004-12-15,TMAX,952.0,SYNTHETIC
SYNTH,Tampa International,2004-12-15,TMIN,651.0,SYNTHETIC
SYNTH,Tampa International,2004-12-15,PRCP,4.0,SYNTHETIC
SYNTH,Orlando Executive,2004-12-15,TMAX,719.0,SYNTHETIC
SYNTH,Orlando Executive,2004-12-15,TMIN,600.0,SYNTHETIC
SYNTH,Orlando Executive,2004-12-15,PRCP,1.0,SYNTHETIC
SYNTH,Sebring,2004-12-15,TMAX,794.0,SYNTHETIC
SYNTH,Sebring,2004-12-15,TMIN,752.0,SYNTHETIC
SYNTH,Sebring,2004-12-15,PRCP,5.0,SYNTHETIC
SYNTH,Lakeland Linder,2005-01-15,TMAX,731.0,SYNTHETIC
SYNTH,Lakeland Linder,2005-01-15,TMIN,669.0,SYNTHETIC
SYNTH,Lakeland Linder,2005-01-15,PRCP,5.0,SYNTHETIC
SYNTH,Tampa International,2005-01-15,TMAX,911.0,SYNTHETIC
SYNTH,Tampa International,2005-01-15,TMIN,776.0,SYNTHETIC
SYNTH,Tampa International,2005-01-15,PRCP,2.0,SYNTHETIC
SYNTH,Orlando Executive,2005-01-15,TMAX,755.0,SYNTHETIC
SYNTH,Orlando Executive,2005-01-15,TMIN,549.0,SYNTHETIC
SYNTH,Orlando Executive,2005-01-15,PRCP,1.0,SYNTHETIC
SYNTH,Sebring,2005-01-15,TMAX,857.0,SYNTHETIC
SYNTH,Sebring,2005-01-15,TMIN,728.0,SYNTHETIC
SYNTH,Sebring,2005-01-15,PRCP,2.0,SYNTHETIC
SYNTH,Lakeland Linder,2005-02-15,TMAX,794.0,SYNTHETIC
SYNTH,Lakeland Linder,2005-02-15,TMIN,662.0,SYNTHETIC
SYNTH,Lakeland Linder,2005-02-15,PRCP,1.0,SYNTHETIC
SYNTH,Tampa International,2005-02-15,TMAX,987.0,SYNTHETIC
SYNTH,Tampa International,2005-02-15,TMIN,521.0,SYNTHETIC
SYNTH,Tampa International,2005-02-15,PRCP,3.0,SYNTHETIC
SYNTH,Orlando Executive,2005-02-15,TMAX,981.0,SYNTHETIC
SYNTH,Orlando Executive,2005-02-15,TMIN,650.0,SYNTHETIC
SYNTH,Orlando Executive,2005-02-15,PRCP,2.0,SYNTHETIC
SYNTH,Sebring,2005-02-15,TMAX,791.0,SYNTHETIC
SYNTH,Sebring,2005-02-15,TMIN,635.0,SYNTHETIC
SYNTH,Sebring,2005-02-15,PRCP,9.0,SYNTHETIC
SYNTH,Lakeland Linder,2005-03-15,TMAX,643.0,SYNTHETIC
SYNTH,Lakeland Linder,2005-03-15,TMIN,772.0,SYNTHETIC
SYNTH,Lakeland Linder,2005-03-15,PRCP,4.0,SYNTHETIC
SYNTH,Tampa International,2005-03-15,TMAX,798.0,SYNTHETIC
SYNTH,Tampa International,2005-03-15,TMIN,615.0,SYNTHETIC
SYNTH,Tampa International,2005-03-15,PRCP,5.0,SYNTHETIC
SYNTH,Orlando Executive,2005-03-15,TMAX,692.0,SYNTHETIC
SYNTH,Orlando Executive,2005-03-15,TMIN,686.0,SYNTHETIC
SYNTH,Orlando Executive,2005-03-15,PRCP,13.0,SYNTHETIC
SYNTH,Sebring,2005-03-15,TMAX,710.0,SYNTHETIC
SYNTH,Sebring,2005-03-15,TMIN,665.0,SYNTHETIC
SYNTH,Sebring,2005-03-15,PRCP,0.0,SYNTHETIC
SYNTH,Lakeland Linder,2005-04-15,TMAX,854.0,SYNTHETIC
SYNTH,Lakeland Linder,2005-04-15,TMIN,651.0,SYNTHETIC
SYNTH,Lakeland Linder,2005-04-15,PRCP,0.0,SYNTHETIC
SYNTH,Tampa International,2005-04-15,TMAX,859.0,SYNTHETIC
SYNTH,Tampa International,2005-04-15,TMIN,794.0,SYNTHETIC
SYNTH,Tampa International,2005-04-15,PRCP,2.0,SYNTHETIC
SYNTH,Orlando Executive,2005-04-15,TMAX,877.0,SYNTHETIC
SYNTH,Orlando Executive,2005-04-15,TMIN,546.0,SYNTHETIC
SYNTH,Orlando Executive,2005-04-15,PRCP,1.0,SYNTHETIC
SYNTH,Sebring,2005-04-15,TMAX,857.0,SYNTHETIC
SYNTH,Sebring,2005-04-15,TMIN,768.0,SYNTHETIC
SYNTH,Sebring,2005-04-15,PRCP,4.0,SYNTHETIC
SYNTH,Lakeland Linder,2005-05-15,TMAX,794.0,SYNTHETIC
SYNTH,Lakeland Linder,2005-05-15,TMIN,649.0,SYNTHETIC
SYNTH,Lakeland Linder,2005-05-15,PRCP,3.0,SYNTHETIC
SYNTH,Tampa International,2005-05-15,TMAX,868.0,SYNTHETIC
SYNTH,Tampa International,2005-05-15,TMIN,720.0,SYNTHETIC
SYNTH,Tampa International,2005-05-15,PRCP,0.0,SYNTHETIC
SYNTH,Orlando Executive,2005-05-15,TMAX,782.0,SYNTHETIC
SYNTH,Orlando Executive,2005-05-15,TMIN,671.0,SYNTHETIC
SYNTH,Orlando Executive,2005-05-15,PRCP,0.0,SYNTHETIC
SYNTH,Sebring,2005-05-15,TMAX,814.0,SYNTHETIC
SYNTH,Sebring,2005-05-15,TMIN,817.0,SYNTHETIC
SYNTH,Sebring,2005-05-15,PRCP,1.0,SYNTHETIC
SYNTH,Lakeland Linder,2005-06-15,TMAX,791.0,SYNTHETIC
SYNTH,Lakeland Linder,2005-06-15,TMIN,598.0,SYNTHETIC
SYNTH,Lakeland Linder,2005-06-15,PRCP,6.0,SYNTHETIC
SYNTH,Tampa International,2005-06-15,TMAX,805.0,SYNTHETIC
SYNTH,Tampa International,2005-06-15,TMIN,598.0,SYNTHETIC
SYNTH,Tampa International,2005-06-15,PRCP,9.0,SYNTHETIC
SYNTH,Orlando Executive,2005-06-15,TMAX,933.0,SYNTHETIC
SYNTH,Orlando Executive,2005-06-15,TMIN,601.0,SYNTHETIC
SYNTH,Orlando Executive,2005-06-15,PRCP,6.0,SYNTHETIC
SYNTH,Sebring,2005-06-15,TMAX,900.0,SYNTHETIC
SYNTH,Sebring,2005-06-15,TMIN,595.0,SYNTHETIC
SYNTH,Sebring,2005-06-15,PRCP,6.0,SYNTHETIC
SYNTH,Lakeland Linder,2005-07-15,TMAX,662.0,SYNTHETIC
SYNTH,Lakeland Linder,2005-07-15,TMIN,721.0,SYNTHETIC
SYNTH,Lakeland Linder,2005-07-15,PRCP,3.0,SYNTHETIC
SYNTH,Tampa International,2005-07-15,TMAX,878.0,SYNTHETIC
SYNTH,Tampa International,2005-07-15,TMIN,651.0,SYNTHETIC
SYNTH,Tampa International,2005-07-15,PRCP,1.0,SYNTHETIC
SYNTH,Orlando Executive,2005-07-15,TMAX,787.0,SYNTHETIC
SYNTH,Orlando Executive,2005-07-15,TMIN,704.0,SYNTHETIC
SYNTH,Orlando Executive,2005-07-15,PRCP,3.0,SYNTHETIC
SYNTH,Sebring,2005-07-15,TMAX,866.0,SYNTHETIC
SYNTH,Sebring,2005-07-15,TMIN,808.0,SYNTHETIC
SYNTH,Sebring,2005-07-15,PRCP,4.0,SYNTHETIC
SYNTH,Lakeland Linder,2005-08-15,TMAX,949.0,SYNTHETIC
SYNTH,Lakeland Linder,2005-08-15,TMIN,658.0,SYNTHETIC
SYNTH,Lakeland Linder,2005-08-15,PRCP,1.0,SYNTHETIC
SYNTH,Tampa International,2005-08-15,TMAX,713.0,SYNTHETIC
SYNTH,Tampa International,2005-08-15,TMIN,634.0,SYNTHETIC
SYNTH,Tampa International,2005-08-15,PRCP,7.0,SYNTHETIC
SYNTH,Orlando Executive,2005-08-15,TMAX,809.0,SYNTHETIC
SYNTH,Orlando Executive,2005-08-15,TMIN,770.0,SYNTHETIC
SYNTH,Orlando Executive,2005-08-15,PRCP,4.0,SYNTHETIC
SYNTH,Sebring,2005-08-15,TMAX,819.0,SYNTHETIC
SYNTH,Sebring,2005-08-15,TMIN,549.0,SYNTHETIC
SYNTH,Sebring,2005-08-15,PRCP,4.0,SYNTHETIC
SYNTH,Lakeland Linder,2005-09-15,TMAX,890.0,SYNTHETIC
SYNTH,Lakeland Linder,2005-09-15,TMIN,616.0,SYNTHETIC
SYNTH,Lakeland Linder,2005-09-15,PRCP,10.0,SYNTHETIC
SYNTH,Tampa International,2005-09-15,TMAX,835.0,SYNTHETIC
SYNTH,Tampa International,2005-09-15,TMIN,684.0,SYNTHETIC
SYNTH,Tampa International,2005-09-15,PRCP,5.0,SYNTHETIC
SYNTH,Orlando Executive,2005-09-15,TMAX,918.0,SYNTHETIC
SYNTH,Orlando Executive,2005-09-15,TMIN,564.0,SYNTHETIC
SYNTH,Orlando Executive,2005-09-15,PRCP,6.0,SYNTHETIC
SYNTH,Sebring,2005-09-15,TMAX,915.0,SYNTHETIC
SYNTH,Sebring,2005-09-15,TMIN,507.0,SYNTHETIC
SYNTH,Sebring,2005-09-15,PRCP,4.0,SYNTHETIC
SYNTH,Lakeland Linder,2005-10-15,TMAX,779.0,SYNTHETIC
SYNTH,Lakeland Linder,2005-10-15,TMIN,643.0,SYNTHETIC
SYNTH,Lakeland Linder,2005-10-15,PRCP,4.0,SYNTHETIC
SYNTH,Tampa International,2005-10-15,TMAX,781.0,SYNTHETIC
SYNTH,Tampa International,2005-10-15,TMIN,595.0,SYNTHETIC
SYNTH,Tampa International,2005-10-15,PRCP,3.0,SYNTHETIC
SYNTH,Orlando Executive,2005-10-15,TMAX,733.0,SYNTHETIC
SYNTH,Orlando Executive,2005-10-15,TMIN,563.0,SYNTHETIC
SYNTH,Orlando Executive,2005-10-15,PRCP,6.0,SYNTHETIC
SYNTH,Sebring,2005-10-15,TMAX,728.0,SYNTHETIC
SYNTH,Sebring,2005-10-15,TMIN,703.0,SYNTHETIC
SYNTH,Sebring,2005-10-15,PRCP,5.0,SYNTHETIC
SYNTH,Lakeland Linder,2005-11-15,TMAX,681.0,SYNTHETIC
SYNTH,Lakeland Linder,2005-11-15,TMIN,595.0,SYNTHETIC
SYNTH,Lakeland Linder,2005-11-15,PRCP,8.0,SYNTHETIC
SYNTH,Tampa International,2005-11-15,TMAX,741.0,SYNTHETIC
SYNTH,Tampa International,2005-11-15,TMIN,612.0,SYNTHETIC
SYNTH,Tampa International,2005-11-15,PRCP,5.0,SYNTHETIC
SYNTH,Orlando Executive,2005-11-15,TMAX,882.0,SYNTHETIC
SYNTH,Orlando Executive,2005-11-15,TMIN,629.0,SYNTHETIC
SYNTH,Orlando Executive,2005-11-15,PRCP,0.0,SYNTHETIC
SYNTH,Sebring,2005-11-15,TMAX,933.0,SYNTHETIC
SYNTH,Sebring,2005-11-15,TMIN,789.0,SYNTHETIC
SYNTH,Sebring,2005-11-15,PRCP,7.0,SYNTHETIC
SYNTH,Lakeland Linder,2005-12-15,TMAX,826.0,SYNTHETIC
SYNTH,Lakeland Linder,2005-12-15,TMIN,585.0,SYNTHETIC
SYNTH,Lakeland Linder,2005-12-15,PRCP,1.0,SYNTHETIC
SYNTH,Tampa International,2005-12-15,TMAX,861.0,SYNTHETIC
SYNTH,Tampa International,2005-12-15,TMIN,683.0,SYNTHETIC
SYNTH,Tampa International,2005-12-15,PRCP,10.0,SYNTHETIC
SYNTH,Orlando Executive,2005-12-15,TMAX,872.0,SYNTHETIC
SYNTH,Orlando Executive,2005-12-15,TMIN,529.0,SYNTHETIC
SYNTH,Orlando Executive,2005-12-15,PRCP,8.0,SYNTHETIC
SYNTH,Sebring,2005-12-15,TMAX,740.0,SYNTHETIC
SYNTH,Sebring,2005-12-15,TMIN,619.0,SYNTHETIC
SYNTH,Sebring,2005-12-15,PRCP,4.0,SYNTHETIC
SYNTH,Lakeland Linder,2006-01-15,TMAX,979.0,SYNTHETIC
SYNTH,Lakeland Linder,2006-01-15,TMIN,898.0,SYNTHETIC
SYNTH,Lakeland Linder,2006-01-15,PRCP,6.0,SYNTHETIC
SYNTH,Tampa International,2006-01-15,TMAX,805.0,SYNTHETIC
SYNTH,Tampa International,2006-01-15,TMIN,692.0,SYNTHETIC
SYNTH,Tampa International,2006-01-15,PRCP,7.0,SYNTHETIC
SYNTH,Orlando Executive,2006-01-15,TMAX,794.0,SYNTHETIC
SYNTH,Orlando Executive,2006-01-15,TMIN,793.0,SYNTHETIC
SYNTH,Orlando Executive,2006-01-15,PRCP,4.0,SYNTHETIC
SYNTH,Sebring,2006-01-15,TMAX,859.0,SYNTHETIC
SYNTH,Sebring,2006-01-15,TMIN,703.0,SYNTHETIC
SYNTH,Sebring,2006-01-15,PRCP,5.0,SYNTHETIC
SYNTH,Lakeland Linder,2006-02-15,TMAX,887.0,SYNTHETIC
SYNTH,Lakeland Linder,2006-02-15,TMIN,600.0,SYNTHETIC
SYNTH,Lakeland Linder,2006-02-15,PRCP,0.0,SYNTHETIC
SYNTH,Tampa International,2006-02-15,TMAX,731.0,SYNTHETIC
SYNTH,Tampa International,2006-02-15,TMIN,685.0,SYNTHETIC
SYNTH,Tampa International,2006-02-15,PRCP,6.0,SYNTHETIC
SYNTH,Orlando Executive,2006-02-15,TMAX,856.0,SYNTHETIC
SYNTH,Orlando Executive,2006-02-15,TMIN,783.0,SYNTHETIC
SYNTH,Orlando Executive,2006-02-15,PRCP,2.0,SYNTHETIC
SYNTH,Sebring,2006-02-15,TMAX,873.0,SYNTHETIC
SYNTH,Sebring,2006-02-15,TMIN,562.0,SYNTHETIC
SYNTH,Sebring,2006-02-15,PRCP,1.0,SYNTHETIC
SYNTH,Lakeland Linder,2006-03-15,TMAX,875.0,SYNTHETIC
SYNTH,Lakeland Linder,2006-03-15,TMIN,717.0,SYNTHETIC
SYNTH,Lakeland Linder,2006-03-15,PRCP,1.0,SYNTHETIC
SYNTH,Tampa International,2006-03-15,TMAX,814.0,SYNTHETIC
SYNTH,Tampa International,2006-03-15,TMIN,528.0,SYNTHETIC
SYNTH,Tampa International,2006-03-15,PRCP,1.0,SYNTHETIC
SYNTH,Orlando Executive,2006-03-15,TMAX,891.0,SYNTHETIC
SYNTH,Orlando Executive,2006-03-15,TMIN,696.0,SYNTHETIC
SYNTH,Orlando Executive,2006-03-15,PRCP,5.0,SYNTHETIC
SYNTH,Sebring,2006-03-15,TMAX,823.0,SYNTHETIC
SYNTH,Sebring,2006-03-15,TMIN,650.0,SYNTHETIC
SYNTH,Sebring,2006-03-15,PRCP,0.0,SYNTHETIC
SYNTH,Lakeland Linder,2006-04-15,TMAX,875.0,SYNTHETIC
SYNTH,Lakeland Linder,2006-04-15,TMIN,683.0,SYNTHETIC
SYNTH,Lakeland Linder,2006-04-15,PRCP,5.0,SYNTHETIC
SYNTH,Tampa International,2006-04-15,TMAX,777.0,SYNTHETIC
SYNTH,Tampa International,2006-04-15,TMIN,477.0,SYNTHETIC
SYNTH,Tampa International,2006-04-15,PRCP,8.0,SYNTHETIC
SYNTH,Orlando Executive,2006-04-15,TMAX,781.0,SYNTHETIC
SYNTH,Orlando Executive,2006-04-15,TMIN,580.0,SYNTHETIC
SYNTH,Orlando Executive,2006-04-15,PRCP,6.0,SYNTHETIC
SYNTH,Sebring,2006-04-15,TMAX,788.0,SYNTHETIC
SYNTH,Sebring,2006-04-15,TMIN,734.0,SYNTHETIC
SYNTH,Sebring,2006-04-15,PRCP,6.0,SYNTHETIC
SYNTH,Lakeland Linder,2006-05-15,TMAX,874.0,SYNTHETIC
SYNTH,Lakeland Linder,2006-05-15,TMIN,540.0,SYNTHETIC
SYNTH,Lakeland Linder,2006-05-15,PRCP,9.0,SYNTHETIC
SYNTH,Tampa International,2006-05-15,TMAX,840.0,SYNTHETIC
SYNTH,Tampa International,2006-05-15,TMIN,620.0,SYNTHETIC
SYNTH,Tampa International,2006-05-15,PRCP,3.0,SYNTHETIC
SYNTH,Orlando Executive,2006-05-15,TMAX,677.0,SYNTHETIC
SYNTH,Orlando Executive,2006-05-15,TMIN,682.0,SYNTHETIC
SYNTH,Orlando Executive,2006-05-15,PRCP,2.0,SYNTHETIC
SYNTH,Sebring,2006-05-15,TMAX,711.0,SYNTHETIC
SYNTH,Sebring,2006-05-15,TMIN,528.0,SYNTHETIC
SYNTH,Sebring,2006-05-15,PRCP,8.0,SYNTHETIC
SYNTH,Lakeland Linder,2006-06-15,TMAX,769.0,SYNTHETIC
SYNTH,Lakeland Linder,2006-06-15,TMIN,772.0,SYNTHETIC
SYNTH,Lakeland Linder,2006-06-15,PRCP,0.0,SYNTHETIC
SYNTH,Tampa International,2006-06-15,TMAX,683.0,SYNTHETIC
SYNTH,Tampa International,2006-06-15,TMIN,560.0,SYNTHETIC
SYNTH,Tampa International,2006-06-15,PRCP,9.0,SYNTHETIC
SYNTH,Orlando Executive,2006-06-15,TMAX,807.0,SYNTHETIC
SYNTH,Orlando Executive,2006-06-15,TMIN,606.0,SYNTHETIC
SYNTH,Orlando Executive,2006-06-15,PRCP,3.0,SYNTHETIC
SYNTH,Sebring,2006-06-15,TMAX,860.0,SYNTHETIC
SYNTH,Sebring,2006-06-15,TMIN,739.0,SYNTHETIC
SYNTH,Sebring,2006-06-15,PRCP,10.0,SYNTHETIC
SYNTH,Lakeland Linder,2006-07-15,TMAX,791.0,SYNTHETIC
SYNTH,Lakeland Linder,2006-07-15,TMIN,543.0,SYNTHETIC
SYNTH,Lakeland Linder,2006-07-15,PRCP,0.0,SYNTHETIC
SYNTH,Tampa International,2006-07-15,TMAX,840.0,SYNTHETIC
SYNTH,Tampa International,2006-07-15,TMIN,572.0,SYNTHETIC
SYNTH,Tampa International,2006-07-15,PRCP,1.0,SYNTHETIC
SYNTH,Orlando Executive,2006-07-15,TMAX,847.0,SYNTHETIC
SYNTH,Orlando Executive,2006-07-15,TMIN,646.0,SYNTHETIC
SYNTH,Orlando Executive,2006-07-15,PRCP,3.0,SYNTHETIC
SYNTH,Sebring,2006-07-15,TMAX,759.0,SYNTHETIC
SYNTH,Sebring,2006-07-15,TMIN,631.0,SYNTHETIC
SYNTH,Sebring,2006-07-15,PRCP,1.0,SYNTHETIC
SYNTH,Lakeland Linder,2006-08-15,TMAX,891.0,SYNTHETIC
SYNTH,Lakeland Linder,2006-08-15,TMIN,732.0,SYNTHETIC
SYNTH,Lakeland Linder,2006-08-15,PRCP,6.0,SYNTHETIC
SYNTH,Tampa International,2006-08-15,TMAX,745.0,SYNTHETIC
SYNTH,Tampa International,2006-08-15,TMIN,530.0,SYNTHETIC
SYNTH,Tampa International,2006-08-15,PRCP,0.0,SYNTHETIC
SYNTH,Orlando Executive,2006-08-15,TMAX,813.0,SYNTHETIC
SYNTH,Orlando Executive,2006-08-15,TMIN,534.0,SYNTHETIC
SYNTH,Orlando Executive,2006-08-15,PRCP,1.0,SYNTHETIC
SYNTH,Sebring,2006-08-15,TMAX,739.0,SYNTHETIC
SYNTH,Sebring,2006-08-15,TMIN,666.0,SYNTHETIC
SYNTH,Sebring,2006-08-15,PRCP,3.0,SYNTHETIC
SYNTH,Lakeland Linder,2006-09-15,TMAX,762.0,SYNTHETIC
SYNTH,Lakeland Linder,2006-09-15,TMIN,664.0,SYNTHETIC
SYNTH,Lakeland Linder,2006-09-15,PRCP,0.0,SYNTHETIC
SYNTH,Tampa International,2006-09-15,TMAX,798.0,SYNTHETIC
SYNTH,Tampa International,2006-09-15,TMIN,783.0,SYNTHETIC
SYNTH,Tampa International,2006-09-15,PRCP,9.0,SYNTHETIC
SYNTH,Orlando Executive,2006-09-15,TMAX,716.0,SYNTHETIC
SYNTH,Orlando Executive,2006-09-15,TMIN,716.0,SYNTHETIC
SYNTH,Orlando Executive,2006-09-15,PRCP,7.0,SYNTHETIC
SYNTH,Sebring,2006-09-15,TMAX,728.0,SYNTHETIC
SYNTH,Sebring,2006-09-15,TMIN,715.0,SYNTHETIC
SYNTH,Sebring,2006-09-15,PRCP,10.0,SYNTHETIC
SYNTH,Lakeland Linder,2006-10-15,TMAX,730.0,SYNTHETIC
SYNTH,Lakeland Linder,2006-10-15,TMIN,576.0,SYNTHETIC
SYNTH,Lakeland Linder,2006-10-15,PRCP,8.0,SYNTHETIC
SYNTH,Tampa International,2006-10-15,TMAX,841.0,SYNTHETIC
SYNTH,Tampa International,2006-10-15,TMIN,694.0,SYNTHETIC
SYNTH,Tampa International,2006-10-15,PRCP,4.0,SYNTHETIC
SYNTH,Orlando Executive,2006-10-15,TMAX,851.0,SYNTHETIC
SYNTH,Orlando Executive,2006-10-15,TMIN,543.0,SYNTHETIC
SYNTH,Orlando Executive,2006-10-15,PRCP,8.0,SYNTHETIC
SYNTH,Sebring,2006-10-15,TMAX,913.0,SYNTHETIC
SYNTH,Sebring,2006-10-15,TMIN,631.0,SYNTHETIC
SYNTH,Sebring,2006-10-15,PRCP,2.0,SYNTHETIC
SYNTH,Lakeland Linder,2006-11-15,TMAX,697.0,SYNTHETIC
SYNTH,Lakeland Linder,2006-11-15,TMIN,691.0,SYNTHETIC
SYNTH,Lakeland Linder,2006-11-15,PRCP,5.0,SYNTHETIC
SYNTH,Tampa International,2006-11-15,TMAX,815.0,SYNTHETIC
SYNTH,Tampa International,2006-11-15,TMIN,739.0,SYNTHETIC
SYNTH,Tampa International,2006-11-15,PRCP,1.0,SYNTHETIC
SYNTH,Orlando Executive,2006-11-15,TMAX,865.0,SYNTHETIC
SYNTH,Orlando Executive,2006-11-15,TMIN,568.0,SYNTHETIC
SYNTH,Orlando Executive,2006-11-15,PRCP,2.0,SYNTHETIC
SYNTH,Sebring,2006-11-15,TMAX,806.0,SYNTHETIC
SYNTH,Sebring,2006-11-15,TMIN,668.0,SYNTHETIC
SYNTH,Sebring,2006-11-15,PRCP,1.0,SYNTHETIC
SYNTH,Lakeland Linder,2006-12-15,TMAX,809.0,SYNTHETIC
SYNTH,Lakeland Linder,2006-12-15,TMIN,716.0,SYNTHETIC
SYNTH,Lakeland Linder,2006-12-15,PRCP,0.0,SYNTHETIC
SYNTH,Tampa International,2006-12-15,TMAX,691.0,SYNTHETIC
SYNTH,Tampa International,2006-12-15,TMIN,789.0,SYNTHETIC
SYNTH,Tampa International,2006-12-15,PRCP,9.0,SYNTHETIC
SYNTH,Orlando Executive,2006-12-15,TMAX,716.0,SYNTHETIC
SYNTH,Orlando Executive,2006-12-15,TMIN,705.0,SYNTHETIC
SYNTH,Orlando Executive,2006-12-15,PRCP,0.0,SYNTHETIC
SYNTH,Sebring,2006-12-15,TMAX,841.0,SYNTHETIC
SYNTH,Sebring,2006-12-15,TMIN,673.0,SYNTHETIC
SYNTH,Sebring,2006-12-15,PRCP,1.0,SYNTHETIC
SYNTH,Lakeland Linder,2007-01-15,TMAX,757.0,SYNTHETIC
SYNTH,Lakeland Linder,2007-01-15,TMIN,594.0,SYNTHETIC
SYNTH,Lakeland Linder,2007-01-15,PRCP,1.0,SYNTHETIC
SYNTH,Tampa International,2007-01-15,TMAX,753.0,SYNTHETIC
SYNTH,Tampa International,2007-01-15,TMIN,644.0,SYNTHETIC
SYNTH,Tampa International,2007-01-15,PRCP,0.0,SYNTHETIC
SYNTH,Orlando Executive,2007-01-15,TMAX,874.0,SYNTHETIC
SYNTH,Orlando Executive,2007-01-15,TMIN,768.0,SYNTHETIC
SYNTH,Orlando Executive,2007-01-15,PRCP,0.0,SYNTHETIC
SYNTH,Sebring,2007-01-15,TMAX,839.0,SYNTHETIC
SYNTH,Sebring,2007-01-15,TMIN,689.0,SYNTHETIC
SYNTH,Sebring,2007-01-15,PRCP,5.0,SYNTHETIC
SYNTH,Lakeland Linder,2007-02-15,TMAX,826.0,SYNTHETIC
SYNTH,Lakeland Linder,2007-02-15,TMIN,709.0,SYNTHETIC
SYNTH,Lakeland Linder,2007-02-15,PRCP,5.0,SYNTHETIC
SYNTH,Tampa International,2007-02-15,TMAX,720.0,SYNTHETIC
SYNTH,Tampa International,2007-02-15,TMIN,719.0,SYNTHETIC
SYNTH,Tampa International,2007-02-15,PRCP,7.0,SYNTHETIC
SYNTH,Orlando Executive,2007-02-15,TMAX,758.0,SYNTHETIC
SYNTH,Orlando Executive,2007-02-15,TMIN,653.0,SYNTHETIC
SYNTH,Orlando Executive,2007-02-15,PRCP,6.0,SYNTHETIC
SYNTH,Sebring,2007-02-15,TMAX,803.0,SYNTHETIC
SYNTH,Sebring,2007-02-15,TMIN,735.0,SYNTHETIC
SYNTH,Sebring,2007-02-15,PRCP,14.0,SYNTHETIC
SYNTH,Lakeland Linder,2007-03-15,TMAX,757.0,SYNTHETIC
SYNTH,Lakeland Linder,2007-03-15,TMIN,539.0,SYNTHETIC
SYNTH,Lakeland Linder,2007-03-15,PRCP,4.0,SYNTHETIC
SYNTH,Tampa International,2007-03-15,TMAX,877.0,SYNTHETIC
SYNTH,Tampa International,2007-03-15,TMIN,631.0,SYNTHETIC
SYNTH,Tampa International,2007-03-15,PRCP,10.0,SYNTHETIC
SYNTH,Orlando Executive,2007-03-15,TMAX,712.0,SYNTHETIC
SYNTH,Orlando Executive,2007-03-15,TMIN,705.0,SYNTHETIC
SYNTH,Orlando Executive,2007-03-15,PRCP,0.0,SYNTHETIC
SYNTH,Sebring,2007-03-15,TMAX,957.0,SYNTHETIC
SYNTH,Sebring,2007-03-15,TMIN,809.0,SYNTHETIC
SYNTH,Sebring,2007-03-15,PRCP,0.0,SYNTHETIC
SYNTH,Lakeland Linder,2007-04-15,TMAX,776.0,SYNTHETIC
SYNTH,Lakeland Linder,2007-04-15,TMIN,718.0,SYNTHETIC
SYNTH,Lakeland Linder,2007-04-15,PRCP,1.0,SYNTHETIC
SYNTH,Tampa International,2007-04-15,TMAX,816.0,SYNTHETIC
SYNTH,Tampa International,2007-04-15,TMIN,652.0,SYNTHETIC
SYNTH,Tampa International,2007-04-15,PRCP,6.0,SYNTHETIC
SYNTH,Orlando Executive,2007-04-15,TMAX,818.0,SYNTHETIC
SYNTH,Orlando Executive,2007-04-15,TMIN,594.0,SYNTHETIC
SYNTH,Orlando Executive,2007-04-15,PRCP,0.0,SYNTHETIC
SYNTH,Sebring,2007-04-15,TMAX,935.0,SYNTHETIC
SYNTH,Sebring,2007-04-15,TMIN,549.0,SYNTHETIC
SYNTH,Sebring,2007-04-15,PRCP,7.0,SYNTHETIC
SYNTH,Lakeland Linder,2007-05-15,TMAX,797.0,SYNTHETIC
SYNTH,Lakeland Linder,2007-05-15,TMIN,627.0,SYNTHETIC
SYNTH,Lakeland Linder,2007-05-15,PRCP,6.0,SYNTHETIC
SYNTH,Tampa International,2007-05-15,TMAX,847.0,SYNTHETIC
SYNTH,Tampa International,2007-05-15,TMIN,695.0,SYNTHETIC
SYNTH,Tampa International,2007-05-15,PRCP,7.0,SYNTHETIC
SYNTH,Orlando Executive,2007-05-15,TMAX,793.0,SYNTHETIC
SYNTH,Orlando Executive,2007-05-15,TMIN,601.0,SYNTHETIC
SYNTH,Orlando Executive,2007-05-15,PRCP,2.0,SYNTHETIC
SYNTH,Sebring,2007-05-15,TMAX,753.0,SYNTHETIC
SYNTH,Sebring,2007-05-15,TMIN,885.0,SYNTHETIC
SYNTH,Sebring,2007-05-15,PRCP,9.0,SYNTHETIC
SYNTH,Lakeland Linder,2007-06-15,TMAX,711.0,SYNTHETIC
SYNTH,Lakeland Linder,2007-06-15,TMIN,544.0,SYNTHETIC
SYNTH,Lakeland Linder,2007-06-15,PRCP,5.0,SYNTHETIC
SYNTH,Tampa International,2007-06-15,TMAX,863.0,SYNTHETIC
SYNTH,Tampa International,2007-06-15,TMIN,693.0,SYNTHETIC
SYNTH,Tampa International,2007-06-15,PRCP,1.0,SYNTHETIC
SYNTH,Orlando Executive,2007-06-15,TMAX,809.0,SYNTHETIC
SYNTH,Orlando Executive,2007-06-15,TMIN,676.0,SYNTHETIC
SYNTH,Orlando Executive,2007-06-15,PRCP,3.0,SYNTHETIC
SYNTH,Sebring,2007-06-15,TMAX,642.0,SYNTHETIC
SYNTH,Sebring,2007-06-15,TMIN,631.0,SYNTHETIC
SYNTH,Sebring,2007-06-15,PRCP,1.0,SYNTHETIC
SYNTH,Lakeland Linder,2007-07-15,TMAX,834.0,SYNTHETIC
SYNTH,Lakeland Linder,2007-07-15,TMIN,888.0,SYNTHETIC
SYNTH,Lakeland Linder,2007-07-15,PRCP,4.0,SYNTHETIC
SYNTH,Tampa International,2007-07-15,TMAX,794.0,SYNTHETIC
SYNTH,Tampa International,2007-07-15,TMIN,723.0,SYNTHETIC
SYNTH,Tampa International,2007-07-15,PRCP,5.0,SYNTHETIC
SYNTH,Orlando Executive,2007-07-15,TMAX,853.0,SYNTHETIC
SYNTH,Orlando Executive,2007-07-15,TMIN,698.0,SYNTHETIC
SYNTH,Orlando Executive,2007-07-15,PRCP,13.0,SYNTHETIC
SYNTH,Sebring,2007-07-15,TMAX,729.0,SYNTHETIC
SYNTH,Sebring,2007-07-15,TMIN,687.0,SYNTHETIC
SYNTH,Sebring,2007-07-15,PRCP,1.0,SYNTHETIC
SYNTH,Lakeland Linder,2007-08-15,TMAX,864.0,SYNTHETIC
SYNTH,Lakeland Linder,2007-08-15,TMIN,576.0,SYNTHETIC
SYNTH,Lakeland Linder,2007-08-15,PRCP,0.0,SYNTHETIC
SYNTH,Tampa International,2007-08-15,TMAX,796.0,SYNTHETIC
SYNTH,Tampa International,2007-08-15,TMIN,728.0,SYNTHETIC
SYNTH,Tampa International,2007-08-15,PRCP,7.0,SYNTHETIC
SYNTH,Orlando Executive,2007-08-15,TMAX,720.0,SYNTHETIC
SYNTH,Orlando Executive,2007-08-15,TMIN,654.0,SYNTHETIC
SYNTH,Orlando Executive,2007-08-15,PRCP,0.0,SYNTHETIC
SYNTH,Sebring,2007-08-15,TMAX,719.0,SYNTHETIC
SYNTH,Sebring,2007-08-15,TMIN,632.0,SYNTHETIC
SYNTH,Sebring,2007-08-15,PRCP,1.0,SYNTHETIC
SYNTH,Lakeland Linder,2007-09-15,TMAX,1014.0,SYNTHETIC
SYNTH,Lakeland Linder,2007-09-15,TMIN,684.0,SYNTHETIC
SYNTH,Lakeland Linder,2007-09-15,PRCP,3.0,SYNTHETIC
SYNTH,Tampa International,2007-09-15,TMAX,774.0,SYNTHETIC
SYNTH,Tampa International,2007-09-15,TMIN,731.0,SYNTHETIC
SYNTH,Tampa International,2007-09-15,PRCP,13.0,SYNTHETIC
SYNTH,Orlando Executive,2007-09-15,TMAX,693.0,SYNTHETIC
SYNTH,Orlando Executive,2007-09-15,TMIN,499.0,SYNTHETIC
SYNTH,Orlando Executive,2007-09-15,PRCP,12.0,SYNTHETIC
SYNTH,Sebring,2007-09-15,TMAX,851.0,SYNTHETIC
SYNTH,Sebring,2007-09-15,TMIN,580.0,SYNTHETIC
SYNTH,Sebring,2007-09-15,PRCP,5.0,SYNTHETIC
SYNTH,Lakeland Linder,2007-10-15,TMAX,609.0,SYNTHETIC
SYNTH,Lakeland Linder,2007-10-15,TMIN,650.0,SYNTHETIC
SYNTH,Lakeland Linder,2007-10-15,PRCP,4.0,SYNTHETIC
SYNTH,Tampa International,2007-10-15,TMAX,893.0,SYNTHETIC
SYNTH,Tampa International,2007-10-15,TMIN,568.0,SYNTHETIC
SYNTH,Tampa International,2007-10-15,PRCP,3.0,SYNTHETIC
SYNTH,Orlando Executive,2007-10-15,TMAX,745.0,SYNTHETIC
SYNTH,Orlando Executive,2007-10-15,TMIN,670.0,SYNTHETIC
SYNTH,Orlando Executive,2007-10-15,PRCP,1.0,SYNTHETIC
SYNTH,Sebring,2007-10-15,TMAX,787.0,SYNTHETIC
SYNTH,Sebring,2007-10-15,TMIN,570.0,SYNTHETIC
SYNTH,Sebring,2007-10-15,PRCP,6.0,SYNTHETIC
SYNTH,Lakeland Linder,2007-11-15,TMAX,888.0,SYNTHETIC
SYNTH,Lakeland Linder,2007-11-15,TMIN,631.0,SYNTHETIC
SYNTH,Lakeland Linder,2007-11-15,PRCP,3.0,SYNTHETIC
SYNTH,Tampa International,2007-11-15,TMAX,704.0,SYNTHETIC
SYNTH,Tampa International,2007-11-15,TMIN,626.0,SYNTHETIC
SYNTH,Tampa International,2007-11-15,PRCP,2.0,SYNTHETIC
SYNTH,Orlando Executive,2007-11-15,TMAX,1029.0,SYNTHETIC
SYNTH,Orlando Executive,2007-11-15,TMIN,561.0,SYNTHETIC
SYNTH,Orlando Executive,2007-11-15,PRCP,10.0,SYNTHETIC
SYNTH,Sebring,2007-11-15,TMAX,899.0,SYNTHETIC
SYNTH,Sebring,2007-11-15,TMIN,672.0,SYNTHETIC
SYNTH,Sebring,2007-11-15,PRCP,11.0,SYNTHETIC
SYNTH,Lakeland Linder,2007-12-15,TMAX,849.0,SYNTHETIC
SYNTH,Lakeland Linder,2007-12-15,TMIN,681.0,SYNTHETIC
SYNTH,Lakeland Linder,2007-12-15,PRCP,2.0,SYNTHETIC
SYNTH,Tampa International,2007-12-15,TMAX,917.0,SYNTHETIC
SYNTH,Tampa International,2007-12-15,TMIN,737.0,SYNTHETIC
SYNTH,Tampa International,2007-12-15,PRCP,0.0,SYNTHETIC
SYNTH,Orlando Executive,2007-12-15,TMAX,714.0,SYNTHETIC
SYNTH,Orlando Executive,2007-12-15,TMIN,633.0,SYNTHETIC
SYNTH,Orlando Executive,2007-12-15,PRCP,1.0,SYNTHETIC
SYNTH,Sebring,2007-12-15,TMAX,814.0,SYNTHETIC
SYNTH,Sebring,2007-12-15,TMIN,748.0,SYNTHETIC
SYNTH,Sebring,2007-12-15,PRCP,0.0,SYNTHETIC
SYNTH,Lakeland Linder,2008-01-15,TMAX,816.0,SYNTHETIC
SYNTH,Lakeland Linder,2008-01-15,TMIN,654.0,SYNTHETIC
SYNTH,Lakeland Linder,2008-01-15,PRCP,7.0,SYNTHETIC
SYNTH,Tampa International,2008-01-15,TMAX,640.0,SYNTHETIC
SYNTH,Tampa International,2008-01-15,TMIN,601.0,SYNTHETIC
SYNTH,Tampa International,2008-01-15,PRCP,4.0,SYNTHETIC
SYNTH,Orlando Executive,2008-01-15,TMAX,916.0,SYNTHETIC
SYNTH,Orlando Executive,2008-01-15,TMIN,610.0,SYNTHETIC
SYNTH,Orlando Executive,2008-01-15,PRCP,6.0,SYNTHETIC
SYNTH,Sebring,2008-01-15,TMAX,869.0,SYNTHETIC
SYNTH,Sebring,2008-01-15,TMIN,599.0,SYNTHETIC
SYNTH,Sebring,2008-01-15,PRCP,2.0,SYNTHETIC
SYNTH,Lakeland Linder,2008-02-15,TMAX,770.0,SYNTHETIC
SYNTH,Lakeland Linder,2008-02-15,TMIN,635.0,SYNTHETIC
SYNTH,Lakeland Linder,2008-02-15,PRCP,0.0,SYNTHETIC
SYNTH,Tampa International,2008-02-15,TMAX,643.0,SYNTHETIC
SYNTH,Tampa International,2008-02-15,TMIN,721.0,SYNTHETIC
SYNTH,Tampa International,2008-02-15,PRCP,9.0,SYNTHETIC
SYNTH,Orlando Executive,2008-02-15,TMAX,872.0,SYNTHETIC
SYNTH,Orlando Executive,2008-02-15,TMIN,558.0,SYNTHETIC
SYNTH,Orlando Executive,2008-02-15,PRCP,1.0,SYNTHETIC
SYNTH,Sebring,2008-02-15,TMAX,819.0,SYNTHETIC
SYNTH,Sebring,2008-02-15,TMIN,697.0,SYNTHETIC
SYNTH,Sebring,2008-02-15,PRCP,6.0,SYNTHETIC
SYNTH,Lakeland Linder,2008-03-15,TMAX,761.0,SYNTHETIC
SYNTH,Lakeland Linder,2008-03-15,TMIN,656.0,SYNTHETIC
SYNTH,Lakeland Linder,2008-03-15,PRCP,5.0,SYNTHETIC
SYNTH,Tampa International,2008-03-15,TMAX,936.0,SYNTHETIC
SYNTH,Tampa International,2008-03-15,TMIN,706.0,SYNTHETIC
SYNTH,Tampa International,2008-03-15,PRCP,6.0,SYNTHETIC
SYNTH,Orlando Executive,2008-03-15,TMAX,826.0,SYNTHETIC
SYNTH,Orlando Executive,2008-03-15,TMIN,762.0,SYNTHETIC
SYNTH,Orlando Executive,2008-03-15,PRCP,5.0,SYNTHETIC
SYNTH,Sebring,2008-03-15,TMAX,751.0,SYNTHETIC
SYNTH,Sebring,2008-03-15,TMIN,762.0,SYNTHETIC
SYNTH,Sebring,2008-03-15,PRCP,6.0,SYNTHETIC
SYNTH,Lakeland Linder,2008-04-15,TMAX,784.0,SYNTHETIC
SYNTH,Lakeland Linder,2008-04-15,TMIN,611.0,SYNTHETIC
SYNTH,Lakeland Linder,2008-04-15,PRCP,4.0,SYNTHETIC
SYNTH,Tampa International,2008-04-15,TMAX,857.0,SYNTHETIC
SYNTH,Tampa International,2008-04-15,TMIN,665.0,SYNTHETIC
SYNTH,Tampa International,2008-04-15,PRCP,4.0,SYNTHETIC
SYNTH,Orlando Executive,2008-04-15,TMAX,955.0,SYNTHETIC
SYNTH,Orlando Executive,2008-04-15,TMIN,735.0,SYNTHETIC
SYNTH,Orlando Executive,2008-04-15,PRCP,3.0,SYNTHETIC
SYNTH,Sebring,2008-04-15,TMAX,895.0,SYNTHETIC
SYNTH,Sebring,2008-04-15,TMIN,567.0,SYNTHETIC
SYNTH,Sebring,2008-04-15,PRCP,4.0,SYNTHETIC
SYNTH,Lakeland Linder,2008-05-15,TMAX,964.0,SYNTHETIC
SYNTH,Lakeland Linder,2008-05-15,TMIN,632.0,SYNTHETIC
SYNTH,Lakeland Linder,2008-05-15,PRCP,1.0,SYNTHETIC
SYNTH,Tampa International,2008-05-15,TMAX,767.0,SYNTHETIC
SYNTH,Tampa International,2008-05-15,TMIN,562.0,SYNTHETIC
SYNTH,Tampa International,2008-05-15,PRCP,0.0,SYNTHETIC
SYNTH,Orlando Executive,2008-05-15,TMAX,790.0,SYNTHETIC
SYNTH,Orlando Executive,2008-05-15,TMIN,537.0,SYNTHETIC
SYNTH,Orlando Executive,2008-05-15,PRCP,3.0,SYNTHETIC
SYNTH,Sebring,2008-05-15,TMAX,892.0,SYNTHETIC
SYNTH,Sebring,2008-05-15,TMIN,577.0,SYNTHETIC
SYNTH,Sebring,2008-05-15,PRCP,10.0,SYNTHETIC
SYNTH,Lakeland Linder,2008-06-15,TMAX,860.0,SYNTHETIC
SYNTH,Lakeland Linder,2008-06-15,TMIN,732.0,SYNTHETIC
SYNTH,Lakeland Linder,2008-06-15,PRCP,0.0,SYNTHETIC
SYNTH,Tampa International,2008-06-15,TMAX,888.0,SYNTHETIC
SYNTH,Tampa International,2008-06-15,TMIN,562.0,SYNTHETIC
SYNTH,Tampa International,2008-06-15,PRCP,7.0,SYNTHETIC
SYNTH,Orlando Executive,2008-06-15,TMAX,833.0,SYNTHETIC
SYNTH,Orlando Executive,2008-06-15,TMIN,694.0,SYNTHETIC
SYNTH,Orlando Executive,2008-06-15,PRCP,2.0,SYNTHETIC
SYNTH,Sebring,2008-06-15,TMAX,748.0,SYNTHETIC
SYNTH,Sebring,2008-06-15,TMIN,697.0,SYNTHETIC
SYNTH,Sebring,2008-06-15,PRCP,1.0,SYNTHETIC
SYNTH,Lakeland Linder,2008-07-15,TMAX,857.0,SYNTHETIC
SYNTH,Lakeland Linder,2008-07-15,TMIN,540.0,SYNTHETIC
SYNTH,Lakeland Linder,2008-07-15,PRCP,7.0,SYNTHETIC
SYNTH,Tampa International,2008-07-15,TMAX,721.0,SYNTHETIC
SYNTH,Tampa International,2008-07-15,TMIN,694.0,SYNTHETIC
SYNTH,Tampa International,2008-07-15,PRCP,6.0,SYNTHETIC
SYNTH,Orlando Executive,2008-07-15,TMAX,764.0,SYNTHETIC
SYNTH,Orlando Executive,2008-07-15,TMIN,696.0,SYNTHETIC
SYNTH,Orlando Executive,2008-07-15,PRCP,4.0,SYNTHETIC
SYNTH,Sebring,2008-07-15,TMAX,776.0,SYNTHETIC
SYNTH,Sebring,2008-07-15,TMIN,569.0,SYNTHETIC
SYNTH,Sebring,2008-07-15,PRCP,6.0,SYNTHETIC
SYNTH,Lakeland Linder,2008-08-15,TMAX,847.0,SYNTHETIC
SYNTH,Lakeland Linder,2008-08-15,TMIN,524.0,SYNTHETIC
SYNTH,Lakeland Linder,2008-08-15,PRCP,3.0,SYNTHETIC
SYNTH,Tampa International,2008-08-15,TMAX,798.0,SYNTHETIC
SYNTH,Tampa International,2008-08-15,TMIN,704.0,SYNTHETIC
SYNTH,Tampa International,2008-08-15,PRCP,1.0,SYNTHETIC
SYNTH,Orlando Executive,2008-08-15,TMAX,793.0,SYNTHETIC
SYNTH,Orlando Executive,2008-08-15,TMIN,708.0,SYNTHETIC
SYNTH,Orlando Executive,2008-08-15,PRCP,4.0,SYNTHETIC
SYNTH,Sebring,2008-08-15,TMAX,845.0,SYNTHETIC
SYNTH,Sebring,2008-08-15,TMIN,687.0,SYNTHETIC
SYNTH,Sebring,2008-08-15,PRCP,4.0,SYNTHETIC
SYNTH,Lakeland Linder,2008-09-15,TMAX,880.0,SYNTHETIC
SYNTH,Lakeland Linder,2008-09-15,TMIN,698.0,SYNTHETIC
SYNTH,Lakeland Linder,2008-09-15,PRCP,2.0,SYNTHETIC
SYNTH,Tampa International,2008-09-15,TMAX,800.0,SYNTHETIC
SYNTH,Tampa International,2008-09-15,TMIN,646.0,SYNTHETIC
SYNTH,Tampa International,2008-09-15,PRCP,2.0,SYNTHETIC
SYNTH,Orlando Executive,2008-09-15,TMAX,846.0,SYNTHETIC
SYNTH,Orlando Executive,2008-09-15,TMIN,764.0,SYNTHETIC
SYNTH,Orlando Executive,2008-09-15,PRCP,8.0,SYNTHETIC
SYNTH,Sebring,2008-09-15,TMAX,715.0,SYNTHETIC
SYNTH,Sebring,2008-09-15,TMIN,699.0,SYNTHETIC
SYNTH,Sebring,2008-09-15,PRCP,9.0,SYNTHETIC
SYNTH,Lakeland Linder,2008-10-15,TMAX,850.0,SYNTHETIC
SYNTH,Lakeland Linder,2008-10-15,TMIN,737.0,SYNTHETIC
SYNTH,Lakeland Linder,2008-10-15,PRCP,13.0,SYNTHETIC
SYNTH,Tampa International,2008-10-15,TMAX,901.0,SYNTHETIC
SYNTH,Tampa International,2008-10-15,TMIN,669.0,SYNTHETIC
SYNTH,Tampa International,2008-10-15,PRCP,8.0,SYNTHETIC
SYNTH,Orlando Executive,2008-10-15,TMAX,831.0,SYNTHETIC
SYNTH,Orlando Executive,2008-10-15,TMIN,651.0,SYNTHETIC
SYNTH,Orlando Executive,2008-10-15,PRCP,1.0,SYNTHETIC
SYNTH,Sebring,2008-10-15,TMAX,945.0,SYNTHETIC
SYNTH,Sebring,2008-10-15,TMIN,584.0,SYNTHETIC
SYNTH,Sebring,2008-10-15,PRCP,10.0,SYNTHETIC
SYNTH,Lakeland Linder,2008-11-15,TMAX,859.0,SYNTHETIC
SYNTH,Lakeland Linder,2008-11-15,TMIN,538.0,SYNTHETIC
SYNTH,Lakeland Linder,2008-11-15,PRCP,4.0,SYNTHETIC
SYNTH,Tampa International,2008-11-15,TMAX,651.0,SYNTHETIC
SYNTH,Tampa International,2008-11-15,TMIN,700.0,SYNTHETIC
SYNTH,Tampa International,2008-11-15,PRCP,7.0,SYNTHETIC
SYNTH,Orlando Executive,2008-11-15,TMAX,772.0,SYNTHETIC
SYNTH,Orlando Executive,2008-11-15,TMIN,659.0,SYNTHETIC
SYNTH,Orlando Executive,2008-11-15,PRCP,12.0,SYNTHETIC
SYNTH,Sebring,2008-11-15,TMAX,779.0,SYNTHETIC
SYNTH,Sebring,2008-11-15,TMIN,565.0,SYNTHETIC
SYNTH,Sebring,2008-11-15,PRCP,10.0,SYNTHETIC
SYNTH,Lakeland Linder,2008-12-15,TMAX,977.0,SYNTHETIC
SYNTH,Lakeland Linder,2008-12-15,TMIN,650.0,SYNTHETIC
SYNTH,Lakeland Linder,2008-12-15,PRCP,8.0,SYNTHETIC
SYNTH,Tampa International,2008-12-15,TMAX,927.0,SYNTHETIC
SYNTH,Tampa International,2008-12-15,TMIN,590.0,SYNTHETIC
SYNTH,Tampa International,2008-12-15,PRCP,0.0,SYNTHETIC
SYNTH,Orlando Executive,2008-12-15,TMAX,918.0,SYNTHETIC
SYNTH,Orlando Executive,2008-12-15,TMIN,784.0,SYNTHETIC
SYNTH,Orlando Executive,2008-12-15,PRCP,5.0,SYNTHETIC
SYNTH,Sebring,2008-12-15,TMAX,749.0,SYNTHETIC
SYNTH,Sebring,2008-12-15,TMIN,808.0,SYNTHETIC
SYNTH,Sebring,2008-12-15,PRCP,0.0,SYNTHETIC
SYNTH,Lakeland Linder,2009-01-15,TMAX,793.0,SYNTHETIC
SYNTH,Lakeland Linder,2009-01-15,TMIN,677.0,SYNTHETIC
SYNTH,Lakeland Linder,2009-01-15,PRCP,10.0,SYNTHETIC
SYNTH,Tampa International,2009-01-15,TMAX,888.0,SYNTHETIC
SYNTH,Tampa International,2009-01-15,TMIN,683.0,SYNTHETIC
SYNTH,Tampa International,2009-01-15,PRCP,5.0,SYNTHETIC
SYNTH,Orlando Executive,2009-01-15,TMAX,823.0,SYNTHETIC
SYNTH,Orlando Executive,2009-01-15,TMIN,694.0,SYNTHETIC
SYNTH,Orlando Executive,2009-01-15,PRCP,9.0,SYNTHETIC
SYNTH,Sebring,2009-01-15,TMAX,796.0,SYNTHETIC
SYNTH,Sebring,2009-01-15,TMIN,669.0,SYNTHETIC
SYNTH,Sebring,2009-01-15,PRCP,2.0,SYNTHETIC
SYNTH,Lakeland Linder,2009-02-15,TMAX,850.0,SYNTHETIC
SYNTH,Lakeland Linder,2009-02-15,TMIN,633.0,SYNTHETIC
SYNTH,Lakeland Linder,2009-02-15,PRCP,11.0,SYNTHETIC
SYNTH,Tampa International,2009-02-15,TMAX,945.0,SYNTHETIC
SYNTH,Tampa International,2009-02-15,TMIN,612.0,SYNTHETIC
SYNTH,Tampa International,2009-02-15,PRCP,2.0,SYNTHETIC
SYNTH,Orlando Executive,2009-02-15,TMAX,814.0,SYNTHETIC
SYNTH,Orlando Executive,2009-02-15,TMIN,613.0,SYNTHETIC
SYNTH,Orlando Executive,2009-02-15,PRCP,3.0,SYNTHETIC
SYNTH,Sebring,2009-02-15,TMAX,759.0,SYNTHETIC
SYNTH,Sebring,2009-02-15,TMIN,559.0,SYNTHETIC
SYNTH,Sebring,2009-02-15,PRCP,6.0,SYNTHETIC
SYNTH,Lakeland Linder,2009-03-15,TMAX,870.0,SYNTHETIC
SYNTH,Lakeland Linder,2009-03-15,TMIN,585.0,SYNTHETIC
SYNTH,Lakeland Linder,2009-03-15,PRCP,7.0,SYNTHETIC
SYNTH,Tampa International,2009-03-15,TMAX,769.0,SYNTHETIC
SYNTH,Tampa International,2009-03-15,TMIN,670.0,SYNTHETIC
SYNTH,Tampa International,2009-03-15,PRCP,7.0,SYNTHETIC
SYNTH,Orlando Executive,2009-03-15,TMAX,817.0,SYNTHETIC
SYNTH,Orlando Executive,2009-03-15,TMIN,686.0,SYNTHETIC
SYNTH,Orlando Executive,2009-03-15,PRCP,0.0,SYNTHETIC
SYNTH,Sebring,2009-03-15,TMAX,804.0,SYNTHETIC
SYNTH,Sebring,2009-03-15,TMIN,633.0,SYNTHETIC
SYNTH,Sebring,2009-03-15,PRCP,0.0,SYNTHETIC
SYNTH,Lakeland Linder,2009-04-15,TMAX,805.0,SYNTHETIC
SYNTH,Lakeland Linder,2009-04-15,TMIN,526.0,SYNTHETIC
SYNTH,Lakeland Linder,2009-04-15,PRCP,0.0,SYNTHETIC
SYNTH,Tampa International,2009-04-15,TMAX,797.0,SYNTHETIC
SYNTH,Tampa International,2009-04-15,TMIN,629.0,SYNTHETIC
SYNTH,Tampa International,2009-04-15,PRCP,1.0,SYNTHETIC
SYNTH,Orlando Executive,2009-04-15,TMAX,815.0,SYNTHETIC
SYNTH,Orlando Executive,2009-04-15,TMIN,688.0,SYNTHETIC
SYNTH,Orlando Executive,2009-04-15,PRCP,7.0,SYNTHETIC
SYNTH,Sebring,2009-04-15,TMAX,768.0,SYNTHETIC
SYNTH,Sebring,2009-04-15,TMIN,553.0,SYNTHETIC
SYNTH,Sebring,2009-04-15,PRCP,2.0,SYNTHETIC
SYNTH,Lakeland Linder,2009-05-15,TMAX,781.0,SYNTHETIC
SYNTH,Lakeland Linder,2009-05-15,TMIN,621.0,SYNTHETIC
SYNTH,Lakeland Linder,2009-05-15,PRCP,0.0,SYNTHETIC
SYNTH,Tampa International,2009-05-15,TMAX,716.0,SYNTHETIC
SYNTH,Tampa International,2009-05-15,TMIN,613.0,SYNTHETIC
SYNTH,Tampa International,2009-05-15,PRCP,3.0,SYNTHETIC
SYNTH,Orlando Executive,2009-05-15,TMAX,867.0,SYNTHETIC
SYNTH,Orlando Executive,2009-05-15,TMIN,605.0,SYNTHETIC
SYNTH,Orlando Executive,2009-05-15,PRCP,0.0,SYNTHETIC
SYNTH,Sebring,2009-05-15,TMAX,745.0,SYNTHETIC
SYNTH,Sebring,2009-05-15,TMIN,647.0,SYNTHETIC
SYNTH,Sebring,2009-05-15,PRCP,1.0,SYNTHETIC
SYNTH,Lakeland Linder,2009-06-15,TMAX,865.0,SYNTHETIC
SYNTH,Lakeland Linder,2009-06-15,TMIN,507.0,SYNTHETIC
SYNTH,Lakeland Linder,2009-06-15,PRCP,1.0,SYNTHETIC
SYNTH,Tampa International,2009-06-15,TMAX,844.0,SYNTHETIC
SYNTH,Tampa International,2009-06-15,TMIN,664.0,SYNTHETIC
SYNTH,Tampa International,2009-06-15,PRCP,16.0,SYNTHETIC
SYNTH,Orlando Executive,2009-06-15,TMAX,847.0,SYNTHETIC
SYNTH,Orlando Executive,2009-06-15,TMIN,569.0,SYNTHETIC
SYNTH,Orlando Executive,2009-06-15,PRCP,2.0,SYNTHETIC
SYNTH,Sebring,2009-06-15,TMAX,677.0,SYNTHETIC
SYNTH,Sebring,2009-06-15,TMIN,643.0,SYNTHETIC
SYNTH,Sebring,2009-06-15,PRCP,1.0,SYNTHETIC
SYNTH,Lakeland Linder,2009-07-15,TMAX,893.0,SYNTHETIC
SYNTH,Lakeland Linder,2009-07-15,TMIN,606.0,SYNTHETIC
SYNTH,Lakeland Linder,2009-07-15,PRCP,2.0,SYNTHETIC
SYNTH,Tampa International,2009-07-15,TMAX,769.0,SYNTHETIC
SYNTH,Tampa International,2009-07-15,TMIN,789.0,SYNTHETIC
SYNTH,Tampa International,2009-07-15,PRCP,1.0,SYNTHETIC
SYNTH,Orlando Executive,2009-07-15,TMAX,966.0,SYNTHETIC
SYNTH,Orlando Executive,2009-07-15,TMIN,715.0,SYNTHETIC
SYNTH,Orlando Executive,2009-07-15,PRCP,5.0,SYNTHETIC
SYNTH,Sebring,2009-07-15,TMAX,849.0,SYNTHETIC
SYNTH,Sebring,2009-07-15,TMIN,681.0,SYNTHETIC
SYNTH,Sebring,2009-07-15,PRCP,6.0,SYNTHETIC
SYNTH,Lakeland Linder,2009-08-15,TMAX,797.0,SYNTHETIC
SYNTH,Lakeland Linder,2009-08-15,TMIN,717.0,SYNTHETIC
SYNTH,Lakeland Linder,2009-08-15,PRCP,2.0,SYNTHETIC
SYNTH,Tampa International,2009-08-15,TMAX,707.0,SYNTHETIC
SYNTH,Tampa International,2009-08-15,TMIN,645.0,SYNTHETIC
SYNTH,Tampa International,2009-08-15,PRCP,11.0,SYNTHETIC
SYNTH,Orlando Executive,2009-08-15,TMAX,919.0,SYNTHETIC
SYNTH,Orlando Executive,2009-08-15,TMIN,645.0,SYNTHETIC
SYNTH,Orlando Executive,2009-08-15,PRCP,7.0,SYNTHETIC
SYNTH,Sebring,2009-08-15,TMAX,790.0,SYNTHETIC
SYNTH,Sebring,2009-08-15,TMIN,513.0,SYNTHETIC
SYNTH,Sebring,2009-08-15,PRCP,1.0,SYNTHETIC
SYNTH,Lakeland Linder,2009-09-15,TMAX,945.0,SYNTHETIC
SYNTH,Lakeland Linder,2009-09-15,TMIN,628.0,SYNTHETIC
SYNTH,Lakeland Linder,2009-09-15,PRCP,1.0,SYNTHETIC
SYNTH,Tampa International,2009-09-15,TMAX,796.0,SYNTHETIC
SYNTH,Tampa International,2009-09-15,TMIN,802.0,SYNTHETIC
SYNTH,Tampa International,2009-09-15,PRCP,11.0,SYNTHETIC
SYNTH,Orlando Executive,2009-09-15,TMAX,997.0,SYNTHETIC
SYNTH,Orlando Executive,2009-09-15,TMIN,637.0,SYNTHETIC
SYNTH,Orlando Executive,2009-09-15,PRCP,4.0,SYNTHETIC
SYNTH,Sebring,2009-09-15,TMAX,698.0,SYNTHETIC
SYNTH,Sebring,2009-09-15,TMIN,768.0,SYNTHETIC
SYNTH,Sebring,2009-09-15,PRCP,2.0,SYNTHETIC
SYNTH,Lakeland Linder,2009-10-15,TMAX,837.0,SYNTHETIC
SYNTH,Lakeland Linder,2009-10-15,TMIN,562.0,SYNTHETIC
SYNTH,Lakeland Linder,2009-10-15,PRCP,0.0,SYNTHETIC
SYNTH,Tampa International,2009-10-15,TMAX,753.0,SYNTHETIC
SYNTH,Tampa International,2009-10-15,TMIN,601.0,SYNTHETIC
SYNTH,Tampa International,2009-10-15,PRCP,0.0,SYNTHETIC
SYNTH,Orlando Executive,2009-10-15,TMAX,776.0,SYNTHETIC
SYNTH,Orlando Executive,2009-10-15,TMIN,716.0,SYNTHETIC
SYNTH,Orlando Executive,2009-10-15,PRCP,2.0,SYNTHETIC
SYNTH,Sebring,2009-10-15,TMAX,837.0,SYNTHETIC
SYNTH,Sebring,2009-10-15,TMIN,747.0,SYNTHETIC
SYNTH,Sebring,2009-10-15,PRCP,0.0,SYNTHETIC
SYNTH,Lakeland Linder,2009-11-15,TMAX,762.0,SYNTHETIC
SYNTH,Lakeland Linder,2009-11-15,TMIN,631.0,SYNTHETIC
SYNTH,Lakeland Linder,2009-11-15,PRCP,8.0,SYNTHETIC
SYNTH,Tampa International,2009-11-15,TMAX,835.0,SYNTHETIC
SYNTH,Tampa International,2009-11-15,TMIN,607.0,SYNTHETIC
SYNTH,Tampa International,2009-11-15,PRCP,5.0,SYNTHETIC
SYNTH,Orlando Executive,2009-11-15,TMAX,731.0,SYNTHETIC
SYNTH,Orlando Executive,2009-11-15,TMIN,704.0,SYNTHETIC
SYNTH,Orlando Executive,2009-11-15,PRCP,5.0,SYNTHETIC
SYNTH,Sebring,2009-11-15,TMAX,795.0,SYNTHETIC
SYNTH,Sebring,2009-11-15,TMIN,582.0,SYNTHETIC
SYNTH,Sebring,2009-11-15,PRCP,1.0,SYNTHETIC
SYNTH,Lakeland Linder,2009-12-15,TMAX,862.0,SYNTHETIC
SYNTH,Lakeland Linder,2009-12-15,TMIN,748.0,SYNTHETIC
SYNTH,Lakeland Linder,2009-12-15,PRCP,0.0,SYNTHETIC
SYNTH,Tampa International,2009-12-15,TMAX,856.0,SYNTHETIC
SYNTH,Tampa International,2009-12-15,TMIN,483.0,SYNTHETIC
SYNTH,Tampa International,2009-12-15,PRCP,0.0,SYNTHETIC
SYNTH,Orlando Executive,2009-12-15,TMAX,817.0,SYNTHETIC
SYNTH,Orlando Executive,2009-12-15,TMIN,577.0,SYNTHETIC
SYNTH,Orlando Executive,2009-12-15,PRCP,1.0,SYNTHETIC
SYNTH,Sebring,2009-12-15,TMAX,766.0,SYNTHETIC
SYNTH,Sebring,2009-12-15,TMIN,673.0,SYNTHETIC
SYNTH,Sebring,2009-12-15,PRCP,2.0,SYNTHETIC
SYNTH,Lakeland Linder,2010-01-15,TMAX,640.0,SYNTHETIC
SYNTH,Lakeland Linder,2010-01-15,TMIN,480.0,SYNTHETIC
SYNTH,Lakeland Linder,2010-01-15,PRCP,0.0,SYNTHETIC
SYNTH,Tampa International,2010-01-15,TMAX,856.0,SYNTHETIC
SYNTH,Tampa International,2010-01-15,TMIN,430.0,SYNTHETIC
SYNTH,Tampa International,2010-01-15,PRCP,0.0,SYNTHETIC
SYNTH,Orlando Executive,2010-01-15,TMAX,777.0,SYNTHETIC
SYNTH,Orlando Executive,2010-01-15,TMIN,761.0,SYNTHETIC
SYNTH,Orlando Executive,2010-01-15,PRCP,1.0,SYNTHETIC
SYNTH,Sebring,2010-01-15,TMAX,850.0,SYNTHETIC
SYNTH,Sebring,2010-01-15,TMIN,661.0,SYNTHETIC
SYNTH,Sebring,2010-01-15,PRCP,7.0,SYNTHETIC
SYNTH,Lakeland Linder,2010-02-15,TMAX,881.0,SYNTHETIC
SYNTH,Lakeland Linder,2010-02-15,TMIN,667.0,SYNTHETIC
SYNTH,Lakeland Linder,2010-02-15,PRCP,5.0,SYNTHETIC
SYNTH,Tampa International,2010-02-15,TMAX,1134.0,SYNTHETIC
SYNTH,Tampa International,2010-02-15,TMIN,483.0,SYNTHETIC
SYNTH,Tampa International,2010-02-15,PRCP,11.0,SYNTHETIC
SYNTH,Orlando Executive,2010-02-15,TMAX,797.0,SYNTHETIC
SYNTH,Orlando Executive,2010-02-15,TMIN,672.0,SYNTHETIC
SYNTH,Orlando Executive,2010-02-15,PRCP,2.0,SYNTHETIC
SYNTH,Sebring,2010-02-15,TMAX,786.0,SYNTHETIC
SYNTH,Sebring,2010-02-15,TMIN,604.0,SYNTHETIC
SYNTH,Sebring,2010-02-15,PRCP,4.0,SYNTHETIC
SYNTH,Lakeland Linder,2010-03-15,TMAX,698.0,SYNTHETIC
SYNTH,Lakeland Linder,2010-03-15,TMIN,710.0,SYNTHETIC
SYNTH,Lakeland Linder,2010-03-15,PRCP,0.0,SYNTHETIC
SYNTH,Tampa International,2010-03-15,TMAX,729.0,SYNTHETIC
SYNTH,Tampa International,2010-03-15,TMIN,613.0,SYNTHETIC
SYNTH,Tampa International,2010-03-15,PRCP,9.0,SYNTHETIC
SYNTH,Orlando Executive,2010-03-15,TMAX,777.0,SYNTHETIC
SYNTH,Orlando Executive,2010-03-15,TMIN,678.0,SYNTHETIC
SYNTH,Orlando Executive,2010-03-15,PRCP,0.0,SYNTHETIC
SYNTH,Sebring,2010-03-15,TMAX,880.0,SYNTHETIC
SYNTH,Sebring,2010-03-15,TMIN,704.0,SYNTHETIC
SYNTH,Sebring,2010-03-15,PRCP,12.0,SYNTHETIC
SYNTH,Lakeland Linder,2010-04-15,TMAX,805.0,SYNTHETIC
SYNTH,Lakeland Linder,2010-04-15,TMIN,703.0,SYNTHETIC
SYNTH,Lakeland Linder,2010-04-15,PRCP,3.0,SYNTHETIC
SYNTH,Tampa International,2010-04-15,TMAX,923.0,SYNTHETIC
SYNTH,Tampa International,2010-04-15,TMIN,592.0,SYNTHETIC
SYNTH,Tampa International,2010-04-15,PRCP,6.0,SYNTHETIC
SYNTH,Orlando Executive,2010-04-15,TMAX,804.0,SYNTHETIC
SYNTH,Orlando Executive,2010-04-15,TMIN,644.0,SYNTHETIC
SYNTH,Orlando Executive,2010-04-15,PRCP,3.0,SYNTHETIC
SYNTH,Sebring,2010-04-15,TMAX,840.0,SYNTHETIC
SYNTH,Sebring,2010-04-15,TMIN,640.0,SYNTHETIC
SYNTH,Sebring,2010-04-15,PRCP,4.0,SYNTHETIC
SYNTH,Lakeland Linder,2010-05-15,TMAX,946.0,SYNTHETIC
SYNTH,Lakeland Linder,2010-05-15,TMIN,728.0,SYNTHETIC
SYNTH,Lakeland Linder,2010-05-15,PRCP,7.0,SYNTHETIC
SYNTH,Tampa International,2010-05-15,TMAX,783.0,SYNTHETIC
SYNTH,Tampa International,2010-05-15,TMIN,578.0,SYNTHETIC
SYNTH,Tampa International,2010-05-15,PRCP,7.0,SYNTHETIC
SYNTH,Orlando Executive,2010-05-15,TMAX,890.0,SYNTHETIC
SYNTH,Orlando Executive,2010-05-15,TMIN,767.0,SYNTHETIC
SYNTH,Orlando Executive,2010-05-15,PRCP,0.0,SYNTHETIC
SYNTH,Sebring,2010-05-15,TMAX,801.0,SYNTHETIC
SYNTH,Sebring,2010-05-15,TMIN,518.0,SYNTHETIC
SYNTH,Sebring,2010-05-15,PRCP,1.0,SYNTHETIC
SYNTH,Lakeland Linder,2010-06-15,TMAX,899.0,SYNTHETIC
SYNTH,Lakeland Linder,2010-06-15,TMIN,612.0,SYNTHETIC
SYNTH,Lakeland Linder,2010-06-15,PRCP,6.0,SYNTHETIC
SYNTH,Tampa International,2010-06-15,TMAX,804.0,SYNTHETIC
SYNTH,Tampa International,2010-06-15,TMIN,675.0,SYNTHETIC
SYNTH,Tampa International,2010-06-15,PRCP,2.0,SYNTHETIC
SYNTH,Orlando Executive,2010-06-15,TMAX,826.0,SYNTHETIC
SYNTH,Orlando Executive,2010-06-15,TMIN,410.0,SYNTHETIC
SYNTH,Orlando Executive,2010-06-15,PRCP,2.0,SYNTHETIC
SYNTH,Sebring,2010-06-15,TMAX,689.0,SYNTHETIC
SYNTH,Sebring,2010-06-15,TMIN,746.0,SYNTHETIC
SYNTH,Sebring,2010-06-15,PRCP,6.0,SYNTHETIC
SYNTH,Lakeland Linder,2010-07-15,TMAX,857.0,SYNTHETIC
SYNTH,Lakeland Linder,2010-07-15,TMIN,771.0,SYNTHETIC
SYNTH,Lakeland Linder,2010-07-15,PRCP,1.0,SYNTHETIC
SYNTH,Tampa International,2010-07-15,TMAX,959.0,SYNTHETIC
SYNTH,Tampa International,2010-07-15,TMIN,724.0,SYNTHETIC
SYNTH,Tampa International,2010-07-15,PRCP,1.0,SYNTHETIC
SYNTH,Orlando Executive,2010-07-15,TMAX,910.0,SYNTHETIC
SYNTH,Orlando Executive,2010-07-15,TMIN,561.0,SYNTHETIC
SYNTH,Orlando Executive,2010-07-15,PRCP,1.0,SYNTHETIC
SYNTH,Sebring,2010-07-15,TMAX,771.0,SYNTHETIC
SYNTH,Sebring,2010-07-15,TMIN,607.0,SYNTHETIC
SYNTH,Sebring,2010-07-15,PRCP,2.0,SYNTHETIC
SYNTH,Lakeland Linder,2010-08-15,TMAX,917.0,SYNTHETIC
SYNTH,Lakeland Linder,2010-08-15,TMIN,629.0,SYNTHETIC
SYNTH,Lakeland Linder,2010-08-15,PRCP,4.0,SYNTHETIC
SYNTH,Tampa International,2010-08-15,TMAX,774.0,SYNTHETIC
SYNTH,Tampa International,2010-08-15,TMIN,504.0,SYNTHETIC
SYNTH,Tampa International,2010-08-15,PRCP,4.0,SYNTHETIC
SYNTH,Orlando Executive,2010-08-15,TMAX,667.0,SYNTHETIC
SYNTH,Orlando Executive,2010-08-15,TMIN,644.0,SYNTHETIC
SYNTH,Orlando Executive,2010-08-15,PRCP,3.0,SYNTHETIC
SYNTH,Sebring,2010-08-15,TMAX,978.0,SYNTHETIC
SYNTH,Sebring,2010-08-15,TMIN,722.0,SYNTHETIC
SYNTH,Sebring,2010-08-15,PRCP,3.0,SYNTHETIC
SYNTH,Lakeland Linder,2010-09-15,TMAX,921.0,SYNTHETIC
SYNTH,Lakeland Linder,2010-09-15,TMIN,582.0,SYNTHETIC
SYNTH,Lakeland Linder,2010-09-15,PRCP,5.0,SYNTHETIC
SYNTH,Tampa International,2010-09-15,TMAX,835.0,SYNTHETIC
SYNTH,Tampa International,2010-09-15,TMIN,671.0,SYNTHETIC
SYNTH,Tampa International,2010-09-15,PRCP,9.0,SYNTHETIC
SYNTH,Orlando Executive,2010-09-15,TMAX,878.0,SYNTHETIC
SYNTH,Orlando Executive,2010-09-15,TMIN,673.0,SYNTHETIC
SYNTH,Orlando Executive,2010-09-15,PRCP,5.0,SYNTHETIC
SYNTH,Sebring,2010-09-15,TMAX,743.0,SYNTHETIC
SYNTH,Sebring,2010-09-15,TMIN,640.0,SYNTHETIC
SYNTH,Sebring,2010-09-15,PRCP,3.0,SYNTHETIC
SYNTH,Lakeland Linder,2010-10-15,TMAX,729.0,SYNTHETIC
SYNTH,Lakeland Linder,2010-10-15,TMIN,842.0,SYNTHETIC
SYNTH,Lakeland Linder,2010-10-15,PRCP,10.0,SYNTHETIC
SYNTH,Tampa International,2010-10-15,TMAX,868.0,SYNTHETIC
SYNTH,Tampa International,2010-10-15,TMIN,655.0,SYNTHETIC
SYNTH,Tampa International,2010-10-15,PRCP,1.0,SYNTHETIC
SYNTH,Orlando Executive,2010-10-15,TMAX,743.0,SYNTHETIC
SYNTH,Orlando Executive,2010-10-15,TMIN,656.0,SYNTHETIC
SYNTH,Orlando Executive,2010-10-15,PRCP,4.0,SYNTHETIC
SYNTH,Sebring,2010-10-15,TMAX,720.0,SYNTHETIC
SYNTH,Sebring,2010-10-15,TMIN,676.0,SYNTHETIC
SYNTH,Sebring,2010-10-15,PRCP,2.0,SYNTHETIC
SYNTH,Lakeland Linder,2010-11-15,TMAX,667.0,SYNTHETIC
SYNTH,Lakeland Linder,2010-11-15,TMIN,581.0,SYNTHETIC
SYNTH,Lakeland Linder,2010-11-15,PRCP,0.0,SYNTHETIC
SYNTH,Tampa International,2010-11-15,TMAX,971.0,SYNTHETIC
SYNTH,Tampa International,2010-11-15,TMIN,694.0,SYNTHETIC
SYNTH,Tampa International,2010-11-15,PRCP,3.0,SYNTHETIC
SYNTH,Orlando Executive,2010-11-15,TMAX,858.0,SYNTHETIC
SYNTH,Orlando Executive,2010-11-15,TMIN,526.0,SYNTHETIC
SYNTH,Orlando Executive,2010-11-15,PRCP,8.0,SYNTHETIC
SYNTH,Sebring,2010-11-15,TMAX,782.0,SYNTHETIC
SYNTH,Sebring,2010-11-15,TMIN,642.0,SYNTHETIC
SYNTH,Sebring,2010-11-15,PRCP,9.0,SYNTHETIC
SYNTH,Lakeland Linder,2010-12-15,TMAX,717.0,SYNTHETIC
SYNTH,Lakeland Linder,2010-12-15,TMIN,538.0,SYNTHETIC
SYNTH,Lakeland Linder,2010-12-15,PRCP,0.0,SYNTHETIC
SYNTH,Tampa International,2010-12-15,TMAX,903.0,SYNTHETIC
SYNTH,Tampa International,2010-12-15,TMIN,528.0,SYNTHETIC
SYNTH,Tampa International,2010-12-15,PRCP,11.0,SYNTHETIC
SYNTH,Orlando Executive,2010-12-15,TMAX,783.0,SYNTHETIC
SYNTH,Orlando Executive,2010-12-15,TMIN,694.0,SYNTHETIC
SYNTH,Orlando Executive,2010-12-15,PRCP,9.0,SYNTHETIC
SYNTH,Sebring,2010-12-15,TMAX,782.0,SYNTHETIC
SYNTH,Sebring,2010-12-15,TMIN,617.0,SYNTHETIC
SYNTH,Sebring,2010-12-15,PRCP,8.0,SYNTHETIC
SYNTH,Lakeland Linder,2011-01-15,TMAX,670.0,SYNTHETIC
SYNTH,Lakeland Linder,2011-01-15,TMIN,618.0,SYNTHETIC
SYNTH,Lakeland Linder,2011-01-15,PRCP,3.0,SYNTHETIC
SYNTH,Tampa International,2011-01-15,TMAX,855.0,SYNTHETIC
SYNTH,Tampa International,2011-01-15,TMIN,609.0,SYNTHETIC
SYNTH,Tampa International,2011-01-15,PRCP,3.0,SYNTHETIC
SYNTH,Orlando Executive,2011-01-15,TMAX,620.0,SYNTHETIC
SYNTH,Orlando Executive,2011-01-15,TMIN,597.0,SYNTHETIC
SYNTH,Orlando Executive,2011-01-15,PRCP,5.0,SYNTHETIC
SYNTH,Sebring,2011-01-15,TMAX,741.0,SYNTHETIC
SYNTH,Sebring,2011-01-15,TMIN,654.0,SYNTHETIC
SYNTH,Sebring,2011-01-15,PRCP,5.0,SYNTHETIC
SYNTH,Lakeland Linder,2011-02-15,TMAX,792.0,SYNTHETIC
SYNTH,Lakeland Linder,2011-02-15,TMIN,663.0,SYNTHETIC
SYNTH,Lakeland Linder,2011-02-15,PRCP,1.0,SYNTHETIC
SYNTH,Tampa International,2011-02-15,TMAX,803.0,SYNTHETIC
SYNTH,Tampa International,2011-02-15,TMIN,698.0,SYNTHETIC
SYNTH,Tampa International,2011-02-15,PRCP,3.0,SYNTHETIC
SYNTH,Orlando Executive,2011-02-15,TMAX,773.0,SYNTHETIC
SYNTH,Orlando Executive,2011-02-15,TMIN,667.0,SYNTHETIC
SYNTH,Orlando Executive,2011-02-15,PRCP,6.0,SYNTHETIC
SYNTH,Sebring,2011-02-15,TMAX,656.0,SYNTHETIC
SYNTH,Sebring,2011-02-15,TMIN,742.0,SYNTHETIC
SYNTH,Sebring,2011-02-15,PRCP,1.0,SYNTHETIC
SYNTH,Lakeland Linder,2011-03-15,TMAX,854.0,SYNTHETIC
SYNTH,Lakeland Linder,2011-03-15,TMIN,745.0,SYNTHETIC
SYNTH,Lakeland Linder,2011-03-15,PRCP,3.0,SYNTHETIC
SYNTH,Tampa International,2011-03-15,TMAX,763.0,SYNTHETIC
SYNTH,Tampa International,2011-03-15,TMIN,626.0,SYNTHETIC
SYNTH,Tampa International,2011-03-15,PRCP,0.0,SYNTHETIC
SYNTH,Orlando Executive,2011-03-15,TMAX,958.0,SYNTHETIC
SYNTH,Orlando Executive,2011-03-15,TMIN,581.0,SYNTHETIC
SYNTH,Orlando Executive,2011-03-15,PRCP,0.0,SYNTHETIC
SYNTH,Sebring,2011-03-15,TMAX,836.0,SYNTHETIC
SYNTH,Sebring,2011-03-15,TMIN,553.0,SYNTHETIC
SYNTH,Sebring,2011-03-15,PRCP,1.0,SYNTHETIC
SYNTH,Lakeland Linder,2011-04-15,TMAX,845.0,SYNTHETIC
SYNTH,Lakeland Linder,2011-04-15,TMIN,623.0,SYNTHETIC
SYNTH,Lakeland Linder,2011-04-15,PRCP,2.0,SYNTHETIC
SYNTH,Tampa International,2011-04-15,TMAX,777.0,SYNTHETIC
SYNTH,Tampa International,2011-04-15,TMIN,528.0,SYNTHETIC
SYNTH,Tampa International,2011-04-15,PRCP,4.0,SYNTHETIC
SYNTH,Orlando Executive,2011-04-15,TMAX,960.0,SYNTHETIC
SYNTH,Orlando Executive,2011-04-15,TMIN,651.0,SYNTHETIC
SYNTH,Orlando Executive,2011-04-15,PRCP,4.0,SYNTHETIC
SYNTH,Sebring,2011-04-15,TMAX,875.0,SYNTHETIC
SYNTH,Sebring,2011-04-15,TMIN,548.0,SYNTHETIC
SYNTH,Sebring,2011-04-15,PRCP,11.0,SYNTHETIC
SYNTH,Lakeland Linder,2011-05-15,TMAX,836.0,SYNTHETIC
SYNTH,Lakeland Linder,2011-05-15,TMIN,780.0,SYNTHETIC
SYNTH,Lakeland Linder,2011-05-15,PRCP,0.0,SYNTHETIC
SYNTH,Tampa International,2011-05-15,TMAX,965.0,SYNTHETIC
SYNTH,Tampa International,2011-05-15,TMIN,712.0,SYNTHETIC
SYNTH,Tampa International,2011-05-15,PRCP,5.0,SYNTHETIC
SYNTH,Orlando Executive,2011-05-15,TMAX,838.0,SYNTHETIC
SYNTH,Orlando Executive,2011-05-15,TMIN,630.0,SYNTHETIC
SYNTH,Orlando Executive,2011-05-15,PRCP,9.0,SYNTHETIC
SYNTH,Sebring,2011-05-15,TMAX,831.0,SYNTHETIC
SYNTH,Sebring,2011-05-15,TMIN,492.0,SYNTHETIC
SYNTH,Sebring,2011-05-15,PRCP,2.0,SYNTHETIC
SYNTH,Lakeland Linder,2011-06-15,TMAX,805.0,SYNTHETIC
SYNTH,Lakeland Linder,2011-06-15,TMIN,674.0,SYNTHETIC
SYNTH,Lakeland Linder,2011-06-15,PRCP,2.0,SYNTHETIC
SYNTH,Tampa International,2011-06-15,TMAX,917.0,SYNTHETIC
SYNTH,Tampa International,2011-06-15,TMIN,493.0,SYNTHETIC
SYNTH,Tampa International,2011-06-15,PRCP,3.0,SYNTHETIC
SYNTH,Orlando Executive,2011-06-15,TMAX,674.0,SYNTHETIC
SYNTH,Orlando Executive,2011-06-15,TMIN,710.0,SYNTHETIC
SYNTH,Orlando Executive,2011-06-15,PRCP,2.0,SYNTHETIC
SYNTH,Sebring,2011-06-15,TMAX,853.0,SYNTHETIC
SYNTH,Sebring,2011-06-15,TMIN,580.0,SYNTHETIC
SYNTH,Sebring,2011-06-15,PRCP,9.0,SYNTHETIC
SYNTH,Lakeland Linder,2011-07-15,TMAX,903.0,SYNTHETIC
SYNTH,Lakeland Linder,2011-07-15,TMIN,696.0,SYNTHETIC
SYNTH,Lakeland Linder,2011-07-15,PRCP,2.0,SYNTHETIC
SYNTH,Tampa International,2011-07-15,TMAX,866.0,SYNTHETIC
SYNTH,Tampa International,2011-07-15,TMIN,593.0,SYNTHETIC
SYNTH,Tampa International,2011-07-15,PRCP,7.0,SYNTHETIC
SYNTH,Orlando Executive,2011-07-15,TMAX,951.0,SYNTHETIC
SYNTH,Orlando Executive,2011-07-15,TMIN,735.0,SYNTHETIC
SYNTH,Orlando Executive,2011-07-15,PRCP,0.0,SYNTHETIC
SYNTH,Sebring,2011-07-15,TMAX,848.0,SYNTHETIC
SYNTH,Sebring,2011-07-15,TMIN,546.0,SYNTHETIC
SYNTH,Sebring,2011-07-15,PRCP,5.0,SYNTHETIC
SYNTH,Lakeland Linder,2011-08-15,TMAX,856.0,SYNTHETIC
SYNTH,Lakeland Linder,2011-08-15,TMIN,500.0,SYNTHETIC
SYNTH,Lakeland Linder,2011-08-15,PRCP,2.0,SYNTHETIC
SYNTH,Tampa International,2011-08-15,TMAX,797.0,SYNTHETIC
SYNTH,Tampa International,2011-08-15,TMIN,625.0,SYNTHETIC
SYNTH,Tampa International,2011-08-15,PRCP,3.0,SYNTHETIC
SYNTH,Orlando Executive,2011-08-15,TMAX,851.0,SYNTHETIC
SYNTH,Orlando Executive,2011-08-15,TMIN,670.0,SYNTHETIC
SYNTH,Orlando Executive,2011-08-15,PRCP,2.0,SYNTHETIC
SYNTH,Sebring,2011-08-15,TMAX,759.0,SYNTHETIC
SYNTH,Sebring,2011-08-15,TMIN,733.0,SYNTHETIC
SYNTH,Sebring,2011-08-15,PRCP,11.0,SYNTHETIC
SYNTH,Lakeland Linder,2011-09-15,TMAX,781.0,SYNTHETIC
SYNTH,Lakeland Linder,2011-09-15,TMIN,601.0,SYNTHETIC
SYNTH,Lakeland Linder,2011-09-15,PRCP,5.0,SYNTHETIC
SYNTH,Tampa International,2011-09-15,TMAX,791.0,SYNTHETIC
SYNTH,Tampa International,2011-09-15,TMIN,638.0,SYNTHETIC
SYNTH,Tampa International,2011-09-15,PRCP,6.0,SYNTHETIC
SYNTH,Orlando Executive,2011-09-15,TMAX,667.0,SYNTHETIC
SYNTH,Orlando Executive,2011-09-15,TMIN,755.0,SYNTHETIC
SYNTH,Orlando Executive,2011-09-15,PRCP,3.0,SYNTHETIC
SYNTH,Sebring,2011-09-15,TMAX,787.0,SYNTHETIC
SYNTH,Sebring,2011-09-15,TMIN,642.0,SYNTHETIC
SYNTH,Sebring,2011-09-15,PRCP,2.0,SYNTHETIC
SYNTH,Lakeland Linder,2011-10-15,TMAX,681.0,SYNTHETIC
SYNTH,Lakeland Linder,2011-10-15,TMIN,769.0,SYNTHETIC
SYNTH,Lakeland Linder,2011-10-15,PRCP,3.0,SYNTHETIC
SYNTH,Tampa International,2011-10-15,TMAX,855.0,SYNTHETIC
SYNTH,Tampa International,2011-10-15,TMIN,726.0,SYNTHETIC
SYNTH,Tampa International,2011-10-15,PRCP,2.0,SYNTHETIC
SYNTH,Orlando Executive,2011-10-15,TMAX,857.0,SYNTHETIC
SYNTH,Orlando Executive,2011-10-15,TMIN,628.0,SYNTHETIC
SYNTH,Orlando Executive,2011-10-15,PRCP,7.0,SYNTHETIC
SYNTH,Sebring,2011-10-15,TMAX,649.0,SYNTHETIC
SYNTH,Sebring,2011-10-15,TMIN,642.0,SYNTHETIC
SYNTH,Sebring,2011-10-15,PRCP,0.0,SYNTHETIC
SYNTH,Lakeland Linder,2011-11-15,TMAX,854.0,SYNTHETIC
SYNTH,Lakeland Linder,2011-11-15,TMIN,687.0,SYNTHETIC
SYNTH,Lakeland Linder,2011-11-15,PRCP,0.0,SYNTHETIC
SYNTH,Tampa International,2011-11-15,TMAX,763.0,SYNTHETIC
SYNTH,Tampa International,2011-11-15,TMIN,641.0,SYNTHETIC
SYNTH,Tampa International,2011-11-15,PRCP,1.0,SYNTHETIC
SYNTH,Orlando Executive,2011-11-15,TMAX,887.0,SYNTHETIC
SYNTH,Orlando Executive,2011-11-15,TMIN,620.0,SYNTHETIC
SYNTH,Orlando Executive,2011-11-15,PRCP,11.0,SYNTHETIC
SYNTH,Sebring,2011-11-15,TMAX,790.0,SYNTHETIC
SYNTH,Sebring,2011-11-15,TMIN,566.0,SYNTHETIC
SYNTH,Sebring,2011-11-15,PRCP,5.0,SYNTHETIC
SYNTH,Lakeland Linder,2011-12-15,TMAX,721.0,SYNTHETIC
SYNTH,Lakeland Linder,2011-12-15,TMIN,658.0,SYNTHETIC
SYNTH,Lakeland Linder,2011-12-15,PRCP,9.0,SYNTHETIC
SYNTH,Tampa International,2011-12-15,TMAX,845.0,SYNTHETIC
SYNTH,Tampa International,2011-12-15,TMIN,601.0,SYNTHETIC
SYNTH,Tampa International,2011-12-15,PRCP,5.0,SYNTHETIC
SYNTH,Orlando Executive,2011-12-15,TMAX,783.0,SYNTHETIC
SYNTH,Orlando Executive,2011-12-15,TMIN,594.0,SYNTHETIC
SYNTH,Orlando Executive,2011-12-15,PRCP,2.0,SYNTHETIC
SYNTH,Sebring,2011-12-15,TMAX,679.0,SYNTHETIC
SYNTH,Sebring,2011-12-15,TMIN,618.0,SYNTHETIC
SYNTH,Sebring,2011-12-15,PRCP,3.0,SYNTHETIC
SYNTH,Lakeland Linder,2012-01-15,TMAX,812.0,SYNTHETIC
SYNTH,Lakeland Linder,2012-01-15,TMIN,616.0,SYNTHETIC
SYNTH,Lakeland Linder,2012-01-15,PRCP,1.0,SYNTHETIC
SYNTH,Tampa International,2012-01-15,TMAX,868.0,SYNTHETIC
SYNTH,Tampa International,2012-01-15,TMIN,544.0,SYNTHETIC
SYNTH,Tampa International,2012-01-15,PRCP,6.0,SYNTHETIC
SYNTH,Orlando Executive,2012-01-15,TMAX,739.0,SYNTHETIC
SYNTH,Orlando Executive,2012-01-15,TMIN,589.0,SYNTHETIC
SYNTH,Orlando Executive,2012-01-15,PRCP,4.0,SYNTHETIC
SYNTH,Sebring,2012-01-15,TMAX,779.0,SYNTHETIC
SYNTH,Sebring,2012-01-15,TMIN,728.0,SYNTHETIC
SYNTH,Sebring,2012-01-15,PRCP,5.0,SYNTHETIC
SYNTH,Lakeland Linder,2012-02-15,TMAX,898.0,SYNTHETIC
SYNTH,Lakeland Linder,2012-02-15,TMIN,691.0,SYNTHETIC
SYNTH,Lakeland Linder,2012-02-15,PRCP,2.0,SYNTHETIC
SYNTH,Tampa International,2012-02-15,TMAX,793.0,SYNTHETIC
SYNTH,Tampa International,2012-02-15,TMIN,587.0,SYNTHETIC
SYNTH,Tampa International,2012-02-15,PRCP,9.0,SYNTHETIC
SYNTH,Orlando Executive,2012-02-15,TMAX,724.0,SYNTHETIC
SYNTH,Orlando Executive,2012-02-15,TMIN,721.0,SYNTHETIC
SYNTH,Orlando Executive,2012-02-15,PRCP,7.0,SYNTHETIC
SYNTH,Sebring,2012-02-15,TMAX,966.0,SYNTHETIC
SYNTH,Sebring,2012-02-15,TMIN,617.0,SYNTHETIC
SYNTH,Sebring,2012-02-15,PRCP,6.0,SYNTHETIC
SYNTH,Lakeland Linder,2012-03-15,TMAX,1002.0,SYNTHETIC
SYNTH,Lakeland Linder,2012-03-15,TMIN,600.0,SYNTHETIC
SYNTH,Lakeland Linder,2012-03-15,PRCP,4.0,SYNTHETIC
SYNTH,Tampa International,2012-03-15,TMAX,669.0,SYNTHETIC
SYNTH,Tampa International,2012-03-15,TMIN,707.0,SYNTHETIC
SYNTH,Tampa International,2012-03-15,PRCP,6.0,SYNTHETIC
SYNTH,Orlando Executive,2012-03-15,TMAX,790.0,SYNTHETIC
SYNTH,Orlando Executive,2012-03-15,TMIN,684.0,SYNTHETIC
SYNTH,Orlando Executive,2012-03-15,PRCP,3.0,SYNTHETIC
SYNTH,Sebring,2012-03-15,TMAX,854.0,SYNTHETIC
SYNTH,Sebring,2012-03-15,TMIN,667.0,SYNTHETIC
SYNTH,Sebring,2012-03-15,PRCP,9.0,SYNTHETIC
SYNTH,Lakeland Linder,2012-04-15,TMAX,743.0,SYNTHETIC
SYNTH,Lakeland Linder,2012-04-15,TMIN,595.0,SYNTHETIC
SYNTH,Lakeland Linder,2012-04-15,PRCP,0.0,SYNTHETIC
SYNTH,Tampa International,2012-04-15,TMAX,886.0,SYNTHETIC
SYNTH,Tampa International,2012-04-15,TMIN,722.0,SYNTHETIC
SYNTH,Tampa International,2012-04-15,PRCP,5.0,SYNTHETIC
SYNTH,Orlando Executive,2012-04-15,TMAX,914.0,SYNTHETIC
SYNTH,Orlando Executive,2012-04-15,TMIN,555.0,SYNTHETIC
SYNTH,Orlando Executive,2012-04-15,PRCP,11.0,SYNTHETIC
SYNTH,Sebring,2012-04-15,TMAX,941.0,SYNTHETIC
SYNTH,Sebring,2012-04-15,TMIN,708.0,SYNTHETIC
SYNTH,Sebring,2012-04-15,PRCP,11.0,SYNTHETIC
SYNTH,Lakeland Linder,2012-05-15,TMAX,687.0,SYNTHETIC
SYNTH,Lakeland Linder,2012-05-15,TMIN,608.0,SYNTHETIC
SYNTH,Lakeland Linder,2012-05-15,PRCP,0.0,SYNTHETIC
SYNTH,Tampa International,2012-05-15,TMAX,877.0,SYNTHETIC
SYNTH,Tampa International,2012-05-15,TMIN,565.0,SYNTHETIC
SYNTH,Tampa International,2012-05-15,PRCP,6.0,SYNTHETIC
SYNTH,Orlando Executive,2012-05-15,TMAX,929.0,SYNTHETIC
SYNTH,Orlando Executive,2012-05-15,TMIN,705.0,SYNTHETIC
SYNTH,Orlando Executive,2012-05-15,PRCP,4.0,SYNTHETIC
SYNTH,Sebring,2012-05-15,TMAX,740.0,SYNTHETIC
SYNTH,Sebring,2012-05-15,TMIN,582.0,SYNTHETIC
SYNTH,Sebring,2012-05-15,PRCP,9.0,SYNTHETIC
SYNTH,Lakeland Linder,2012-06-15,TMAX,882.0,SYNTHETIC
SYNTH,Lakeland Linder,2012-06-15,TMIN,646.0,SYNTHETIC
SYNTH,Lakeland Linder,2012-06-15,PRCP,0.0,SYNTHETIC
SYNTH,Tampa International,2012-06-15,TMAX,657.0,SYNTHETIC
SYNTH,Tampa International,2012-06-15,TMIN,564.0,SYNTHETIC
SYNTH,Tampa International,2012-06-15,PRCP,12.0,SYNTHETIC
SYNTH,Orlando Executive,2012-06-15,TMAX,717.0,SYNTHETIC
SYNTH,Orlando Executive,2012-06-15,TMIN,665.0,SYNTHETIC
SYNTH,Orlando Executive,2012-06-15,PRCP,8.0,SYNTHETIC
SYNTH,Sebring,2012-06-15,TMAX,719.0,SYNTHETIC
SYNTH,Sebring,2012-06-15,TMIN,664.0,SYNTHETIC
SYNTH,Sebring,2012-06-15,PRCP,7.0,SYNTHETIC
SYNTH,Lakeland Linder,2012-07-15,TMAX,820.0,SYNTHETIC
SYNTH,Lakeland Linder,2012-07-15,TMIN,879.0,SYNTHETIC
SYNTH,Lakeland Linder,2012-07-15,PRCP,5.0,SYNTHETIC
SYNTH,Tampa International,2012-07-15,TMAX,904.0,SYNTHETIC
SYNTH,Tampa International,2012-07-15,TMIN,636.0,SYNTHETIC
SYNTH,Tampa International,2012-07-15,PRCP,6.0,SYNTHETIC
SYNTH,Orlando Executive,2012-07-15,TMAX,855.0,SYNTHETIC
SYNTH,Orlando Executive,2012-07-15,TMIN,591.0,SYNTHETIC
SYNTH,Orlando Executive,2012-07-15,PRCP,4.0,SYNTHETIC
SYNTH,Sebring,2012-07-15,TMAX,671.0,SYNTHETIC
SYNTH,Sebring,2012-07-15,TMIN,698.0,SYNTHETIC
SYNTH,Sebring,2012-07-15,PRCP,4.0,SYNTHETIC
SYNTH,Lakeland Linder,2012-08-15,TMAX,871.0,SYNTHETIC
SYNTH,Lakeland Linder,2012-08-15,TMIN,734.0,SYNTHETIC
SYNTH,Lakeland Linder,2012-08-15,PRCP,4.0,SYNTHETIC
SYNTH,Tampa International,2012-08-15,TMAX,831.0,SYNTHETIC
SYNTH,Tampa International,2012-08-15,TMIN,579.0,SYNTHETIC
SYNTH,Tampa International,2012-08-15,PRCP,0.0,SYNTHETIC
SYNTH,Orlando Executive,2012-08-15,TMAX,914.0,SYNTHETIC
SYNTH,Orlando Executive,2012-08-15,TMIN,764.0,SYNTHETIC
SYNTH,Orlando Executive,2012-08-15,PRCP,1.0,SYNTHETIC
SYNTH,Sebring,2012-08-15,TMAX,823.0,SYNTHETIC
SYNTH,Sebring,2012-08-15,TMIN,577.0,SYNTHETIC
SYNTH,Sebring,2012-08-15,PRCP,8.0,SYNTHETIC
SYNTH,Lakeland Linder,2012-09-15,TMAX,873.0,SYNTHETIC
SYNTH,Lakeland Linder,2012-09-15,TMIN,805.0,SYNTHETIC
SYNTH,Lakeland Linder,2012-09-15,PRCP,1.0,SYNTHETIC
SYNTH,Tampa International,2012-09-15,TMAX,789.0,SYNTHETIC
SYNTH,Tampa International,2012-09-15,TMIN,668.0,SYNTHETIC
SYNTH,Tampa International,2012-09-15,PRCP,6.0,SYNTHETIC
SYNTH,Orlando Executive,2012-09-15,TMAX,802.0,SYNTHETIC
SYNTH,Orlando Executive,2012-09-15,TMIN,580.0,SYNTHETIC
SYNTH,Orlando Executive,2012-09-15,PRCP,7.0,SYNTHETIC
SYNTH,Sebring,2012-09-15,TMAX,877.0,SYNTHETIC
SYNTH,Sebring,2012-09-15,TMIN,576.0,SYNTHETIC
SYNTH,Sebring,2012-09-15,PRCP,9.0,SYNTHETIC
SYNTH,Lakeland Linder,2012-10-15,TMAX,913.0,SYNTHETIC
SYNTH,Lakeland Linder,2012-10-15,TMIN,660.0,SYNTHETIC
SYNTH,Lakeland Linder,2012-10-15,PRCP,3.0,SYNTHETIC
SYNTH,Tampa International,2012-10-15,TMAX,864.0,SYNTHETIC
SYNTH,Tampa International,2012-10-15,TMIN,581.0,SYNTHETIC
SYNTH,Tampa International,2012-10-15,PRCP,3.0,SYNTHETIC
SYNTH,Orlando Executive,2012-10-15,TMAX,647.0,SYNTHETIC
SYNTH,Orlando Executive,2012-10-15,TMIN,720.0,SYNTHETIC
SYNTH,Orlando Executive,2012-10-15,PRCP,4.0,SYNTHETIC
SYNTH,Sebring,2012-10-15,TMAX,940.0,SYNTHETIC
SYNTH,Sebring,2012-10-15,TMIN,623.0,SYNTHETIC
SYNTH,Sebring,2012-10-15,PRCP,1.0,SYNTHETIC
SYNTH,Lakeland Linder,2012-11-15,TMAX,769.0,SYNTHETIC
SYNTH,Lakeland Linder,2012-11-15,TMIN,626.0,SYNTHETIC
SYNTH,Lakeland Linder,2012-11-15,PRCP,10.0,SYNTHETIC
SYNTH,Tampa International,2012-11-15,TMAX,620.0,SYNTHETIC
SYNTH,Tampa International,2012-11-15,TMIN,752.0,SYNTHETIC
SYNTH,Tampa International,2012-11-15,PRCP,4.0,SYNTHETIC
SYNTH,Orlando Executive,2012-11-15,TMAX,723.0,SYNTHETIC
SYNTH,Orlando Executive,2012-11-15,TMIN,563.0,SYNTHETIC
SYNTH,Orlando Executive,2012-11-15,PRCP,11.0,SYNTHETIC
SYNTH,Sebring,2012-11-15,TMAX,744.0,SYNTHETIC
SYNTH,Sebring,2012-11-15,TMIN,557.0,SYNTHETIC
SYNTH,Sebring,2012-11-15,PRCP,8.0,SYNTHETIC
SYNTH,Lakeland Linder,2012-12-15,TMAX,847.0,SYNTHETIC
SYNTH,Lakeland Linder,2012-12-15,TMIN,574.0,SYNTHETIC
SYNTH,Lakeland Linder,2012-12-15,PRCP,4.0,SYNTHETIC
SYNTH,Tampa International,2012-12-15,TMAX,737.0,SYNTHETIC
SYNTH,Tampa International,2012-12-15,TMIN,738.0,SYNTHETIC
SYNTH,Tampa International,2012-12-15,PRCP,8.0,SYNTHETIC
SYNTH,Orlando Executive,2012-12-15,TMAX,862.0,SYNTHETIC
SYNTH,Orlando Executive,2012-12-15,TMIN,678.0,SYNTHETIC
SYNTH,Orlando Executive,2012-12-15,PRCP,11.0,SYNTHETIC
SYNTH,Sebring,2012-12-15,TMAX,819.0,SYNTHETIC
SYNTH,Sebring,2012-12-15,TMIN,555.0,SYNTHETIC
SYNTH,Sebring,2012-12-15,PRCP,5.0,SYNTHETIC
SYNTH,Lakeland Linder,2013-01-15,TMAX,986.0,SYNTHETIC
SYNTH,Lakeland Linder,2013-01-15,TMIN,568.0,SYNTHETIC
SYNTH,Lakeland Linder,2013-01-15,PRCP,1.0,SYNTHETIC
SYNTH,Tampa International,2013-01-15,TMAX,853.0,SYNTHETIC
SYNTH,Tampa International,2013-01-15,TMIN,645.0,SYNTHETIC
SYNTH,Tampa International,2013-01-15,PRCP,1.0,SYNTHETIC
SYNTH,Orlando Executive,2013-01-15,TMAX,909.0,SYNTHETIC
SYNTH,Orlando Executive,2013-01-15,TMIN,835.0,SYNTHETIC
SYNTH,Orlando Executive,2013-01-15,PRCP,3.0,SYNTHETIC
SYNTH,Sebring,2013-01-15,TMAX,747.0,SYNTHETIC
SYNTH,Sebring,2013-01-15,TMIN,526.0,SYNTHETIC
SYNTH,Sebring,2013-01-15,PRCP,4.0,SYNTHETIC
SYNTH,Lakeland Linder,2013-02-15,TMAX,908.0,SYNTHETIC
SYNTH,Lakeland Linder,2013-02-15,TMIN,688.0,SYNTHETIC
SYNTH,Lakeland Linder,2013-02-15,PRCP,2.0,SYNTHETIC
SYNTH,Tampa International,2013-02-15,TMAX,772.0,SYNTHETIC
SYNTH,Tampa International,2013-02-15,TMIN,562.0,SYNTHETIC
SYNTH,Tampa International,2013-02-15,PRCP,7.0,SYNTHETIC
SYNTH,Orlando Executive,2013-02-15,TMAX,893.0,SYNTHETIC
SYNTH,Orlando Executive,2013-02-15,TMIN,526.0,SYNTHETIC
SYNTH,Orlando Executive,2013-02-15,PRCP,10.0,SYNTHETIC
SYNTH,Sebring,2013-02-15,TMAX,865.0,SYNTHETIC
SYNTH,Sebring,2013-02-15,TMIN,761.0,SYNTHETIC
SYNTH,Sebring,2013-02-15,PRCP,3.0,SYNTHETIC
SYNTH,Lakeland Linder,2013-03-15,TMAX,710.0,SYNTHETIC
SYNTH,Lakeland Linder,2013-03-15,TMIN,638.0,SYNTHETIC
SYNTH,Lakeland Linder,2013-03-15,PRCP,5.0,SYNTHETIC
SYNTH,Tampa International,2013-03-15,TMAX,963.0,SYNTHETIC
SYNTH,Tampa International,2013-03-15,TMIN,706.0,SYNTHETIC
SYNTH,Tampa International,2013-03-15,PRCP,1.0,SYNTHETIC
SYNTH,Orlando Executive,2013-03-15,TMAX,737.0,SYNTHETIC
SYNTH,Orlando Executive,2013-03-15,TMIN,748.0,SYNTHETIC
SYNTH,Orlando Executive,2013-03-15,PRCP,1.0,SYNTHETIC
SYNTH,Sebring,2013-03-15,TMAX,950.0,SYNTHETIC
SYNTH,Sebring,2013-03-15,TMIN,627.0,SYNTHETIC
SYNTH,Sebring,2013-03-15,PRCP,10.0,SYNTHETIC
SYNTH,Lakeland Linder,2013-04-15,TMAX,874.0,SYNTHETIC
SYNTH,Lakeland Linder,2013-04-15,TMIN,639.0,SYNTHETIC
SYNTH,Lakeland Linder,2013-04-15,PRCP,0.0,SYNTHETIC
SYNTH,Tampa International,2013-04-15,TMAX,792.0,SYNTHETIC
SYNTH,Tampa International,2013-04-15,TMIN,684.0,SYNTHETIC
SYNTH,Tampa International,2013-04-15,PRCP,3.0,SYNTHETIC
SYNTH,Orlando Executive,2013-04-15,TMAX,772.0,SYNTHETIC
SYNTH,Orlando Executive,2013-04-15,TMIN,636.0,SYNTHETIC
SYNTH,Orlando Executive,2013-04-15,PRCP,3.0,SYNTHETIC
SYNTH,Sebring,2013-04-15,TMAX,649.0,SYNTHETIC
SYNTH,Sebring,2013-04-15,TMIN,686.0,SYNTHETIC
SYNTH,Sebring,2013-04-15,PRCP,1.0,SYNTHETIC
SYNTH,Lakeland Linder,2013-05-15,TMAX,727.0,SYNTHETIC
SYNTH,Lakeland Linder,2013-05-15,TMIN,515.0,SYNTHETIC
SYNTH,Lakeland Linder,2013-05-15,PRCP,5.0,SYNTHETIC
SYNTH,Tampa International,2013-05-15,TMAX,711.0,SYNTHETIC
SYNTH,Tampa International,2013-05-15,TMIN,593.0,SYNTHETIC
SYNTH,Tampa International,2013-05-15,PRCP,12.0,SYNTHETIC
SYNTH,Orlando Executive,2013-05-15,TMAX,777.0,SYNTHETIC
SYNTH,Orlando Executive,2013-05-15,TMIN,664.0,SYNTHETIC
SYNTH,Orlando Executive,2013-05-15,PRCP,5.0,SYNTHETIC
SYNTH,Sebring,2013-05-15,TMAX,830.0,SYNTHETIC
SYNTH,Sebring,2013-05-15,TMIN,643.0,SYNTHETIC
SYNTH,Sebring,2013-05-15,PRCP,2.0,SYNTHETIC
SYNTH,Lakeland Linder,2013-06-15,TMAX,936.0,SYNTHETIC
SYNTH,Lakeland Linder,2013-06-15,TMIN,794.0,SYNTHETIC
SYNTH,Lakeland Linder,2013-06-15,PRCP,5.0,SYNTHETIC
SYNTH,Tampa International,2013-06-15,TMAX,738.0,SYNTHETIC
SYNTH,Tampa International,2013-06-15,TMIN,627.0,SYNTHETIC
SYNTH,Tampa International,2013-06-15,PRCP,1.0,SYNTHETIC
SYNTH,Orlando Executive,2013-06-15,TMAX,860.0,SYNTHETIC
SYNTH,Orlando Executive,2013-06-15,TMIN,591.0,SYNTHETIC
SYNTH,Orlando Executive,2013-06-15,PRCP,13.0,SYNTHETIC
SYNTH,Sebring,2013-06-15,TMAX,915.0,SYNTHETIC
SYNTH,Sebring,2013-06-15,TMIN,667.0,SYNTHETIC
SYNTH,Sebring,2013-06-15,PRCP,8.0,SYNTHETIC
SYNTH,Lakeland Linder,2013-07-15,TMAX,908.0,SYNTHETIC
SYNTH,Lakeland Linder,2013-07-15,TMIN,604.0,SYNTHETIC
SYNTH,Lakeland Linder,2013-07-15,PRCP,1.0,SYNTHETIC
SYNTH,Tampa International,2013-07-15,TMAX,826.0,SYNTHETIC
SYNTH,Tampa International,2013-07-15,TMIN,718.0,SYNTHETIC
SYNTH,Tampa International,2013-07-15,PRCP,3.0,SYNTHETIC
SYNTH,Orlando Executive,2013-07-15,TMAX,693.0,SYNTHETIC
SYNTH,Orlando Executive,2013-07-15,TMIN,585.0,SYNTHETIC
SYNTH,Orlando Executive,2013-07-15,PRCP,2.0,SYNTHETIC
SYNTH,Sebring,2013-07-15,TMAX,813.0,SYNTHETIC
SYNTH,Sebring,2013-07-15,TMIN,807.0,SYNTHETIC
SYNTH,Sebring,2013-07-15,PRCP,3.0,SYNTHETIC
SYNTH,Lakeland Linder,2013-08-15,TMAX,860.0,SYNTHETIC
SYNTH,Lakeland Linder,2013-08-15,TMIN,769.0,SYNTHETIC
SYNTH,Lakeland Linder,2013-08-15,PRCP,14.0,SYNTHETIC
SYNTH,Tampa International,2013-08-15,TMAX,787.0,SYNTHETIC
SYNTH,Tampa International,2013-08-15,TMIN,689.0,SYNTHETIC
SYNTH,Tampa International,2013-08-15,PRCP,5.0,SYNTHETIC
SYNTH,Orlando Executive,2013-08-15,TMAX,835.0,SYNTHETIC
SYNTH,Orlando Executive,2013-08-15,TMIN,642.0,SYNTHETIC
SYNTH,Orlando Executive,2013-08-15,PRCP,5.0,SYNTHETIC
SYNTH,Sebring,2013-08-15,TMAX,617.0,SYNTHETIC
SYNTH,Sebring,2013-08-15,TMIN,704.0,SYNTHETIC
SYNTH,Sebring,2013-08-15,PRCP,3.0,SYNTHETIC
SYNTH,Lakeland Linder,2013-09-15,TMAX,802.0,SYNTHETIC
SYNTH,Lakeland Linder,2013-09-15,TMIN,813.0,SYNTHETIC
SYNTH,Lakeland Linder,2013-09-15,PRCP,0.0,SYNTHETIC
SYNTH,Tampa International,2013-09-15,TMAX,787.0,SYNTHETIC
SYNTH,Tampa International,2013-09-15,TMIN,809.0,SYNTHETIC
SYNTH,Tampa International,2013-09-15,PRCP,1.0,SYNTHETIC
SYNTH,Orlando Executive,2013-09-15,TMAX,775.0,SYNTHETIC
SYNTH,Orlando Executive,2013-09-15,TMIN,638.0,SYNTHETIC
SYNTH,Orlando Executive,2013-09-15,PRCP,7.0,SYNTHETIC
SYNTH,Sebring,2013-09-15,TMAX,836.0,SYNTHETIC
SYNTH,Sebring,2013-09-15,TMIN,546.0,SYNTHETIC
SYNTH,Sebring,2013-09-15,PRCP,0.0,SYNTHETIC
SYNTH,Lakeland Linder,2013-10-15,TMAX,771.0,SYNTHETIC
SYNTH,Lakeland Linder,2013-10-15,TMIN,643.0,SYNTHETIC
SYNTH,Lakeland Linder,2013-10-15,PRCP,5.0,SYNTHETIC
SYNTH,Tampa International,2013-10-15,TMAX,853.0,SYNTHETIC
SYNTH,Tampa International,2013-10-15,TMIN,507.0,SYNTHETIC
SYNTH,Tampa International,2013-10-15,PRCP,8.0,SYNTHETIC
SYNTH,Orlando Executive,2013-10-15,TMAX,840.0,SYNTHETIC
SYNTH,Orlando Executive,2013-10-15,TMIN,760.0,SYNTHETIC
SYNTH,Orlando Executive,2013-10-15,PRCP,5.0,SYNTHETIC
SYNTH,Sebring,2013-10-15,TMAX,908.0,SYNTHETIC
SYNTH,Sebring,2013-10-15,TMIN,687.0,SYNTHETIC
SYNTH,Sebring,2013-10-15,PRCP,9.0,SYNTHETIC
SYNTH,Lakeland Linder,2013-11-15,TMAX,861.0,SYNTHETIC
SYNTH,Lakeland Linder,2013-11-15,TMIN,642.0,SYNTHETIC
SYNTH,Lakeland Linder,2013-11-15,PRCP,14.0,SYNTHETIC
SYNTH,Tampa International,2013-11-15,TMAX,891.0,SYNTHETIC
SYNTH,Tampa International,2013-11-15,TMIN,695.0,SYNTHETIC
SYNTH,Tampa International,2013-11-15,PRCP,3.0,SYNTHETIC
SYNTH,Orlando Executive,2013-11-15,TMAX,716.0,SYNTHETIC
SYNTH,Orlando Executive,2013-11-15,TMIN,673.0,SYNTHETIC
SYNTH,Orlando Executive,2013-11-15,PRCP,3.0,SYNTHETIC
SYNTH,Sebring,2013-11-15,TMAX,770.0,SYNTHETIC
SYNTH,Sebring,2013-11-15,TMIN,661.0,SYNTHETIC
SYNTH,Sebring,2013-11-15,PRCP,10.0,SYNTHETIC
SYNTH,Lakeland Linder,2013-12-15,TMAX,875.0,SYNTHETIC
SYNTH,Lakeland Linder,2013-12-15,TMIN,558.0,SYNTHETIC
SYNTH,Lakeland Linder,2013-12-15,PRCP,2.0,SYNTHETIC
SYNTH,Tampa International,2013-12-15,TMAX,755.0,SYNTHETIC
SYNTH,Tampa International,2013-12-15,TMIN,618.0,SYNTHETIC
SYNTH,Tampa International,2013-12-15,PRCP,0.0,SYNTHETIC
SYNTH,Orlando Executive,2013-12-15,TMAX,781.0,SYNTHETIC
SYNTH,Orlando Executive,2013-12-15,TMIN,549.0,SYNTHETIC
SYNTH,Orlando Executive,2013-12-15,PRCP,2.0,SYNTHETIC
SYNTH,Sebring,2013-12-15,TMAX,775.0,SYNTHETIC
SYNTH,Sebring,2013-12-15,TMIN,415.0,SYNTHETIC
SYNTH,Sebring,2013-12-15,PRCP,13.0,SYNTHETIC
SYNTH,Lakeland Linder,2014-01-15,TMAX,907.0,SYNTHETIC
SYNTH,Lakeland Linder,2014-01-15,TMIN,619.0,SYNTHETIC
SYNTH,Lakeland Linder,2014-01-15,PRCP,3.0,SYNTHETIC
SYNTH,Tampa International,2014-01-15,TMAX,726.0,SYNTHETIC
SYNTH,Tampa International,2014-01-15,TMIN,785.0,SYNTHETIC
SYNTH,Tampa International,2014-01-15,PRCP,12.0,SYNTHETIC
SYNTH,Orlando Executive,2014-01-15,TMAX,832.0,SYNTHETIC
SYNTH,Orlando Executive,2014-01-15,TMIN,731.0,SYNTHETIC
SYNTH,Orlando Executive,2014-01-15,PRCP,3.0,SYNTHETIC
SYNTH,Sebring,2014-01-15,TMAX,713.0,SYNTHETIC
SYNTH,Sebring,2014-01-15,TMIN,617.0,SYNTHETIC
SYNTH,Sebring,2014-01-15,PRCP,3.0,SYNTHETIC
SYNTH,Lakeland Linder,2014-02-15,TMAX,783.0,SYNTHETIC
SYNTH,Lakeland Linder,2014-02-15,TMIN,632.0,SYNTHETIC
SYNTH,Lakeland Linder,2014-02-15,PRCP,2.0,SYNTHETIC
SYNTH,Tampa International,2014-02-15,TMAX,813.0,SYNTHETIC
SYNTH,Tampa International,2014-02-15,TMIN,654.0,SYNTHETIC
SYNTH,Tampa International,2014-02-15,PRCP,2.0,SYNTHETIC
SYNTH,Orlando Executive,2014-02-15,TMAX,762.0,SYNTHETIC
SYNTH,Orlando Executive,2014-02-15,TMIN,547.0,SYNTHETIC
SYNTH,Orlando Executive,2014-02-15,PRCP,7.0,SYNTHETIC
SYNTH,Sebring,2014-02-15,TMAX,651.0,SYNTHETIC
SYNTH,Sebring,2014-02-15,TMIN,742.0,SYNTHETIC
SYNTH,Sebring,2014-02-15,PRCP,9.0,SYNTHETIC
SYNTH,Lakeland Linder,2014-03-15,TMAX,795.0,SYNTHETIC
SYNTH,Lakeland Linder,2014-03-15,TMIN,441.0,SYNTHETIC
SYNTH,Lakeland Linder,2014-03-15,PRCP,1.0,SYNTHETIC
SYNTH,Tampa International,2014-03-15,TMAX,814.0,SYNTHETIC
SYNTH,Tampa International,2014-03-15,TMIN,569.0,SYNTHETIC
SYNTH,Tampa International,2014-03-15,PRCP,0.0,SYNTHETIC
SYNTH,Orlando Executive,2014-03-15,TMAX,942.0,SYNTHETIC
SYNTH,Orlando Executive,2014-03-15,TMIN,703.0,SYNTHETIC
SYNTH,Orlando Executive,2014-03-15,PRCP,1.0,SYNTHETIC
SYNTH,Sebring,2014-03-15,TMAX,692.0,SYNTHETIC
SYNTH,Sebring,2014-03-15,TMIN,623.0,SYNTHETIC
SYNTH,Sebring,2014-03-15,PRCP,1.0,SYNTHETIC
SYNTH,Lakeland Linder,2014-04-15,TMAX,859.0,SYNTHETIC
SYNTH,Lakeland Linder,2014-04-15,TMIN,607.0,SYNTHETIC
SYNTH,Lakeland Linder,2014-04-15,PRCP,5.0,SYNTHETIC
SYNTH,Tampa International,2014-04-15,TMAX,974.0,SYNTHETIC
SYNTH,Tampa International,2014-04-15,TMIN,715.0,SYNTHETIC
SYNTH,Tampa International,2014-04-15,PRCP,2.0,SYNTHETIC
SYNTH,Orlando Executive,2014-04-15,TMAX,805.0,SYNTHETIC
SYNTH,Orlando Executive,2014-04-15,TMIN,621.0,SYNTHETIC
SYNTH,Orlando Executive,2014-04-15,PRCP,8.0,SYNTHETIC
SYNTH,Sebring,2014-04-15,TMAX,769.0,SYNTHETIC
SYNTH,Sebring,2014-04-15,TMIN,653.0,SYNTHETIC
SYNTH,Sebring,2014-04-15,PRCP,3.0,SYNTHETIC
SYNTH,Lakeland Linder,2014-05-15,TMAX,779.0,SYNTHETIC
SYNTH,Lakeland Linder,2014-05-15,TMIN,540.0,SYNTHETIC
SYNTH,Lakeland Linder,2014-05-15,PRCP,4.0,SYNTHETIC
SYNTH,Tampa International,2014-05-15,TMAX,815.0,SYNTHETIC
SYNTH,Tampa International,2014-05-15,TMIN,690.0,SYNTHETIC
SYNTH,Tampa International,2014-05-15,PRCP,0.0,SYNTHETIC
SYNTH,Orlando Executive,2014-05-15,TMAX,917.0,SYNTHETIC
SYNTH,Orlando Executive,2014-05-15,TMIN,579.0,SYNTHETIC
SYNTH,Orlando Executive,2014-05-15,PRCP,11.0,SYNTHETIC
SYNTH,Sebring,2014-05-15,TMAX,680.0,SYNTHETIC
SYNTH,Sebring,2014-05-15,TMIN,684.0,SYNTHETIC
SYNTH,Sebring,2014-05-15,PRCP,5.0,SYNTHETIC
SYNTH,Lakeland Linder,2014-06-15,TMAX,756.0,SYNTHETIC
SYNTH,Lakeland Linder,2014-06-15,TMIN,683.0,SYNTHETIC
SYNTH,Lakeland Linder,2014-06-15,PRCP,9.0,SYNTHETIC
SYNTH,Tampa International,2014-06-15,TMAX,642.0,SYNTHETIC
SYNTH,Tampa International,2014-06-15,TMIN,690.0,SYNTHETIC
SYNTH,Tampa International,2014-06-15,PRCP,9.0,SYNTHETIC
SYNTH,Orlando Executive,2014-06-15,TMAX,742.0,SYNTHETIC
SYNTH,Orlando Executive,2014-06-15,TMIN,780.0,SYNTHETIC
SYNTH,Orlando Executive,2014-06-15,PRCP,0.0,SYNTHETIC
SYNTH,Sebring,2014-06-15,TMAX,726.0,SYNTHETIC
SYNTH,Sebring,2014-06-15,TMIN,634.0,SYNTHETIC
SYNTH,Sebring,2014-06-15,PRCP,13.0,SYNTHETIC
SYNTH,Lakeland Linder,2014-07-15,TMAX,673.0,SYNTHETIC
SYNTH,Lakeland Linder,2014-07-15,TMIN,565.0,SYNTHETIC
SYNTH,Lakeland Linder,2014-07-15,PRCP,10.0,SYNTHETIC
SYNTH,Tampa International,2014-07-15,TMAX,968.0,SYNTHETIC
SYNTH,Tampa International,2014-07-15,TMIN,641.0,SYNTHETIC
SYNTH,Tampa International,2014-07-15,PRCP,3.0,SYNTHETIC
SYNTH,Orlando Executive,2014-07-15,TMAX,987.0,SYNTHETIC
SYNTH,Orlando Executive,2014-07-15,TMIN,777.0,SYNTHETIC
SYNTH,Orlando Executive,2014-07-15,PRCP,6.0,SYNTHETIC
SYNTH,Sebring,2014-07-15,TMAX,755.0,SYNTHETIC
SYNTH,Sebring,2014-07-15,TMIN,646.0,SYNTHETIC
SYNTH,Sebring,2014-07-15,PRCP,2.0,SYNTHETIC
SYNTH,Lakeland Linder,2014-08-15,TMAX,846.0,SYNTHETIC
SYNTH,Lakeland Linder,2014-08-15,TMIN,766.0,SYNTHETIC
SYNTH,Lakeland Linder,2014-08-15,PRCP,7.0,SYNTHETIC
SYNTH,Tampa International,2014-08-15,TMAX,733.0,SYNTHETIC
SYNTH,Tampa International,2014-08-15,TMIN,760.0,SYNTHETIC
SYNTH,Tampa International,2014-08-15,PRCP,4.0,SYNTHETIC
SYNTH,Orlando Executive,2014-08-15,TMAX,874.0,SYNTHETIC
SYNTH,Orlando Executive,2014-08-15,TMIN,767.0,SYNTHETIC
SYNTH,Orlando Executive,2014-08-15,PRCP,2.0,SYNTHETIC
SYNTH,Sebring,2014-08-15,TMAX,817.0,SYNTHETIC
SYNTH,Sebring,2014-08-15,TMIN,607.0,SYNTHETIC
SYNTH,Sebring,2014-08-15,PRCP,4.0,SYNTHETIC
SYNTH,Lakeland Linder,2014-09-15,TMAX,847.0,SYNTHETIC
SYNTH,Lakeland Linder,2014-09-15,TMIN,850.0,SYNTHETIC
SYNTH,Lakeland Linder,2014-09-15,PRCP,6.0,SYNTHETIC
SYNTH,Tampa International,2014-09-15,TMAX,817.0,SYNTHETIC
SYNTH,Tampa International,2014-09-15,TMIN,701.0,SYNTHETIC
SYNTH,Tampa International,2014-09-15,PRCP,3.0,SYNTHETIC
SYNTH,Orlando Executive,2014-09-15,TMAX,810.0,SYNTHETIC
SYNTH,Orlando Executive,2014-09-15,TMIN,546.0,SYNTHETIC
SYNTH,Orlando Executive,2014-09-15,PRCP,4.0,SYNTHETIC
SYNTH,Sebring,2014-09-15,TMAX,759.0,SYNTHETIC
SYNTH,Sebring,2014-09-15,TMIN,474.0,SYNTHETIC
SYNTH,Sebring,2014-09-15,PRCP,8.0,SYNTHETIC
SYNTH,Lakeland Linder,2014-10-15,TMAX,896.0,SYNTHETIC
SYNTH,Lakeland Linder,2014-10-15,TMIN,654.0,SYNTHETIC
SYNTH,Lakeland Linder,2014-10-15,PRCP,4.0,SYNTHETIC
SYNTH,Tampa International,2014-10-15,TMAX,905.0,SYNTHETIC
SYNTH,Tampa International,2014-10-15,TMIN,667.0,SYNTHETIC
SYNTH,Tampa International,2014-10-15,PRCP,7.0,SYNTHETIC
SYNTH,Orlando Executive,2014-10-15,TMAX,796.0,SYNTHETIC
SYNTH,Orlando Executive,2014-10-15,TMIN,754.0,SYNTHETIC
SYNTH,Orlando Executive,2014-10-15,PRCP,4.0,SYNTHETIC
SYNTH,Sebring,2014-10-15,TMAX,835.0,SYNTHETIC
SYNTH,Sebring,2014-10-15,TMIN,548.0,SYNTHETIC
SYNTH,Sebring,2014-10-15,PRCP,4.0,SYNTHETIC
SYNTH,Lakeland Linder,2014-11-15,TMAX,753.0,SYNTHETIC
SYNTH,Lakeland Linder,2014-11-15,TMIN,598.0,SYNTHETIC
SYNTH,Lakeland Linder,2014-11-15,PRCP,1.0,SYNTHETIC
SYNTH,Tampa International,2014-11-15,TMAX,734.0,SYNTHETIC
SYNTH,Tampa International,2014-11-15,TMIN,819.0,SYNTHETIC
SYNTH,Tampa International,2014-11-15,PRCP,9.0,SYNTHETIC
SYNTH,Orlando Executive,2014-11-15,TMAX,973.0,SYNTHETIC
SYNTH,Orlando Executive,2014-11-15,TMIN,552.0,SYNTHETIC
SYNTH,Orlando Executive,2014-11-15,PRCP,3.0,SYNTHETIC
SYNTH,Sebring,2014-11-15,TMAX,716.0,SYNTHETIC
SYNTH,Sebring,2014-11-15,TMIN,594.0,SYNTHETIC
SYNTH,Sebring,2014-11-15,PRCP,1.0,SYNTHETIC
SYNTH,Lakeland Linder,2014-12-15,TMAX,919.0,SYNTHETIC
SYNTH,Lakeland Linder,2014-12-15,TMIN,618.0,SYNTHETIC
SYNTH,Lakeland Linder,2014-12-15,PRCP,8.0,SYNTHETIC
SYNTH,Tampa International,2014-12-15,TMAX,868.0,SYNTHETIC
SYNTH,Tampa International,2014-12-15,TMIN,834.0,SYNTHETIC
SYNTH,Tampa International,2014-12-15,PRCP,4.0,SYNTHETIC
SYNTH,Orlando Executive,2014-12-15,TMAX,920.0,SYNTHETIC
SYNTH,Orlando Executive,2014-12-15,TMIN,741.0,SYNTHETIC
SYNTH,Orlando Executive,2014-12-15,PRCP,1.0,SYNTHETIC
SYNTH,Sebring,2014-12-15,TMAX,900.0,SYNTHETIC
SYNTH,Sebring,2014-12-15,TMIN,676.0,SYNTHETIC
SYNTH,Sebring,2014-12-15,PRCP,1.0,SYNTHETIC
SYNTH,Lakeland Linder,2015-01-15,TMAX,754.0,SYNTHETIC
SYNTH,Lakeland Linder,2015-01-15,TMIN,592.0,SYNTHETIC
SYNTH,Lakeland Linder,2015-01-15,PRCP,13.0,SYNTHETIC
SYNTH,Tampa International,2015-01-15,TMAX,820.0,SYNTHETIC
SYNTH,Tampa International,2015-01-15,TMIN,712.0,SYNTHETIC
SYNTH,Tampa International,2015-01-15,PRCP,0.0,SYNTHETIC
SYNTH,Orlando Executive,2015-01-15,TMAX,757.0,SYNTHETIC
SYNTH,Orlando Executive,2015-01-15,TMIN,736.0,SYNTHETIC
SYNTH,Orlando Executive,2015-01-15,PRCP,3.0,SYNTHETIC
SYNTH,Sebring,2015-01-15,TMAX,786.0,SYNTHETIC
SYNTH,Sebring,2015-01-15,TMIN,652.0,SYNTHETIC
SYNTH,Sebring,2015-01-15,PRCP,3.0,SYNTHETIC
SYNTH,Lakeland Linder,2015-02-15,TMAX,805.0,SYNTHETIC
SYNTH,Lakeland Linder,2015-02-15,TMIN,681.0,SYNTHETIC
SYNTH,Lakeland Linder,2015-02-15,PRCP,6.0,SYNTHETIC
SYNTH,Tampa International,2015-02-15,TMAX,878.0,SYNTHETIC
SYNTH,Tampa International,2015-02-15,TMIN,571.0,SYNTHETIC
SYNTH,Tampa International,2015-02-15,PRCP,1.0,SYNTHETIC
SYNTH,Orlando Executive,2015-02-15,TMAX,915.0,SYNTHETIC
SYNTH,Orlando Executive,2015-02-15,TMIN,721.0,SYNTHETIC
SYNTH,Orlando Executive,2015-02-15,PRCP,3.0,SYNTHETIC
SYNTH,Sebring,2015-02-15,TMAX,848.0,SYNTHETIC
SYNTH,Sebring,2015-02-15,TMIN,491.0,SYNTHETIC
SYNTH,Sebring,2015-02-15,PRCP,3.0,SYNTHETIC
SYNTH,Lakeland Linder,2015-03-15,TMAX,971.0,SYNTHETIC
SYNTH,Lakeland Linder,2015-03-15,TMIN,574.0,SYNTHETIC
SYNTH,Lakeland Linder,2015-03-15,PRCP,1.0,SYNTHETIC
SYNTH,Tampa International,2015-03-15,TMAX,881.0,SYNTHETIC
SYNTH,Tampa International,2015-03-15,TMIN,526.0,SYNTHETIC
SYNTH,Tampa International,2015-03-15,PRCP,0.0,SYNTHETIC
SYNTH,Orlando Executive,2015-03-15,TMAX,867.0,SYNTHETIC
SYNTH,Orlando Executive,2015-03-15,TMIN,599.0,SYNTHETIC
SYNTH,Orlando Executive,2015-03-15,PRCP,1.0,SYNTHETIC
SYNTH,Sebring,2015-03-15,TMAX,879.0,SYNTHETIC
SYNTH,Sebring,2015-03-15,TMIN,683.0,SYNTHETIC
SYNTH,Sebring,2015-03-15,PRCP,4.0,SYNTHETIC
SYNTH,Lakeland Linder,2015-04-15,TMAX,792.0,SYNTHETIC
SYNTH,Lakeland Linder,2015-04-15,TMIN,679.0,SYNTHETIC
SYNTH,Lakeland Linder,2015-04-15,PRCP,2.0,SYNTHETIC
SYNTH,Tampa International,2015-04-15,TMAX,856.0,SYNTHETIC
SYNTH,Tampa International,2015-04-15,TMIN,610.0,SYNTHETIC
SYNTH,Tampa International,2015-04-15,PRCP,2.0,SYNTHETIC
SYNTH,Orlando Executive,2015-04-15,TMAX,740.0,SYNTHETIC
SYNTH,Orlando Executive,2015-04-15,TMIN,647.0,SYNTHETIC
SYNTH,Orlando Executive,2015-04-15,PRCP,1.0,SYNTHETIC
SYNTH,Sebring,2015-04-15,TMAX,730.0,SYNTHETIC
SYNTH,Sebring,2015-04-15,TMIN,670.0,SYNTHETIC
SYNTH,Sebring,2015-04-15,PRCP,4.0,SYNTHETIC
SYNTH,Lakeland Linder,2015-05-15,TMAX,882.0,SYNTHETIC
SYNTH,Lakeland Linder,2015-05-15,TMIN,615.0,SYNTHETIC
SYNTH,Lakeland Linder,2015-05-15,PRCP,5.0,SYNTHETIC
SYNTH,Tampa International,2015-05-15,TMAX,864.0,SYNTHETIC
SYNTH,Tampa International,2015-05-15,TMIN,685.0,SYNTHETIC
SYNTH,Tampa International,2015-05-15,PRCP,1.0,SYNTHETIC
SYNTH,Orlando Executive,2015-05-15,TMAX,831.0,SYNTHETIC
SYNTH,Orlando Executive,2015-05-15,TMIN,679.0,SYNTHETIC
SYNTH,Orlando Executive,2015-05-15,PRCP,3.0,SYNTHETIC
SYNTH,Sebring,2015-05-15,TMAX,653.0,SYNTHETIC
SYNTH,Sebring,2015-05-15,TMIN,662.0,SYNTHETIC
SYNTH,Sebring,2015-05-15,PRCP,14.0,SYNTHETIC
SYNTH,Lakeland Linder,2015-06-15,TMAX,791.0,SYNTHETIC
SYNTH,Lakeland Linder,2015-06-15,TMIN,591.0,SYNTHETIC
SYNTH,Lakeland Linder,2015-06-15,PRCP,4.0,SYNTHETIC
SYNTH,Tampa International,2015-06-15,TMAX,844.0,SYNTHETIC
SYNTH,Tampa International,2015-06-15,TMIN,745.0,SYNTHETIC
SYNTH,Tampa International,2015-06-15,PRCP,3.0,SYNTHETIC
SYNTH,Orlando Executive,2015-06-15,TMAX,878.0,SYNTHETIC
SYNTH,Orlando Executive,2015-06-15,TMIN,697.0,SYNTHETIC
SYNTH,Orlando Executive,2015-06-15,PRCP,2.0,SYNTHETIC
SYNTH,Sebring,2015-06-15,TMAX,847.0,SYNTHETIC
SYNTH,Sebring,2015-06-15,TMIN,732.0,SYNTHETIC
SYNTH,Sebring,2015-06-15,PRCP,7.0,SYNTHETIC
SYNTH,Lakeland Linder,2015-07-15,TMAX,728.0,SYNTHETIC
SYNTH,Lakeland Linder,2015-07-15,TMIN,715.0,SYNTHETIC
SYNTH,Lakeland Linder,2015-07-15,PRCP,2.0,SYNTHETIC
SYNTH,Tampa International,2015-07-15,TMAX,825.0,SYNTHETIC
SYNTH,Tampa International,2015-07-15,TMIN,655.0,SYNTHETIC
SYNTH,Tampa International,2015-07-15,PRCP,2.0,SYNTHETIC
SYNTH,Orlando Executive,2015-07-15,TMAX,915.0,SYNTHETIC
SYNTH,Orlando Executive,2015-07-15,TMIN,643.0,SYNTHETIC
SYNTH,Orlando Executive,2015-07-15,PRCP,2.0,SYNTHETIC
SYNTH,Sebring,2015-07-15,TMAX,788.0,SYNTHETIC
SYNTH,Sebring,2015-07-15,TMIN,664.0,SYNTHETIC
SYNTH,Sebring,2015-07-15,PRCP,9.0,SYNTHETIC
SYNTH,Lakeland Linder,2015-08-15,TMAX,868.0,SYNTHETIC
SYNTH,Lakeland Linder,2015-08-15,TMIN,581.0,SYNTHETIC
SYNTH,Lakeland Linder,2015-08-15,PRCP,15.0,SYNTHETIC
SYNTH,Tampa International,2015-08-15,TMAX,841.0,SYNTHETIC
SYNTH,Tampa International,2015-08-15,TMIN,752.0,SYNTHETIC
SYNTH,Tampa International,2015-08-15,PRCP,2.0,SYNTHETIC
SYNTH,Orlando Executive,2015-08-15,TMAX,862.0,SYNTHETIC
SYNTH,Orlando Executive,2015-08-15,TMIN,717.0,SYNTHETIC
SYNTH,Orlando Executive,2015-08-15,PRCP,9.0,SYNTHETIC
SYNTH,Sebring,2015-08-15,TMAX,904.0,SYNTHETIC
SYNTH,Sebring,2015-08-15,TMIN,719.0,SYNTHETIC
SYNTH,Sebring,2015-08-15,PRCP,1.0,SYNTHETIC
SYNTH,Lakeland Linder,2015-09-15,TMAX,774.0,SYNTHETIC
SYNTH,Lakeland Linder,2015-09-15,TMIN,676.0,SYNTHETIC
SYNTH,Lakeland Linder,2015-09-15,PRCP,7.0,SYNTHETIC
SYNTH,Tampa International,2015-09-15,TMAX,802.0,SYNTHETIC
SYNTH,Tampa International,2015-09-15,TMIN,735.0,SYNTHETIC
SYNTH,Tampa International,2015-09-15,PRCP,10.0,SYNTHETIC
SYNTH,Orlando Executive,2015-09-15,TMAX,746.0,SYNTHETIC
SYNTH,Orlando Executive,2015-09-15,TMIN,583.0,SYNTHETIC
SYNTH,Orlando Executive,2015-09-15,PRCP,2.0,SYNTHETIC
SYNTH,Sebring,2015-09-15,TMAX,844.0,SYNTHETIC
SYNTH,Sebring,2015-09-15,TMIN,608.0,SYNTHETIC
SYNTH,Sebring,2015-09-15,PRCP,9.0,SYNTHETIC
SYNTH,Lakeland Linder,2015-10-15,TMAX,853.0,SYNTHETIC
SYNTH,Lakeland Linder,2015-10-15,TMIN,653.0,SYNTHETIC
SYNTH,Lakeland Linder,2015-10-15,PRCP,4.0,SYNTHETIC
SYNTH,Tampa International,2015-10-15,TMAX,714.0,SYNTHETIC
SYNTH,Tampa International,2015-10-15,TMIN,672.0,SYNTHETIC
SYNTH,Tampa International,2015-10-15,PRCP,7.0,SYNTHETIC
SYNTH,Orlando Executive,2015-10-15,TMAX,901.0,SYNTHETIC
SYNTH,Orlando Executive,2015-10-15,TMIN,637.0,SYNTHETIC
SYNTH,Orlando Executive,2015-10-15,PRCP,19.0,SYNTHETIC
SYNTH,Sebring,2015-10-15,TMAX,1004.0,SYNTHETIC
SYNTH,Sebring,2015-10-15,TMIN,635.0,SYNTHETIC
SYNTH,Sebring,2015-10-15,PRCP,2.0,SYNTHETIC
SYNTH,Lakeland Linder,2015-11-15,TMAX,899.0,SYNTHETIC
SYNTH,Lakeland Linder,2015-11-15,TMIN,786.0,SYNTHETIC
SYNTH,Lakeland Linder,2015-11-15,PRCP,5.0,SYNTHETIC
SYNTH,Tampa International,2015-11-15,TMAX,677.0,SYNTHETIC
SYNTH,Tampa International,2015-11-15,TMIN,600.0,SYNTHETIC
SYNTH,Tampa International,2015-11-15,PRCP,5.0,SYNTHETIC
SYNTH,Orlando Executive,2015-11-15,TMAX,859.0,SYNTHETIC
SYNTH,Orlando Executive,2015-11-15,TMIN,735.0,SYNTHETIC
SYNTH,Orlando Executive,2015-11-15,PRCP,2.0,SYNTHETIC
SYNTH,Sebring,2015-11-15,TMAX,634.0,SYNTHETIC
SYNTH,Sebring,2015-11-15,TMIN,718.0,SYNTHETIC
SYNTH,Sebring,2015-11-15,PRCP,1.0,SYNTHETIC
SYNTH,Lakeland Linder,2015-12-15,TMAX,658.0,SYNTHETIC
SYNTH,Lakeland Linder,2015-12-15,TMIN,661.0,SYNTHETIC
SYNTH,Lakeland Linder,2015-12-15,PRCP,6.0,SYNTHETIC
SYNTH,Tampa International,2015-12-15,TMAX,810.0,SYNTHETIC
SYNTH,Tampa International,2015-12-15,TMIN,613.0,SYNTHETIC
SYNTH,Tampa International,2015-12-15,PRCP,2.0,SYNTHETIC
SYNTH,Orlando Executive,2015-12-15,TMAX,790.0,SYNTHETIC
SYNTH,Orlando Executive,2015-12-15,TMIN,542.0,SYNTHETIC
SYNTH,Orlando Executive,2015-12-15,PRCP,0.0,SYNTHETIC
SYNTH,Sebring,2015-12-15,TMAX,861.0,SYNTHETIC
SYNTH,Sebring,2015-12-15,TMIN,675.0,SYNTHETIC
SYNTH,Sebring,2015-12-15,PRCP,3.0,SYNTHETIC
SYNTH,Lakeland Linder,2016-01-15,TMAX,740.0,SYNTHETIC
SYNTH,Lakeland Linder,2016-01-15,TMIN,635.0,SYNTHETIC
SYNTH,Lakeland Linder,2016-01-15,PRCP,7.0,SYNTHETIC
SYNTH,Tampa International,2016-01-15,TMAX,834.0,SYNTHETIC
SYNTH,Tampa International,2016-01-15,TMIN,764.0,SYNTHETIC
SYNTH,Tampa International,2016-01-15,PRCP,4.0,SYNTHETIC
SYNTH,Orlando Executive,2016-01-15,TMAX,773.0,SYNTHETIC
SYNTH,Orlando Executive,2016-01-15,TMIN,676.0,SYNTHETIC
SYNTH,Orlando Executive,2016-01-15,PRCP,9.0,SYNTHETIC
SYNTH,Sebring,2016-01-15,TMAX,784.0,SYNTHETIC
SYNTH,Sebring,2016-01-15,TMIN,594.0,SYNTHETIC
SYNTH,Sebring,2016-01-15,PRCP,6.0,SYNTHETIC
SYNTH,Lakeland Linder,2016-02-15,TMAX,828.0,SYNTHETIC
SYNTH,Lakeland Linder,2016-02-15,TMIN,813.0,SYNTHETIC
SYNTH,Lakeland Linder,2016-02-15,PRCP,4.0,SYNTHETIC
SYNTH,Tampa International,2016-02-15,TMAX,818.0,SYNTHETIC
SYNTH,Tampa International,2016-02-15,TMIN,675.0,SYNTHETIC
SYNTH,Tampa International,2016-02-15,PRCP,2.0,SYNTHETIC
SYNTH,Orlando Executive,2016-02-15,TMAX,754.0,SYNTHETIC
SYNTH,Orlando Executive,2016-02-15,TMIN,715.0,SYNTHETIC
SYNTH,Orlando Executive,2016-02-15,PRCP,4.0,SYNTHETIC
SYNTH,Sebring,2016-02-15,TMAX,821.0,SYNTHETIC
SYNTH,Sebring,2016-02-15,TMIN,571.0,SYNTHETIC
SYNTH,Sebring,2016-02-15,PRCP,9.0,SYNTHETIC
SYNTH,Lakeland Linder,2016-03-15,TMAX,873.0,SYNTHETIC
SYNTH,Lakeland Linder,2016-03-15,TMIN,605.0,SYNTHETIC
SYNTH,Lakeland Linder,2016-03-15,PRCP,8.0,SYNTHETIC
SYNTH,Tampa International,2016-03-15,TMAX,780.0,SYNTHETIC
SYNTH,Tampa International,2016-03-15,TMIN,587.0,SYNTHETIC
SYNTH,Tampa International,2016-03-15,PRCP,0.0,SYNTHETIC
SYNTH,Orlando Executive,2016-03-15,TMAX,678.0,SYNTHETIC
SYNTH,Orlando Executive,2016-03-15,TMIN,687.0,SYNTHETIC
SYNTH,Orlando Executive,2016-03-15,PRCP,6.0,SYNTHETIC
SYNTH,Sebring,2016-03-15,TMAX,721.0,SYNTHETIC
SYNTH,Sebring,2016-03-15,TMIN,483.0,SYNTHETIC
SYNTH,Sebring,2016-03-15,PRCP,2.0,SYNTHETIC
SYNTH,Lakeland Linder,2016-04-15,TMAX,807.0,SYNTHETIC
SYNTH,Lakeland Linder,2016-04-15,TMIN,623.0,SYNTHETIC
SYNTH,Lakeland Linder,2016-04-15,PRCP,2.0,SYNTHETIC
SYNTH,Tampa International,2016-04-15,TMAX,726.0,SYNTHETIC
SYNTH,Tampa International,2016-04-15,TMIN,687.0,SYNTHETIC
SYNTH,Tampa International,2016-04-15,PRCP,0.0,SYNTHETIC
SYNTH,Orlando Executive,2016-04-15,TMAX,845.0,SYNTHETIC
SYNTH,Orlando Executive,2016-04-15,TMIN,579.0,SYNTHETIC
SYNTH,Orlando Executive,2016-04-15,PRCP,3.0,SYNTHETIC
SYNTH,Sebring,2016-04-15,TMAX,924.0,SYNTHETIC
SYNTH,Sebring,2016-04-15,TMIN,696.0,SYNTHETIC
SYNTH,Sebring,2016-04-15,PRCP,0.0,SYNTHETIC
SYNTH,Lakeland Linder,2016-05-15,TMAX,840.0,SYNTHETIC
SYNTH,Lakeland Linder,2016-05-15,TMIN,630.0,SYNTHETIC
SYNTH,Lakeland Linder,2016-05-15,PRCP,3.0,SYNTHETIC
SYNTH,Tampa International,2016-05-15,TMAX,793.0,SYNTHETIC
SYNTH,Tampa International,2016-05-15,TMIN,636.0,SYNTHETIC
SYNTH,Tampa International,2016-05-15,PRCP,4.0,SYNTHETIC
SYNTH,Orlando Executive,2016-05-15,TMAX,740.0,SYNTHETIC
SYNTH,Orlando Executive,2016-05-15,TMIN,568.0,SYNTHETIC
SYNTH,Orlando Executive,2016-05-15,PRCP,3.0,SYNTHETIC
SYNTH,Sebring,2016-05-15,TMAX,691.0,SYNTHETIC
SYNTH,Sebring,2016-05-15,TMIN,552.0,SYNTHETIC
SYNTH,Sebring,2016-05-15,PRCP,3.0,SYNTHETIC
SYNTH,Lakeland Linder,2016-06-15,TMAX,748.0,SYNTHETIC
SYNTH,Lakeland Linder,2016-06-15,TMIN,691.0,SYNTHETIC
SYNTH,Lakeland Linder,2016-06-15,PRCP,3.0,SYNTHETIC
SYNTH,Tampa International,2016-06-15,TMAX,662.0,SYNTHETIC
SYNTH,Tampa International,2016-06-15,TMIN,702.0,SYNTHETIC
SYNTH,Tampa International,2016-06-15,PRCP,7.0,SYNTHETIC
SYNTH,Orlando Executive,2016-06-15,TMAX,740.0,SYNTHETIC
SYNTH,Orlando Executive,2016-06-15,TMIN,683.0,SYNTHETIC
SYNTH,Orlando Executive,2016-06-15,PRCP,1.0,SYNTHETIC
SYNTH,Sebring,2016-06-15,TMAX,827.0,SYNTHETIC
SYNTH,Sebring,2016-06-15,TMIN,548.0,SYNTHETIC
SYNTH,Sebring,2016-06-15,PRCP,5.0,SYNTHETIC
SYNTH,Lakeland Linder,2016-07-15,TMAX,789.0,SYNTHETIC
SYNTH,Lakeland Linder,2016-07-15,TMIN,640.0,SYNTHETIC
SYNTH,Lakeland Linder,2016-07-15,PRCP,1.0,SYNTHETIC
SYNTH,Tampa International,2016-07-15,TMAX,725.0,SYNTHETIC
SYNTH,Tampa International,2016-07-15,TMIN,618.0,SYNTHETIC
SYNTH,Tampa International,2016-07-15,PRCP,4.0,SYNTHETIC
SYNTH,Orlando Executive,2016-07-15,TMAX,816.0,SYNTHETIC
SYNTH,Orlando Executive,2016-07-15,TMIN,664.0,SYNTHETIC
SYNTH,Orlando Executive,2016-07-15,PRCP,0.0,SYNTHETIC
SYNTH,Sebring,2016-07-15,TMAX,913.0,SYNTHETIC
SYNTH,Sebring,2016-07-15,TMIN,555.0,SYNTHETIC
SYNTH,Sebring,2016-07-15,PRCP,5.0,SYNTHETIC
SYNTH,Lakeland Linder,2016-08-15,TMAX,914.0,SYNTHETIC
SYNTH,Lakeland Linder,2016-08-15,TMIN,688.0,SYNTHETIC
SYNTH,Lakeland Linder,2016-08-15,PRCP,1.0,SYNTHETIC
SYNTH,Tampa International,2016-08-15,TMAX,777.0,SYNTHETIC
SYNTH,Tampa International,2016-08-15,TMIN,732.0,SYNTHETIC
SYNTH,Tampa International,2016-08-15,PRCP,4.0,SYNTHETIC
SYNTH,Orlando Executive,2016-08-15,TMAX,742.0,SYNTHETIC
SYNTH,Orlando Executive,2016-08-15,TMIN,618.0,SYNTHETIC
SYNTH,Orlando Executive,2016-08-15,PRCP,9.0,SYNTHETIC
SYNTH,Sebring,2016-08-15,TMAX,850.0,SYNTHETIC
SYNTH,Sebring,2016-08-15,TMIN,572.0,SYNTHETIC
SYNTH,Sebring,2016-08-15,PRCP,1.0,SYNTHETIC
SYNTH,Lakeland Linder,2016-09-15,TMAX,770.0,SYNTHETIC
SYNTH,Lakeland Linder,2016-09-15,TMIN,593.0,SYNTHETIC
SYNTH,Lakeland Linder,2016-09-15,PRCP,7.0,SYNTHETIC
SYNTH,Tampa International,2016-09-15,TMAX,710.0,SYNTHETIC
SYNTH,Tampa International,2016-09-15,TMIN,778.0,SYNTHETIC
SYNTH,Tampa International,2016-09-15,PRCP,7.0,SYNTHETIC
SYNTH,Orlando Executive,2016-09-15,TMAX,907.0,SYNTHETIC
SYNTH,Orlando Executive,2016-09-15,TMIN,612.0,SYNTHETIC
SYNTH,Orlando Executive,2016-09-15,PRCP,2.0,SYNTHETIC
SYNTH,Sebring,2016-09-15,TMAX,705.0,SYNTHETIC
SYNTH,Sebring,2016-09-15,TMIN,608.0,SYNTHETIC
SYNTH,Sebring,2016-09-15,PRCP,5.0,SYNTHETIC
SYNTH,Lakeland Linder,2016-10-15,TMAX,923.0,SYNTHETIC
SYNTH,Lakeland Linder,2016-10-15,TMIN,561.0,SYNTHETIC
SYNTH,Lakeland Linder,2016-10-15,PRCP,1.0,SYNTHETIC
SYNTH,Tampa International,2016-10-15,TMAX,807.0,SYNTHETIC
SYNTH,Tampa International,2016-10-15,TMIN,538.0,SYNTHETIC
SYNTH,Tampa International,2016-10-15,PRCP,5.0,SYNTHETIC
SYNTH,Orlando Executive,2016-10-15,TMAX,762.0,SYNTHETIC
SYNTH,Orlando Executive,2016-10-15,TMIN,634.0,SYNTHETIC
SYNTH,Orlando Executive,2016-10-15,PRCP,0.0,SYNTHETIC
SYNTH,Sebring,2016-10-15,TMAX,756.0,SYNTHETIC
SYNTH,Sebring,2016-10-15,TMIN,649.0,SYNTHETIC
SYNTH,Sebring,2016-10-15,PRCP,1.0,SYNTHETIC
SYNTH,Lakeland Linder,2016-11-15,TMAX,790.0,SYNTHETIC
SYNTH,Lakeland Linder,2016-11-15,TMIN,591.0,SYNTHETIC
SYNTH,Lakeland Linder,2016-11-15,PRCP,4.0,SYNTHETIC
SYNTH,Tampa International,2016-11-15,TMAX,952.0,SYNTHETIC
SYNTH,Tampa International,2016-11-15,TMIN,661.0,SYNTHETIC
SYNTH,Tampa International,2016-11-15,PRCP,7.0,SYNTHETIC
SYNTH,Orlando Executive,2016-11-15,TMAX,708.0,SYNTHETIC
SYNTH,Orlando Executive,2016-11-15,TMIN,662.0,SYNTHETIC
SYNTH,Orlando Executive,2016-11-15,PRCP,2.0,SYNTHETIC
SYNTH,Sebring,2016-11-15,TMAX,701.0,SYNTHETIC
SYNTH,Sebring,2016-11-15,TMIN,590.0,SYNTHETIC
SYNTH,Sebring,2016-11-15,PRCP,8.0,SYNTHETIC
SYNTH,Lakeland Linder,2016-12-15,TMAX,896.0,SYNTHETIC
SYNTH,Lakeland Linder,2016-12-15,TMIN,669.0,SYNTHETIC
SYNTH,Lakeland Linder,2016-12-15,PRCP,4.0,SYNTHETIC
SYNTH,Tampa International,2016-12-15,TMAX,804.0,SYNTHETIC
SYNTH,Tampa International,2016-12-15,TMIN,674.0,SYNTHETIC
SYNTH,Tampa International,2016-12-15,PRCP,3.0,SYNTHETIC
SYNTH,Orlando Executive,2016-12-15,TMAX,672.0,SYNTHETIC
SYNTH,Orlando Executive,2016-12-15,TMIN,578.0,SYNTHETIC
SYNTH,Orlando Executive,2016-12-15,PRCP,2.0,SYNTHETIC
SYNTH,Sebring,2016-12-15,TMAX,862.0,SYNTHETIC
SYNTH,Sebring,2016-12-15,TMIN,474.0,SYNTHETIC
SYNTH,Sebring,2016-12-15,PRCP,2.0,SYNTHETIC
SYNTH,Lakeland Linder,2017-01-15,TMAX,831.0,SYNTHETIC
SYNTH,Lakeland Linder,2017-01-15,TMIN,717.0,SYNTHETIC
SYNTH,Lakeland Linder,2017-01-15,PRCP,6.0,SYNTHETIC
SYNTH,Tampa International,2017-01-15,TMAX,866.0,SYNTHETIC
SYNTH,Tampa International,2017-01-15,TMIN,586.0,SYNTHETIC
SYNTH,Tampa International,2017-01-15,PRCP,6.0,SYNTHETIC
SYNTH,Orlando Executive,2017-01-15,TMAX,788.0,SYNTHETIC
SYNTH,Orlando Executive,2017-01-15,TMIN,730.0,SYNTHETIC
SYNTH,Orlando Executive,2017-01-15,PRCP,9.0,SYNTHETIC
SYNTH,Sebring,2017-01-15,TMAX,876.0,SYNTHETIC
SYNTH,Sebring,2017-01-15,TMIN,684.0,SYNTHETIC
SYNTH,Sebring,2017-01-15,PRCP,4.0,SYNTHETIC
SYNTH,Lakeland Linder,2017-02-15,TMAX,775.0,SYNTHETIC
SYNTH,Lakeland Linder,2017-02-15,TMIN,639.0,SYNTHETIC
SYNTH,Lakeland Linder,2017-02-15,PRCP,11.0,SYNTHETIC
SYNTH,Tampa International,2017-02-15,TMAX,744.0,SYNTHETIC
SYNTH,Tampa International,2017-02-15,TMIN,779.0,SYNTHETIC
SYNTH,Tampa International,2017-02-15,PRCP,1.0,SYNTHETIC
SYNTH,Orlando Executive,2017-02-15,TMAX,926.0,SYNTHETIC
SYNTH,Orlando Executive,2017-02-15,TMIN,537.0,SYNTHETIC
SYNTH,Orlando Executive,2017-02-15,PRCP,5.0,SYNTHETIC
SYNTH,Sebring,2017-02-15,TMAX,761.0,SYNTHETIC
SYNTH,Sebring,2017-02-15,TMIN,536.0,SYNTHETIC
SYNTH,Sebring,2017-02-15,PRCP,4.0,SYNTHETIC
SYNTH,Lakeland Linder,2017-03-15,TMAX,900.0,SYNTHETIC
SYNTH,Lakeland Linder,2017-03-15,TMIN,582.0,SYNTHETIC
SYNTH,Lakeland Linder,2017-03-15,PRCP,4.0,SYNTHETIC
SYNTH,Tampa International,2017-03-15,TMAX,812.0,SYNTHETIC
SYNTH,Tampa International,2017-03-15,TMIN,643.0,SYNTHETIC
SYNTH,Tampa International,2017-03-15,PRCP,5.0,SYNTHETIC
SYNTH,Orlando Executive,2017-03-15,TMAX,895.0,SYNTHETIC
SYNTH,Orlando Executive,2017-03-15,TMIN,645.0,SYNTHETIC
SYNTH,Orlando Executive,2017-03-15,PRCP,12.0,SYNTHETIC
SYNTH,Sebring,2017-03-15,TMAX,837.0,SYNTHETIC
SYNTH,Sebring,2017-03-15,TMIN,622.0,SYNTHETIC
SYNTH,Sebring,2017-03-15,PRCP,5.0,SYNTHETIC
SYNTH,Lakeland Linder,2017-04-15,TMAX,798.0,SYNTHETIC
SYNTH,Lakeland Linder,2017-04-15,TMIN,623.0,SYNTHETIC
SYNTH,Lakeland Linder,2017-04-15,PRCP,7.0,SYNTHETIC
SYNTH,Tampa International,2017-04-15,TMAX,856.0,SYNTHETIC
SYNTH,Tampa International,2017-04-15,TMIN,555.0,SYNTHETIC
SYNTH,Tampa International,2017-04-15,PRCP,3.0,SYNTHETIC
SYNTH,Orlando Executive,2017-04-15,TMAX,873.0,SYNTHETIC
SYNTH,Orlando Executive,2017-04-15,TMIN,772.0,SYNTHETIC
SYNTH,Orlando Executive,2017-04-15,PRCP,7.0,SYNTHETIC
SYNTH,Sebring,2017-04-15,TMAX,880.0,SYNTHETIC
SYNTH,Sebring,2017-04-15,TMIN,654.0,SYNTHETIC
SYNTH,Sebring,2017-04-15,PRCP,4.0,SYNTHETIC
SYNTH,Lakeland Linder,2017-05-15,TMAX,919.0,SYNTHETIC
SYNTH,Lakeland Linder,2017-05-15,TMIN,543.0,SYNTHETIC
SYNTH,Lakeland Linder,2017-05-15,PRCP,1.0,SYNTHETIC
SYNTH,Tampa International,2017-05-15,TMAX,758.0,SYNTHETIC
SYNTH,Tampa International,2017-05-15,TMIN,680.0,SYNTHETIC
SYNTH,Tampa International,2017-05-15,PRCP,9.0,SYNTHETIC
SYNTH,Orlando Executive,2017-05-15,TMAX,772.0,SYNTHETIC
SYNTH,Orlando Executive,2017-05-15,TMIN,458.0,SYNTHETIC
SYNTH,Orlando Executive,2017-05-15,PRCP,0.0,SYNTHETIC
SYNTH,Sebring,2017-05-15,TMAX,893.0,SYNTHETIC
SYNTH,Sebring,2017-05-15,TMIN,693.0,SYNTHETIC
SYNTH,Sebring,2017-05-15,PRCP,5.0,SYNTHETIC
SYNTH,Lakeland Linder,2017-06-15,TMAX,797.0,SYNTHETIC
SYNTH,Lakeland Linder,2017-06-15,TMIN,547.0,SYNTHETIC
SYNTH,Lakeland Linder,2017-06-15,PRCP,5.0,SYNTHETIC
SYNTH,Tampa International,2017-06-15,TMAX,753.0,SYNTHETIC
SYNTH,Tampa International,2017-06-15,TMIN,824.0,SYNTHETIC
SYNTH,Tampa International,2017-06-15,PRCP,5.0,SYNTHETIC
SYNTH,Orlando Executive,2017-06-15,TMAX,773.0,SYNTHETIC
SYNTH,Orlando Executive,2017-06-15,TMIN,601.0,SYNTHETIC
SYNTH,Orlando Executive,2017-06-15,PRCP,2.0,SYNTHETIC
SYNTH,Sebring,2017-06-15,TMAX,800.0,SYNTHETIC
SYNTH,Sebring,2017-06-15,TMIN,739.0,SYNTHETIC
SYNTH,Sebring,2017-06-15,PRCP,3.0,SYNTHETIC
SYNTH,Lakeland Linder,2017-07-15,TMAX,761.0,SYNTHETIC
SYNTH,Lakeland Linder,2017-07-15,TMIN,801.0,SYNTHETIC
SYNTH,Lakeland Linder,2017-07-15,PRCP,3.0,SYNTHETIC
SYNTH,Tampa International,2017-07-15,TMAX,881.0,SYNTHETIC
SYNTH,Tampa International,2017-07-15,TMIN,601.0,SYNTHETIC
SYNTH,Tampa International,2017-07-15,PRCP,4.0,SYNTHETIC
SYNTH,Orlando Executive,2017-07-15,TMAX,844.0,SYNTHETIC
SYNTH,Orlando Executive,2017-07-15,TMIN,498.0,SYNTHETIC
SYNTH,Orlando Executive,2017-07-15,PRCP,13.0,SYNTHETIC
SYNTH,Sebring,2017-07-15,TMAX,923.0,SYNTHETIC
SYNTH,Sebring,2017-07-15,TMIN,618.0,SYNTHETIC
SYNTH,Sebring,2017-07-15,PRCP,2.0,SYNTHETIC
SYNTH,Lakeland Linder,2017-08-15,TMAX,847.0,SYNTHETIC
SYNTH,Lakeland Linder,2017-08-15,TMIN,656.0,SYNTHETIC
SYNTH,Lakeland Linder,2017-08-15,PRCP,4.0,SYNTHETIC
SYNTH,Tampa International,2017-08-15,TMAX,835.0,SYNTHETIC
SYNTH,Tampa International,2017-08-15,TMIN,690.0,SYNTHETIC
SYNTH,Tampa International,2017-08-15,PRCP,10.0,SYNTHETIC
SYNTH,Orlando Executive,2017-08-15,TMAX,865.0,SYNTHETIC
SYNTH,Orlando Executive,2017-08-15,TMIN,566.0,SYNTHETIC
SYNTH,Orlando Executive,2017-08-15,PRCP,9.0,SYNTHETIC
SYNTH,Sebring,2017-08-15,TMAX,951.0,SYNTHETIC
SYNTH,Sebring,2017-08-15,TMIN,902.0,SYNTHETIC
SYNTH,Sebring,2017-08-15,PRCP,2.0,SYNTHETIC
SYNTH,Lakeland Linder,2017-09-15,TMAX,839.0,SYNTHETIC
SYNTH,Lakeland Linder,2017-09-15,TMIN,483.0,SYNTHETIC
SYNTH,Lakeland Linder,2017-09-15,PRCP,5.0,SYNTHETIC
SYNTH,Tampa International,2017-09-15,TMAX,776.0,SYNTHETIC
SYNTH,Tampa International,2017-09-15,TMIN,803.0,SYNTHETIC
SYNTH,Tampa International,2017-09-15,PRCP,0.0,SYNTHETIC
SYNTH,Orlando Executive,2017-09-15,TMAX,684.0,SYNTHETIC
SYNTH,Orlando Executive,2017-09-15,TMIN,612.0,SYNTHETIC
SYNTH,Orlando Executive,2017-09-15,PRCP,6.0,SYNTHETIC
SYNTH,Sebring,2017-09-15,TMAX,880.0,SYNTHETIC
SYNTH,Sebring,2017-09-15,TMIN,484.0,SYNTHETIC
SYNTH,Sebring,2017-09-15,PRCP,3.0,SYNTHETIC
SYNTH,Lakeland Linder,2017-10-15,TMAX,653.0,SYNTHETIC
SYNTH,Lakeland Linder,2017-10-15,TMIN,624.0,SYNTHETIC
SYNTH,Lakeland Linder,2017-10-15,PRCP,11.0,SYNTHETIC
SYNTH,Tampa International,2017-10-15,TMAX,848.0,SYNTHETIC
SYNTH,Tampa International,2017-10-15,TMIN,580.0,SYNTHETIC
SYNTH,Tampa International,2017-10-15,PRCP,2.0,SYNTHETIC
SYNTH,Orlando Executive,2017-10-15,TMAX,821.0,SYNTHETIC
SYNTH,Orlando Executive,2017-10-15,TMIN,687.0,SYNTHETIC
SYNTH,Orlando Executive,2017-10-15,PRCP,3.0,SYNTHETIC
SYNTH,Sebring,2017-10-15,TMAX,867.0,SYNTHETIC
SYNTH,Sebring,2017-10-15,TMIN,433.0,SYNTHETIC
SYNTH,Sebring,2017-10-15,PRCP,0.0,SYNTHETIC
SYNTH,Lakeland Linder,2017-11-15,TMAX,780.0,SYNTHETIC
SYNTH,Lakeland Linder,2017-11-15,TMIN,700.0,SYNTHETIC
SYNTH,Lakeland Linder,2017-11-15,PRCP,3.0,SYNTHETIC
SYNTH,Tampa International,2017-11-15,TMAX,707.0,SYNTHETIC
SYNTH,Tampa International,2017-11-15,TMIN,571.0,SYNTHETIC
SYNTH,Tampa International,2017-11-15,PRCP,3.0,SYNTHETIC
SYNTH,Orlando Executive,2017-11-15,TMAX,813.0,SYNTHETIC
SYNTH,Orlando Executive,2017-11-15,TMIN,603.0,SYNTHETIC
SYNTH,Orlando Executive,2017-11-15,PRCP,0.0,SYNTHETIC
SYNTH,Sebring,2017-11-15,TMAX,875.0,SYNTHETIC
SYNTH,Sebring,2017-11-15,TMIN,608.0,SYNTHETIC
SYNTH,Sebring,2017-11-15,PRCP,2.0,SYNTHETIC
SYNTH,Lakeland Linder,2017-12-15,TMAX,993.0,SYNTHETIC
SYNTH,Lakeland Linder,2017-12-15,TMIN,536.0,SYNTHETIC
SYNTH,Lakeland Linder,2017-12-15,PRCP,6.0,SYNTHETIC
SYNTH,Tampa International,2017-12-15,TMAX,882.0,SYNTHETIC
SYNTH,Tampa International,2017-12-15,TMIN,595.0,SYNTHETIC
SYNTH,Tampa International,2017-12-15,PRCP,1.0,SYNTHETIC
SYNTH,Orlando Executive,2017-12-15,TMAX,757.0,SYNTHETIC
SYNTH,Orlando Executive,2017-12-15,TMIN,629.0,SYNTHETIC
SYNTH,Orlando Executive,2017-12-15,PRCP,10.0,SYNTHETIC
SYNTH,Sebring,2017-12-15,TMAX,884.0,SYNTHETIC
SYNTH,Sebring,2017-12-15,TMIN,718.0,SYNTHETIC
SYNTH,Sebring,2017-12-15,PRCP,4.0,SYNTHETIC
SYNTH,Lakeland Linder,2018-01-15,TMAX,727.0,SYNTHETIC
SYNTH,Lakeland Linder,2018-01-15,TMIN,422.0,SYNTHETIC
SYNTH,Lakeland Linder,2018-01-15,PRCP,1.0,SYNTHETIC
SYNTH,Tampa International,2018-01-15,TMAX,896.0,SYNTHETIC
SYNTH,Tampa International,2018-01-15,TMIN,691.0,SYNTHETIC
SYNTH,Tampa International,2018-01-15,PRCP,1.0,SYNTHETIC
SYNTH,Orlando Executive,2018-01-15,TMAX,818.0,SYNTHETIC
SYNTH,Orlando Executive,2018-01-15,TMIN,594.0,SYNTHETIC
SYNTH,Orlando Executive,2018-01-15,PRCP,4.0,SYNTHETIC
SYNTH,Sebring,2018-01-15,TMAX,881.0,SYNTHETIC
SYNTH,Sebring,2018-01-15,TMIN,520.0,SYNTHETIC
SYNTH,Sebring,2018-01-15,PRCP,4.0,SYNTHETIC
SYNTH,Lakeland Linder,2018-02-15,TMAX,894.0,SYNTHETIC
SYNTH,Lakeland Linder,2018-02-15,TMIN,616.0,SYNTHETIC
SYNTH,Lakeland Linder,2018-02-15,PRCP,6.0,SYNTHETIC
SYNTH,Tampa International,2018-02-15,TMAX,1045.0,SYNTHETIC
SYNTH,Tampa International,2018-02-15,TMIN,641.0,SYNTHETIC
SYNTH,Tampa International,2018-02-15,PRCP,4.0,SYNTHETIC
SYNTH,Orlando Executive,2018-02-15,TMAX,760.0,SYNTHETIC
SYNTH,Orlando Executive,2018-02-15,TMIN,664.0,SYNTHETIC
SYNTH,Orlando Executive,2018-02-15,PRCP,5.0,SYNTHETIC
SYNTH,Sebring,2018-02-15,TMAX,835.0,SYNTHETIC
SYNTH,Sebring,2018-02-15,TMIN,568.0,SYNTHETIC
SYNTH,Sebring,2018-02-15,PRCP,4.0,SYNTHETIC
SYNTH,Lakeland Linder,2018-03-15,TMAX,936.0,SYNTHETIC
SYNTH,Lakeland Linder,2018-03-15,TMIN,685.0,SYNTHETIC
SYNTH,Lakeland Linder,2018-03-15,PRCP,7.0,SYNTHETIC
SYNTH,Tampa International,2018-03-15,TMAX,801.0,SYNTHETIC
SYNTH,Tampa International,2018-03-15,TMIN,709.0,SYNTHETIC
SYNTH,Tampa International,2018-03-15,PRCP,4.0,SYNTHETIC
SYNTH,Orlando Executive,2018-03-15,TMAX,743.0,SYNTHETIC
SYNTH,Orlando Executive,2018-03-15,TMIN,675.0,SYNTHETIC
SYNTH,Orlando Executive,2018-03-15,PRCP,1.0,SYNTHETIC
SYNTH,Sebring,2018-03-15,TMAX,769.0,SYNTHETIC
SYNTH,Sebring,2018-03-15,TMIN,665.0,SYNTHETIC
SYNTH,Sebring,2018-03-15,PRCP,4.0,SYNTHETIC
SYNTH,Lakeland Linder,2018-04-15,TMAX,724.0,SYNTHETIC
SYNTH,Lakeland Linder,2018-04-15,TMIN,734.0,SYNTHETIC
SYNTH,Lakeland Linder,2018-04-15,PRCP,5.0,SYNTHETIC
SYNTH,Tampa International,2018-04-15,TMAX,763.0,SYNTHETIC
SYNTH,Tampa International,2018-04-15,TMIN,526.0,SYNTHETIC
SYNTH,Tampa International,2018-04-15,PRCP,2.0,SYNTHETIC
SYNTH,Orlando Executive,2018-04-15,TMAX,784.0,SYNTHETIC
SYNTH,Orlando Executive,2018-04-15,TMIN,659.0,SYNTHETIC
SYNTH,Orlando Executive,2018-04-15,PRCP,1.0,SYNTHETIC
SYNTH,Sebring,2018-04-15,TMAX,659.0,SYNTHETIC
SYNTH,Sebring,2018-04-15,TMIN,618.0,SYNTHETIC
SYNTH,Sebring,2018-04-15,PRCP,1.0,SYNTHETIC
SYNTH,Lakeland Linder,2018-05-15,TMAX,870.0,SYNTHETIC
SYNTH,Lakeland Linder,2018-05-15,TMIN,594.0,SYNTHETIC
SYNTH,Lakeland Linder,2018-05-15,PRCP,11.0,SYNTHETIC
SYNTH,Tampa International,2018-05-15,TMAX,667.0,SYNTHETIC
SYNTH,Tampa International,2018-05-15,TMIN,754.0,SYNTHETIC
SYNTH,Tampa International,2018-05-15,PRCP,1.0,SYNTHETIC
SYNTH,Orlando Executive,2018-05-15,TMAX,888.0,SYNTHETIC
SYNTH,Orlando Executive,2018-05-15,TMIN,656.0,SYNTHETIC
SYNTH,Orlando Executive,2018-05-15,PRCP,8.0,SYNTHETIC
SYNTH,Sebring,2018-05-15,TMAX,789.0,SYNTHETIC
SYNTH,Sebring,2018-05-15,TMIN,562.0,SYNTHETIC
SYNTH,Sebring,2018-05-15,PRCP,10.0,SYNTHETIC
SYNTH,Lakeland Linder,2018-06-15,TMAX,810.0,SYNTHETIC
SYNTH,Lakeland Linder,2018-06-15,TMIN,667.0,SYNTHETIC
SYNTH,Lakeland Linder,2018-06-15,PRCP,9.0,SYNTHETIC
SYNTH,Tampa International,2018-06-15,TMAX,737.0,SYNTHETIC
SYNTH,Tampa International,2018-06-15,TMIN,697.0,SYNTHETIC
SYNTH,Tampa International,2018-06-15,PRCP,0.0,SYNTHETIC
SYNTH,Orlando Executive,2018-06-15,TMAX,809.0,SYNTHETIC
SYNTH,Orlando Executive,2018-06-15,TMIN,655.0,SYNTHETIC
SYNTH,Orlando Executive,2018-06-15,PRCP,4.0,SYNTHETIC
SYNTH,Sebring,2018-06-15,TMAX,757.0,SYNTHETIC
SYNTH,Sebring,2018-06-15,TMIN,758.0,SYNTHETIC
SYNTH,Sebring,2018-06-15,PRCP,7.0,SYNTHETIC
SYNTH,Lakeland Linder,2018-07-15,TMAX,814.0,SYNTHETIC
SYNTH,Lakeland Linder,2018-07-15,TMIN,669.0,SYNTHETIC
SYNTH,Lakeland Linder,2018-07-15,PRCP,1.0,SYNTHETIC
SYNTH,Tampa International,2018-07-15,TMAX,928.0,SYNTHETIC
SYNTH,Tampa International,2018-07-15,TMIN,633.0,SYNTHETIC
SYNTH,Tampa International,2018-07-15,PRCP,4.0,SYNTHETIC
SYNTH,Orlando Executive,2018-07-15,TMAX,911.0,SYNTHETIC
SYNTH,Orlando Executive,2018-07-15,TMIN,587.0,SYNTHETIC
SYNTH,Orlando Executive,2018-07-15,PRCP,10.0,SYNTHETIC
SYNTH,Sebring,2018-07-15,TMAX,697.0,SYNTHETIC
SYNTH,Sebring,2018-07-15,TMIN,780.0,SYNTHETIC
SYNTH,Sebring,2018-07-15,PRCP,1.0,SYNTHETIC
SYNTH,Lakeland Linder,2018-08-15,TMAX,800.0,SYNTHETIC
SYNTH,Lakeland Linder,2018-08-15,TMIN,498.0,SYNTHETIC
SYNTH,Lakeland Linder,2018-08-15,PRCP,0.0,SYNTHETIC
SYNTH,Tampa International,2018-08-15,TMAX,736.0,SYNTHETIC
SYNTH,Tampa International,2018-08-15,TMIN,601.0,SYNTHETIC
SYNTH,Tampa International,2018-08-15,PRCP,2.0,SYNTHETIC
SYNTH,Orlando Executive,2018-08-15,TMAX,896.0,SYNTHETIC
SYNTH,Orlando Executive,2018-08-15,TMIN,666.0,SYNTHETIC
SYNTH,Orlando Executive,2018-08-15,PRCP,4.0,SYNTHETIC
SYNTH,Sebring,2018-08-15,TMAX,732.0,SYNTHETIC
SYNTH,Sebring,2018-08-15,TMIN,579.0,SYNTHETIC
SYNTH,Sebring,2018-08-15,PRCP,11.0,SYNTHETIC
SYNTH,Lakeland Linder,2018-09-15,TMAX,761.0,SYNTHETIC
SYNTH,Lakeland Linder,2018-09-15,TMIN,782.0,SYNTHETIC
SYNTH,Lakeland Linder,2018-09-15,PRCP,1.0,SYNTHETIC
SYNTH,Tampa International,2018-09-15,TMAX,820.0,SYNTHETIC
SYNTH,Tampa International,2018-09-15,TMIN,735.0,SYNTHETIC
SYNTH,Tampa International,2018-09-15,PRCP,9.0,SYNTHETIC
SYNTH,Orlando Executive,2018-09-15,TMAX,811.0,SYNTHETIC
SYNTH,Orlando Executive,2018-09-15,TMIN,618.0,SYNTHETIC
SYNTH,Orlando Executive,2018-09-15,PRCP,2.0,SYNTHETIC
SYNTH,Sebring,2018-09-15,TMAX,847.0,SYNTHETIC
SYNTH,Sebring,2018-09-15,TMIN,721.0,SYNTHETIC
SYNTH,Sebring,2018-09-15,PRCP,3.0,SYNTHETIC
SYNTH,Lakeland Linder,2018-10-15,TMAX,869.0,SYNTHETIC
SYNTH,Lakeland Linder,2018-10-15,TMIN,781.0,SYNTHETIC
SYNTH,Lakeland Linder,2018-10-15,PRCP,4.0,SYNTHETIC
SYNTH,Tampa International,2018-10-15,TMAX,844.0,SYNTHETIC
SYNTH,Tampa International,2018-10-15,TMIN,528.0,SYNTHETIC
SYNTH,Tampa International,2018-10-15,PRCP,10.0,SYNTHETIC
SYNTH,Orlando Executive,2018-10-15,TMAX,851.0,SYNTHETIC
SYNTH,Orlando Executive,2018-10-15,TMIN,642.0,SYNTHETIC
SYNTH,Orlando Executive,2018-10-15,PRCP,0.0,SYNTHETIC
SYNTH,Sebring,2018-10-15,TMAX,839.0,SYNTHETIC
SYNTH,Sebring,2018-10-15,TMIN,645.0,SYNTHETIC
SYNTH,Sebring,2018-10-15,PRCP,8.0,SYNTHETIC
SYNTH,Lakeland Linder,2018-11-15,TMAX,826.0,SYNTHETIC
SYNTH,Lakeland Linder,2018-11-15,TMIN,590.0,SYNTHETIC
SYNTH,Lakeland Linder,2018-11-15,PRCP,7.0,SYNTHETIC
SYNTH,Tampa International,2018-11-15,TMAX,802.0,SYNTHETIC
SYNTH,Tampa International,2018-11-15,TMIN,692.0,SYNTHETIC
SYNTH,Tampa International,2018-11-15,PRCP,0.0,SYNTHETIC
SYNTH,Orlando Executive,2018-11-15,TMAX,768.0,SYNTHETIC
SYNTH,Orlando Executive,2018-11-15,TMIN,656.0,SYNTHETIC
SYNTH,Orlando Executive,2018-11-15,PRCP,3.0,SYNTHETIC
SYNTH,Sebring,2018-11-15,TMAX,858.0,SYNTHETIC
SYNTH,Sebring,2018-11-15,TMIN,628.0,SYNTHETIC
SYNTH,Sebring,2018-11-15,PRCP,6.0,SYNTHETIC
SYNTH,Lakeland Linder,2018-12-15,TMAX,785.0,SYNTHETIC
SYNTH,Lakeland Linder,2018-12-15,TMIN,713.0,SYNTHETIC
SYNTH,Lakeland Linder,2018-12-15,PRCP,1.0,SYNTHETIC
SYNTH,Tampa International,2018-12-15,TMAX,800.0,SYNTHETIC
SYNTH,Tampa International,2018-12-15,TMIN,728.0,SYNTHETIC
SYNTH,Tampa International,2018-12-15,PRCP,0.0,SYNTHETIC
SYNTH,Orlando Executive,2018-12-15,TMAX,696.0,SYNTHETIC
SYNTH,Orlando Executive,2018-12-15,TMIN,637.0,SYNTHETIC
SYNTH,Orlando Executive,2018-12-15,PRCP,0.0,SYNTHETIC
SYNTH,Sebring,2018-12-15,TMAX,742.0,SYNTHETIC
SYNTH,Sebring,2018-12-15,TMIN,635.0,SYNTHETIC
SYNTH,Sebring,2018-12-15,PRCP,5.0,SYNTHETIC
SYNTH,Lakeland Linder,2019-01-15,TMAX,819.0,SYNTHETIC
SYNTH,Lakeland Linder,2019-01-15,TMIN,674.0,SYNTHETIC
SYNTH,Lakeland Linder,2019-01-15,PRCP,12.0,SYNTHETIC
SYNTH,Tampa International,2019-01-15,TMAX,792.0,SYNTHETIC
SYNTH,Tampa International,2019-01-15,TMIN,672.0,SYNTHETIC
SYNTH,Tampa International,2019-01-15,PRCP,0.0,SYNTHETIC
SYNTH,Orlando Executive,2019-01-15,TMAX,752.0,SYNTHETIC
SYNTH,Orlando Executive,2019-01-15,TMIN,603.0,SYNTHETIC
SYNTH,Orlando Executive,2019-01-15,PRCP,0.0,SYNTHETIC
SYNTH,Sebring,2019-01-15,TMAX,848.0,SYNTHETIC
SYNTH,Sebring,2019-01-15,TMIN,837.0,SYNTHETIC
SYNTH,Sebring,2019-01-15,PRCP,0.0,SYNTHETIC
SYNTH,Lakeland Linder,2019-02-15,TMAX,786.0,SYNTHETIC
SYNTH,Lakeland Linder,2019-02-15,TMIN,644.0,SYNTHETIC
SYNTH,Lakeland Linder,2019-02-15,PRCP,4.0,SYNTHETIC
SYNTH,Tampa International,2019-02-15,TMAX,841.0,SYNTHETIC
SYNTH,Tampa International,2019-02-15,TMIN,752.0,SYNTHETIC
SYNTH,Tampa International,2019-02-15,PRCP,9.0,SYNTHETIC
SYNTH,Orlando Executive,2019-02-15,TMAX,629.0,SYNTHETIC
SYNTH,Orlando Executive,2019-02-15,TMIN,610.0,SYNTHETIC
SYNTH,Orlando Executive,2019-02-15,PRCP,8.0,SYNTHETIC
SYNTH,Sebring,2019-02-15,TMAX,694.0,SYNTHETIC
SYNTH,Sebring,2019-02-15,TMIN,409.0,SYNTHETIC
SYNTH,Sebring,2019-02-15,PRCP,5.0,SYNTHETIC
SYNTH,Lakeland Linder,2019-03-15,TMAX,839.0,SYNTHETIC
SYNTH,Lakeland Linder,2019-03-15,TMIN,562.0,SYNTHETIC
SYNTH,Lakeland Linder,2019-03-15,PRCP,1.0,SYNTHETIC
SYNTH,Tampa International,2019-03-15,TMAX,742.0,SYNTHETIC
SYNTH,Tampa International,2019-03-15,TMIN,658.0,SYNTHETIC
SYNTH,Tampa International,2019-03-15,PRCP,0.0,SYNTHETIC
SYNTH,Orlando Executive,2019-03-15,TMAX,859.0,SYNTHETIC
SYNTH,Orlando Executive,2019-03-15,TMIN,421.0,SYNTHETIC
SYNTH,Orlando Executive,2019-03-15,PRCP,1.0,SYNTHETIC
SYNTH,Sebring,2019-03-15,TMAX,729.0,SYNTHETIC
SYNTH,Sebring,2019-03-15,TMIN,629.0,SYNTHETIC
SYNTH,Sebring,2019-03-15,PRCP,0.0,SYNTHETIC
SYNTH,Lakeland Linder,2019-04-15,TMAX,883.0,SYNTHETIC
SYNTH,Lakeland Linder,2019-04-15,TMIN,501.0,SYNTHETIC
SYNTH,Lakeland Linder,2019-04-15,PRCP,3.0,SYNTHETIC
SYNTH,Tampa International,2019-04-15,TMAX,864.0,SYNTHETIC
SYNTH,Tampa International,2019-04-15,TMIN,798.0,SYNTHETIC
SYNTH,Tampa International,2019-04-15,PRCP,0.0,SYNTHETIC
SYNTH,Orlando Executive,2019-04-15,TMAX,845.0,SYNTHETIC
SYNTH,Orlando Executive,2019-04-15,TMIN,505.0,SYNTHETIC
SYNTH,Orlando Executive,2019-04-15,PRCP,8.0,SYNTHETIC
SYNTH,Sebring,2019-04-15,TMAX,887.0,SYNTHETIC
SYNTH,Sebring,2019-04-15,TMIN,649.0,SYNTHETIC
SYNTH,Sebring,2019-04-15,PRCP,8.0,SYNTHETIC
SYNTH,Lakeland Linder,2019-05-15,TMAX,710.0,SYNTHETIC
SYNTH,Lakeland Linder,2019-05-15,TMIN,691.0,SYNTHETIC
SYNTH,Lakeland Linder,2019-05-15,PRCP,12.0,SYNTHETIC
SYNTH,Tampa International,2019-05-15,TMAX,853.0,SYNTHETIC
SYNTH,Tampa International,2019-05-15,TMIN,672.0,SYNTHETIC
SYNTH,Tampa International,2019-05-15,PRCP,3.0,SYNTHETIC
SYNTH,Orlando Executive,2019-05-15,TMAX,694.0,SYNTHETIC
SYNTH,Orlando Executive,2019-05-15,TMIN,758.0,SYNTHETIC
SYNTH,Orlando Executive,2019-05-15,PRCP,0.0,SYNTHETIC
SYNTH,Sebring,2019-05-15,TMAX,860.0,SYNTHETIC
SYNTH,Sebring,2019-05-15,TMIN,524.0,SYNTHETIC
SYNTH,Sebring,2019-05-15,PRCP,2.0,SYNTHETIC
SYNTH,Lakeland Linder,2019-06-15,TMAX,934.0,SYNTHETIC
SYNTH,Lakeland Linder,2019-06-15,TMIN,622.0,SYNTHETIC
SYNTH,Lakeland Linder,2019-06-15,PRCP,10.0,SYNTHETIC
SYNTH,Tampa International,2019-06-15,TMAX,813.0,SYNTHETIC
SYNTH,Tampa International,2019-06-15,TMIN,502.0,SYNTHETIC
SYNTH,Tampa International,2019-06-15,PRCP,7.0,SYNTHETIC
SYNTH,Orlando Executive,2019-06-15,TMAX,772.0,SYNTHETIC
SYNTH,Orlando Executive,2019-06-15,TMIN,705.0,SYNTHETIC
SYNTH,Orlando Executive,2019-06-15,PRCP,3.0,SYNTHETIC
SYNTH,Sebring,2019-06-15,TMAX,696.0,SYNTHETIC
SYNTH,Sebring,2019-06-15,TMIN,663.0,SYNTHETIC
SYNTH,Sebring,2019-06-15,PRCP,13.0,SYNTHETIC
SYNTH,Lakeland Linder,2019-07-15,TMAX,859.0,SYNTHETIC
SYNTH,Lakeland Linder,2019-07-15,TMIN,645.0,SYNTHETIC
SYNTH,Lakeland Linder,2019-07-15,PRCP,8.0,SYNTHETIC
SYNTH,Tampa International,2019-07-15,TMAX,836.0,SYNTHETIC
SYNTH,Tampa International,2019-07-15,TMIN,666.0,SYNTHETIC
SYNTH,Tampa International,2019-07-15,PRCP,2.0,SYNTHETIC
SYNTH,Orlando Executive,2019-07-15,TMAX,838.0,SYNTHETIC
SYNTH,Orlando Executive,2019-07-15,TMIN,732.0,SYNTHETIC
SYNTH,Orlando Executive,2019-07-15,PRCP,1.0,SYNTHETIC
SYNTH,Sebring,2019-07-15,TMAX,933.0,SYNTHETIC
SYNTH,Sebring,2019-07-15,TMIN,642.0,SYNTHETIC
SYNTH,Sebring,2019-07-15,PRCP,1.0,SYNTHETIC
SYNTH,Lakeland Linder,2019-08-15,TMAX,899.0,SYNTHETIC
SYNTH,Lakeland Linder,2019-08-15,TMIN,627.0,SYNTHETIC
SYNTH,Lakeland Linder,2019-08-15,PRCP,6.0,SYNTHETIC
SYNTH,Tampa International,2019-08-15,TMAX,796.0,SYNTHETIC
SYNTH,Tampa International,2019-08-15,TMIN,645.0,SYNTHETIC
SYNTH,Tampa International,2019-08-15,PRCP,5.0,SYNTHETIC
SYNTH,Orlando Executive,2019-08-15,TMAX,843.0,SYNTHETIC
SYNTH,Orlando Executive,2019-08-15,TMIN,490.0,SYNTHETIC
SYNTH,Orlando Executive,2019-08-15,PRCP,2.0,SYNTHETIC
SYNTH,Sebring,2019-08-15,TMAX,894.0,SYNTHETIC
SYNTH,Sebring,2019-08-15,TMIN,639.0,SYNTHETIC
SYNTH,Sebring,2019-08-15,PRCP,0.0,SYNTHETIC
SYNTH,Lakeland Linder,2019-09-15,TMAX,711.0,SYNTHETIC
SYNTH,Lakeland Linder,2019-09-15,TMIN,563.0,SYNTHETIC
SYNTH,Lakeland Linder,2019-09-15,PRCP,7.0,SYNTHETIC
SYNTH,Tampa International,2019-09-15,TMAX,811.0,SYNTHETIC
SYNTH,Tampa International,2019-09-15,TMIN,602.0,SYNTHETIC
SYNTH,Tampa International,2019-09-15,PRCP,1.0,SYNTHETIC
SYNTH,Orlando Executive,2019-09-15,TMAX,814.0,SYNTHETIC
SYNTH,Orlando Executive,2019-09-15,TMIN,679.0,SYNTHETIC
SYNTH,Orlando Executive,2019-09-15,PRCP,13.0,SYNTHETIC
SYNTH,Sebring,2019-09-15,TMAX,699.0,SYNTHETIC
SYNTH,Sebring,2019-09-15,TMIN,742.0,SYNTHETIC
SYNTH,Sebring,2019-09-15,PRCP,7.0,SYNTHETIC
SYNTH,Lakeland Linder,2019-10-15,TMAX,757.0,SYNTHETIC
SYNTH,Lakeland Linder,2019-10-15,TMIN,666.0,SYNTHETIC
SYNTH,Lakeland Linder,2019-10-15,PRCP,0.0,SYNTHETIC
SYNTH,Tampa International,2019-10-15,TMAX,834.0,SYNTHETIC
SYNTH,Tampa International,2019-10-15,TMIN,770.0,SYNTHETIC
SYNTH,Tampa International,2019-10-15,PRCP,6.0,SYNTHETIC
SYNTH,Orlando Executive,2019-10-15,TMAX,860.0,SYNTHETIC
SYNTH,Orlando Executive,2019-10-15,TMIN,615.0,SYNTHETIC
SYNTH,Orlando Executive,2019-10-15,PRCP,4.0,SYNTHETIC
SYNTH,Sebring,2019-10-15,TMAX,803.0,SYNTHETIC
SYNTH,Sebring,2019-10-15,TMIN,746.0,SYNTHETIC
SYNTH,Sebring,2019-10-15,PRCP,4.0,SYNTHETIC
SYNTH,Lakeland Linder,2019-11-15,TMAX,735.0,SYNTHETIC
SYNTH,Lakeland Linder,2019-11-15,TMIN,660.0,SYNTHETIC
SYNTH,Lakeland Linder,2019-11-15,PRCP,1.0,SYNTHETIC
SYNTH,Tampa International,2019-11-15,TMAX,756.0,SYNTHETIC
SYNTH,Tampa International,2019-11-15,TMIN,616.0,SYNTHETIC
SYNTH,Tampa International,2019-11-15,PRCP,3.0,SYNTHETIC
SYNTH,Orlando Executive,2019-11-15,TMAX,742.0,SYNTHETIC
SYNTH,Orlando Executive,2019-11-15,TMIN,706.0,SYNTHETIC
SYNTH,Orlando Executive,2019-11-15,PRCP,3.0,SYNTHETIC
SYNTH,Sebring,2019-11-15,TMAX,692.0,SYNTHETIC
SYNTH,Sebring,2019-11-15,TMIN,599.0,SYNTHETIC
SYNTH,Sebring,2019-11-15,PRCP,6.0,SYNTHETIC
SYNTH,Lakeland Linder,2019-12-15,TMAX,804.0,SYNTHETIC
SYNTH,Lakeland Linder,2019-12-15,TMIN,612.0,SYNTHETIC
SYNTH,Lakeland Linder,2019-12-15,PRCP,3.0,SYNTHETIC
SYNTH,Tampa International,2019-12-15,TMAX,680.0,SYNTHETIC
SYNTH,Tampa International,2019-12-15,TMIN,689.0,SYNTHETIC
SYNTH,Tampa International,2019-12-15,PRCP,4.0,SYNTHETIC
SYNTH,Orlando Executive,2019-12-15,TMAX,787.0,SYNTHETIC
SYNTH,Orlando Executive,2019-12-15,TMIN,730.0,SYNTHETIC
SYNTH,Orlando Executive,2019-12-15,PRCP,2.0,SYNTHETIC
SYNTH,Sebring,2019-12-15,TMAX,910.0,SYNTHETIC
SYNTH,Sebring,2019-12-15,TMIN,662.0,SYNTHETIC
SYNTH,Sebring,2019-12-15,PRCP,1.0,SYNTHETIC
SYNTH,Lakeland Linder,2020-01-15,TMAX,818.0,SYNTHETIC
SYNTH,Lakeland Linder,2020-01-15,TMIN,641.0,SYNTHETIC
SYNTH,Lakeland Linder,2020-01-15,PRCP,9.0,SYNTHETIC
SYNTH,Tampa International,2020-01-15,TMAX,733.0,SYNTHETIC
SYNTH,Tampa International,2020-01-15,TMIN,588.0,SYNTHETIC
SYNTH,Tampa International,2020-01-15,PRCP,8.0,SYNTHETIC
SYNTH,Orlando Executive,2020-01-15,TMAX,772.0,SYNTHETIC
SYNTH,Orlando Executive,2020-01-15,TMIN,722.0,SYNTHETIC
SYNTH,Orlando Executive,2020-01-15,PRCP,11.0,SYNTHETIC
SYNTH,Sebring,2020-01-15,TMAX,787.0,SYNTHETIC
SYNTH,Sebring,2020-01-15,TMIN,704.0,SYNTHETIC
SYNTH,Sebring,2020-01-15,PRCP,2.0,SYNTHETIC
SYNTH,Lakeland Linder,2020-02-15,TMAX,880.0,SYNTHETIC
SYNTH,Lakeland Linder,2020-02-15,TMIN,665.0,SYNTHETIC
SYNTH,Lakeland Linder,2020-02-15,PRCP,5.0,SYNTHETIC
SYNTH,Tampa International,2020-02-15,TMAX,768.0,SYNTHETIC
SYNTH,Tampa International,2020-02-15,TMIN,517.0,SYNTHETIC
SYNTH,Tampa International,2020-02-15,PRCP,5.0,SYNTHETIC
SYNTH,Orlando Executive,2020-02-15,TMAX,654.0,SYNTHETIC
SYNTH,Orlando Executive,2020-02-15,TMIN,624.0,SYNTHETIC
SYNTH,Orlando Executive,2020-02-15,PRCP,7.0,SYNTHETIC
SYNTH,Sebring,2020-02-15,TMAX,835.0,SYNTHETIC
SYNTH,Sebring,2020-02-15,TMIN,805.0,SYNTHETIC
SYNTH,Sebring,2020-02-15,PRCP,8.0,SYNTHETIC
SYNTH,Lakeland Linder,2020-03-15,TMAX,767.0,SYNTHETIC
SYNTH,Lakeland Linder,2020-03-15,TMIN,652.0,SYNTHETIC
SYNTH,Lakeland Linder,2020-03-15,PRCP,2.0,SYNTHETIC
SYNTH,Tampa International,2020-03-15,TMAX,693.0,SYNTHETIC
SYNTH,Tampa International,2020-03-15,TMIN,574.0,SYNTHETIC
SYNTH,Tampa International,2020-03-15,PRCP,0.0,SYNTHETIC
SYNTH,Orlando Executive,2020-03-15,TMAX,657.0,SYNTHETIC
SYNTH,Orlando Executive,2020-03-15,TMIN,653.0,SYNTHETIC
SYNTH,Orlando Executive,2020-03-15,PRCP,1.0,SYNTHETIC
SYNTH,Sebring,2020-03-15,TMAX,686.0,SYNTHETIC
SYNTH,Sebring,2020-03-15,TMIN,682.0,SYNTHETIC
SYNTH,Sebring,2020-03-15,PRCP,6.0,SYNTHETIC
SYNTH,Lakeland Linder,2020-04-15,TMAX,838.0,SYNTHETIC
SYNTH,Lakeland Linder,2020-04-15,TMIN,624.0,SYNTHETIC
SYNTH,Lakeland Linder,2020-04-15,PRCP,5.0,SYNTHETIC
SYNTH,Tampa International,2020-04-15,TMAX,874.0,SYNTHETIC
SYNTH,Tampa International,2020-04-15,TMIN,674.0,SYNTHETIC
SYNTH,Tampa International,2020-04-15,PRCP,1.0,SYNTHETIC
SYNTH,Orlando Executive,2020-04-15,TMAX,842.0,SYNTHETIC
SYNTH,Orlando Executive,2020-04-15,TMIN,745.0,SYNTHETIC
SYNTH,Orlando Executive,2020-04-15,PRCP,0.0,SYNTHETIC
SYNTH,Sebring,2020-04-15,TMAX,987.0,SYNTHETIC
SYNTH,Sebring,2020-04-15,TMIN,607.0,SYNTHETIC
SYNTH,Sebring,2020-04-15,PRCP,3.0,SYNTHETIC
SYNTH,Lakeland Linder,2020-05-15,TMAX,766.0,SYNTHETIC
SYNTH,Lakeland Linder,2020-05-15,TMIN,667.0,SYNTHETIC
SYNTH,Lakeland Linder,2020-05-15,PRCP,5.0,SYNTHETIC
SYNTH,Tampa International,2020-05-15,TMAX,776.0,SYNTHETIC
SYNTH,Tampa International,2020-05-15,TMIN,562.0,SYNTHETIC
SYNTH,Tampa International,2020-05-15,PRCP,3.0,SYNTHETIC
SYNTH,Orlando Executive,2020-05-15,TMAX,899.0,SYNTHETIC
SYNTH,Orlando Executive,2020-05-15,TMIN,701.0,SYNTHETIC
SYNTH,Orlando Executive,2020-05-15,PRCP,8.0,SYNTHETIC
SYNTH,Sebring,2020-05-15,TMAX,983.0,SYNTHETIC
SYNTH,Sebring,2020-05-15,TMIN,673.0,SYNTHETIC
SYNTH,Sebring,2020-05-15,PRCP,0.0,SYNTHETIC
SYNTH,Lakeland Linder,2020-06-15,TMAX,832.0,SYNTHETIC
SYNTH,Lakeland Linder,2020-06-15,TMIN,664.0,SYNTHETIC
SYNTH,Lakeland Linder,2020-06-15,PRCP,0.0,SYNTHETIC
SYNTH,Tampa International,2020-06-15,TMAX,835.0,SYNTHETIC
SYNTH,Tampa International,2020-06-15,TMIN,601.0,SYNTHETIC
SYNTH,Tampa International,2020-06-15,PRCP,0.0,SYNTHETIC
SYNTH,Orlando Executive,2020-06-15,TMAX,765.0,SYNTHETIC
SYNTH,Orlando Executive,2020-06-15,TMIN,535.0,SYNTHETIC
SYNTH,Orlando Executive,2020-06-15,PRCP,3.0,SYNTHETIC
SYNTH,Sebring,2020-06-15,TMAX,866.0,SYNTHETIC
SYNTH,Sebring,2020-06-15,TMIN,691.0,SYNTHETIC
SYNTH,Sebring,2020-06-15,PRCP,7.0,SYNTHETIC
SYNTH,Lakeland Linder,2020-07-15,TMAX,845.0,SYNTHETIC
SYNTH,Lakeland Linder,2020-07-15,TMIN,607.0,SYNTHETIC
SYNTH,Lakeland Linder,2020-07-15,PRCP,7.0,SYNTHETIC
SYNTH,Tampa International,2020-07-15,TMAX,711.0,SYNTHETIC
SYNTH,Tampa International,2020-07-15,TMIN,577.0,SYNTHETIC
SYNTH,Tampa International,2020-07-15,PRCP,1.0,SYNTHETIC
SYNTH,Orlando Executive,2020-07-15,TMAX,906.0,SYNTHETIC
SYNTH,Orlando Executive,2020-07-15,TMIN,725.0,SYNTHETIC
SYNTH,Orlando Executive,2020-07-15,PRCP,5.0,SYNTHETIC
SYNTH,Sebring,2020-07-15,TMAX,905.0,SYNTHETIC
SYNTH,Sebring,2020-07-15,TMIN,579.0,SYNTHETIC
SYNTH,Sebring,2020-07-15,PRCP,4.0,SYNTHETIC
SYNTH,Lakeland Linder,2020-08-15,TMAX,809.0,SYNTHETIC
SYNTH,Lakeland Linder,2020-08-15,TMIN,717.0,SYNTHETIC
SYNTH,Lakeland Linder,2020-08-15,PRCP,2.0,SYNTHETIC
SYNTH,Tampa International,2020-08-15,TMAX,789.0,SYNTHETIC
SYNTH,Tampa International,2020-08-15,TMIN,693.0,SYNTHETIC
SYNTH,Tampa International,2020-08-15,PRCP,7.0,SYNTHETIC
SYNTH,Orlando Executive,2020-08-15,TMAX,766.0,SYNTHETIC
SYNTH,Orlando Executive,2020-08-15,TMIN,645.0,SYNTHETIC
SYNTH,Orlando Executive,2020-08-15,PRCP,2.0,SYNTHETIC
SYNTH,Sebring,2020-08-15,TMAX,620.0,SYNTHETIC
SYNTH,Sebring,2020-08-15,TMIN,666.0,SYNTHETIC
SYNTH,Sebring,2020-08-15,PRCP,6.0,SYNTHETIC
SYNTH,Lakeland Linder,2020-09-15,TMAX,840.0,SYNTHETIC
SYNTH,Lakeland Linder,2020-09-15,TMIN,494.0,SYNTHETIC
SYNTH,Lakeland Linder,2020-09-15,PRCP,1.0,SYNTHETIC
SYNTH,Tampa International,2020-09-15,TMAX,642.0,SYNTHETIC
SYNTH,Tampa International,2020-09-15,TMIN,759.0,SYNTHETIC
SYNTH,Tampa International,2020-09-15,PRCP,2.0,SYNTHETIC
SYNTH,Orlando Executive,2020-09-15,TMAX,920.0,SYNTHETIC
SYNTH,Orlando Executive,2020-09-15,TMIN,725.0,SYNTHETIC
SYNTH,Orlando Executive,2020-09-15,PRCP,1.0,SYNTHETIC
SYNTH,Sebring,2020-09-15,TMAX,729.0,SYNTHETIC
SYNTH,Sebring,2020-09-15,TMIN,678.0,SYNTHETIC
SYNTH,Sebring,2020-09-15,PRCP,1.0,SYNTHETIC
SYNTH,Lakeland Linder,2020-10-15,TMAX,828.0,SYNTHETIC
SYNTH,Lakeland Linder,2020-10-15,TMIN,611.0,SYNTHETIC
SYNTH,Lakeland Linder,2020-10-15,PRCP,5.0,SYNTHETIC
SYNTH,Tampa International,2020-10-15,TMAX,641.0,SYNTHETIC
SYNTH,Tampa International,2020-10-15,TMIN,668.0,SYNTHETIC
SYNTH,Tampa International,2020-10-15,PRCP,0.0,SYNTHETIC
SYNTH,Orlando Executive,2020-10-15,TMAX,775.0,SYNTHETIC
SYNTH,Orlando Executive,2020-10-15,TMIN,705.0,SYNTHETIC
SYNTH,Orlando Executive,2020-10-15,PRCP,8.0,SYNTHETIC
SYNTH,Sebring,2020-10-15,TMAX,798.0,SYNTHETIC
SYNTH,Sebring,2020-10-15,TMIN,622.0,SYNTHETIC
SYNTH,Sebring,2020-10-15,PRCP,5.0,SYNTHETIC
SYNTH,Lakeland Linder,2020-11-15,TMAX,711.0,SYNTHETIC
SYNTH,Lakeland Linder,2020-11-15,TMIN,667.0,SYNTHETIC
SYNTH,Lakeland Linder,2020-11-15,PRCP,5.0,SYNTHETIC
SYNTH,Tampa International,2020-11-15,TMAX,874.0,SYNTHETIC
SYNTH,Tampa International,2020-11-15,TMIN,495.0,SYNTHETIC
SYNTH,Tampa International,2020-11-15,PRCP,0.0,SYNTHETIC
SYNTH,Orlando Executive,2020-11-15,TMAX,749.0,SYNTHETIC
SYNTH,Orlando Executive,2020-11-15,TMIN,657.0,SYNTHETIC
SYNTH,Orlando Executive,2020-11-15,PRCP,5.0,SYNTHETIC
SYNTH,Sebring,2020-11-15,TMAX,939.0,SYNTHETIC
SYNTH,Sebring,2020-11-15,TMIN,610.0,SYNTHETIC
SYNTH,Sebring,2020-11-15,PRCP,0.0,SYNTHETIC
SYNTH,Lakeland Linder,2020-12-15,TMAX,911.0,SYNTHETIC
SYNTH,Lakeland Linder,2020-12-15,TMIN,673.0,SYNTHETIC
SYNTH,Lakeland Linder,2020-12-15,PRCP,9.0,SYNTHETIC
SYNTH,Tampa International,2020-12-15,TMAX,843.0,SYNTHETIC
SYNTH,Tampa International,2020-12-15,TMIN,557.0,SYNTHETIC
SYNTH,Tampa International,2020-12-15,PRCP,3.0,SYNTHETIC
SYNTH,Orlando Executive,2020-12-15,TMAX,695.0,SYNTHETIC
SYNTH,Orlando Executive,2020-12-15,TMIN,702.0,SYNTHETIC
SYNTH,Orlando Executive,2020-12-15,PRCP,8.0,SYNTHETIC
SYNTH,Sebring,2020-12-15,TMAX,967.0,SYNTHETIC
SYNTH,Sebring,2020-12-15,TMIN,717.0,SYNTHETIC
SYNTH,Sebring,2020-12-15,PRCP,8.0,SYNTHETIC
SYNTH,Lakeland Linder,2021-01-15,TMAX,773.0,SYNTHETIC
SYNTH,Lakeland Linder,2021-01-15,TMIN,557.0,SYNTHETIC
SYNTH,Lakeland Linder,2021-01-15,PRCP,7.0,SYNTHETIC
SYNTH,Tampa International,2021-01-15,TMAX,853.0,SYNTHETIC
SYNTH,Tampa International,2021-01-15,TMIN,658.0,SYNTHETIC
SYNTH,Tampa International,2021-01-15,PRCP,4.0,SYNTHETIC
SYNTH,Orlando Executive,2021-01-15,TMAX,845.0,SYNTHETIC
SYNTH,Orlando Executive,2021-01-15,TMIN,752.0,SYNTHETIC
SYNTH,Orlando Executive,2021-01-15,PRCP,9.0,SYNTHETIC
SYNTH,Sebring,2021-01-15,TMAX,863.0,SYNTHETIC
SYNTH,Sebring,2021-01-15,TMIN,717.0,SYNTHETIC
SYNTH,Sebring,2021-01-15,PRCP,5.0,SYNTHETIC
SYNTH,Lakeland Linder,2021-02-15,TMAX,783.0,SYNTHETIC
SYNTH,Lakeland Linder,2021-02-15,TMIN,710.0,SYNTHETIC
SYNTH,Lakeland Linder,2021-02-15,PRCP,3.0,SYNTHETIC
SYNTH,Tampa International,2021-02-15,TMAX,904.0,SYNTHETIC
SYNTH,Tampa International,2021-02-15,TMIN,554.0,SYNTHETIC
SYNTH,Tampa International,2021-02-15,PRCP,4.0,SYNTHETIC
SYNTH,Orlando Executive,2021-02-15,TMAX,752.0,SYNTHETIC
SYNTH,Orlando Executive,2021-02-15,TMIN,694.0,SYNTHETIC
SYNTH,Orlando Executive,2021-02-15,PRCP,2.0,SYNTHETIC
SYNTH,Sebring,2021-02-15,TMAX,692.0,SYNTHETIC
SYNTH,Sebring,2021-02-15,TMIN,683.0,SYNTHETIC
SYNTH,Sebring,2021-02-15,PRCP,0.0,SYNTHETIC
SYNTH,Lakeland Linder,2021-03-15,TMAX,890.0,SYNTHETIC
SYNTH,Lakeland Linder,2021-03-15,TMIN,650.0,SYNTHETIC
SYNTH,Lakeland Linder,2021-03-15,PRCP,4.0,SYNTHETIC
SYNTH,Tampa International,2021-03-15,TMAX,743.0,SYNTHETIC
SYNTH,Tampa International,2021-03-15,TMIN,602.0,SYNTHETIC
SYNTH,Tampa International,2021-03-15,PRCP,0.0,SYNTHETIC
SYNTH,Orlando Executive,2021-03-15,TMAX,888.0,SYNTHETIC
SYNTH,Orlando Executive,2021-03-15,TMIN,784.0,SYNTHETIC
SYNTH,Orlando Executive,2021-03-15,PRCP,1.0,SYNTHETIC
SYNTH,Sebring,2021-03-15,TMAX,906.0,SYNTHETIC
SYNTH,Sebring,2021-03-15,TMIN,476.0,SYNTHETIC
SYNTH,Sebring,2021-03-15,PRCP,2.0,SYNTHETIC
SYNTH,Lakeland Linder,2021-04-15,TMAX,743.0,SYNTHETIC
SYNTH,Lakeland Linder,2021-04-15,TMIN,541.0,SYNTHETIC
SYNTH,Lakeland Linder,2021-04-15,PRCP,4.0,SYNTHETIC
SYNTH,Tampa International,2021-04-15,TMAX,853.0,SYNTHETIC
SYNTH,Tampa International,2021-04-15,TMIN,632.0,SYNTHETIC
SYNTH,Tampa International,2021-04-15,PRCP,4.0,SYNTHETIC
SYNTH,Orlando Executive,2021-04-15,TMAX,875.0,SYNTHETIC
SYNTH,Orlando Executive,2021-04-15,TMIN,671.0,SYNTHETIC
SYNTH,Orlando Executive,2021-04-15,PRCP,6.0,SYNTHETIC
SYNTH,Sebring,2021-04-15,TMAX,814.0,SYNTHETIC
SYNTH,Sebring,2021-04-15,TMIN,555.0,SYNTHETIC
SYNTH,Sebring,2021-04-15,PRCP,8.0,SYNTHETIC
SYNTH,Lakeland Linder,2021-05-15,TMAX,772.0,SYNTHETIC
SYNTH,Lakeland Linder,2021-05-15,TMIN,575.0,SYNTHETIC
SYNTH,Lakeland Linder,2021-05-15,PRCP,2.0,SYNTHETIC
SYNTH,Tampa International,2021-05-15,TMAX,746.0,SYNTHETIC
SYNTH,Tampa International,2021-05-15,TMIN,616.0,SYNTHETIC
SYNTH,Tampa International,2021-05-15,PRCP,4.0,SYNTHETIC
SYNTH,Orlando Executive,2021-05-15,TMAX,847.0,SYNTHETIC
SYNTH,Orlando Executive,2021-05-15,TMIN,578.0,SYNTHETIC
SYNTH,Orlando Executive,2021-05-15,PRCP,0.0,SYNTHETIC
SYNTH,Sebring,2021-05-15,TMAX,905.0,SYNTHETIC
SYNTH,Sebring,2021-05-15,TMIN,689.0,SYNTHETIC
SYNTH,Sebring,2021-05-15,PRCP,13.0,SYNTHETIC
SYNTH,Lakeland Linder,2021-06-15,TMAX,914.0,SYNTHETIC
SYNTH,Lakeland Linder,2021-06-15,TMIN,741.0,SYNTHETIC
SYNTH,Lakeland Linder,2021-06-15,PRCP,3.0,SYNTHETIC
SYNTH,Tampa International,2021-06-15,TMAX,881.0,SYNTHETIC
SYNTH,Tampa International,2021-06-15,TMIN,645.0,SYNTHETIC
SYNTH,Tampa International,2021-06-15,PRCP,0.0,SYNTHETIC
SYNTH,Orlando Executive,2021-06-15,TMAX,833.0,SYNTHETIC
SYNTH,Orlando Executive,2021-06-15,TMIN,725.0,SYNTHETIC
SYNTH,Orlando Executive,2021-06-15,PRCP,5.0,SYNTHETIC
SYNTH,Sebring,2021-06-15,TMAX,749.0,SYNTHETIC
SYNTH,Sebring,2021-06-15,TMIN,709.0,SYNTHETIC
SYNTH,Sebring,2021-06-15,PRCP,0.0,SYNTHETIC
SYNTH,Lakeland Linder,2021-07-15,TMAX,837.0,SYNTHETIC
SYNTH,Lakeland Linder,2021-07-15,TMIN,625.0,SYNTHETIC
SYNTH,Lakeland Linder,2021-07-15,PRCP,1.0,SYNTHETIC
SYNTH,Tampa International,2021-07-15,TMAX,881.0,SYNTHETIC
SYNTH,Tampa International,2021-07-15,TMIN,566.0,SYNTHETIC
SYNTH,Tampa International,2021-07-15,PRCP,12.0,SYNTHETIC
SYNTH,Orlando Executive,2021-07-15,TMAX,674.0,SYNTHETIC
SYNTH,Orlando Executive,2021-07-15,TMIN,602.0,SYNTHETIC
SYNTH,Orlando Executive,2021-07-15,PRCP,4.0,SYNTHETIC
SYNTH,Sebring,2021-07-15,TMAX,866.0,SYNTHETIC
SYNTH,Sebring,2021-07-15,TMIN,641.0,SYNTHETIC
SYNTH,Sebring,2021-07-15,PRCP,2.0,SYNTHETIC
SYNTH,Lakeland Linder,2021-08-15,TMAX,852.0,SYNTHETIC
SYNTH,Lakeland Linder,2021-08-15,TMIN,631.0,SYNTHETIC
SYNTH,Lakeland Linder,2021-08-15,PRCP,9.0,SYNTHETIC
SYNTH,Tampa International,2021-08-15,TMAX,887.0,SYNTHETIC
SYNTH,Tampa International,2021-08-15,TMIN,719.0,SYNTHETIC
SYNTH,Tampa International,2021-08-15,PRCP,1.0,SYNTHETIC
SYNTH,Orlando Executive,2021-08-15,TMAX,813.0,SYNTHETIC
SYNTH,Orlando Executive,2021-08-15,TMIN,625.0,SYNTHETIC
SYNTH,Orlando Executive,2021-08-15,PRCP,2.0,SYNTHETIC
SYNTH,Sebring,2021-08-15,TMAX,848.0,SYNTHETIC
SYNTH,Sebring,2021-08-15,TMIN,606.0,SYNTHETIC
SYNTH,Sebring,2021-08-15,PRCP,6.0,SYNTHETIC
SYNTH,Lakeland Linder,2021-09-15,TMAX,734.0,SYNTHETIC
SYNTH,Lakeland Linder,2021-09-15,TMIN,787.0,SYNTHETIC
SYNTH,Lakeland Linder,2021-09-15,PRCP,1.0,SYNTHETIC
SYNTH,Tampa International,2021-09-15,TMAX,837.0,SYNTHETIC
SYNTH,Tampa International,2021-09-15,TMIN,713.0,SYNTHETIC
SYNTH,Tampa International,2021-09-15,PRCP,0.0,SYNTHETIC
SYNTH,Orlando Executive,2021-09-15,TMAX,888.0,SYNTHETIC
SYNTH,Orlando Executive,2021-09-15,TMIN,551.0,SYNTHETIC
SYNTH,Orlando Executive,2021-09-15,PRCP,10.0,SYNTHETIC
SYNTH,Sebring,2021-09-15,TMAX,821.0,SYNTHETIC
SYNTH,Sebring,2021-09-15,TMIN,602.0,SYNTHETIC
SYNTH,Sebring,2021-09-15,PRCP,1.0,SYNTHETIC
SYNTH,Lakeland Linder,2021-10-15,TMAX,884.0,SYNTHETIC
SYNTH,Lakeland Linder,2021-10-15,TMIN,603.0,SYNTHETIC
SYNTH,Lakeland Linder,2021-10-15,PRCP,0.0,SYNTHETIC
SYNTH,Tampa International,2021-10-15,TMAX,802.0,SYNTHETIC
SYNTH,Tampa International,2021-10-15,TMIN,555.0,SYNTHETIC
SYNTH,Tampa International,2021-10-15,PRCP,12.0,SYNTHETIC
SYNTH,Orlando Executive,2021-10-15,TMAX,774.0,SYNTHETIC
SYNTH,Orlando Executive,2021-10-15,TMIN,716.0,SYNTHETIC
SYNTH,Orlando Executive,2021-10-15,PRCP,4.0,SYNTHETIC
SYNTH,Sebring,2021-10-15,TMAX,741.0,SYNTHETIC
SYNTH,Sebring,2021-10-15,TMIN,649.0,SYNTHETIC
SYNTH,Sebring,2021-10-15,PRCP,6.0,SYNTHETIC
SYNTH,Lakeland Linder,2021-11-15,TMAX,804.0,SYNTHETIC
SYNTH,Lakeland Linder,2021-11-15,TMIN,745.0,SYNTHETIC
SYNTH,Lakeland Linder,2021-11-15,PRCP,8.0,SYNTHETIC
SYNTH,Tampa International,2021-11-15,TMAX,893.0,SYNTHETIC
SYNTH,Tampa International,2021-11-15,TMIN,613.0,SYNTHETIC
SYNTH,Tampa International,2021-11-15,PRCP,2.0,SYNTHETIC
SYNTH,Orlando Executive,2021-11-15,TMAX,770.0,SYNTHETIC
SYNTH,Orlando Executive,2021-11-15,TMIN,665.0,SYNTHETIC
SYNTH,Orlando Executive,2021-11-15,PRCP,5.0,SYNTHETIC
SYNTH,Sebring,2021-11-15,TMAX,646.0,SYNTHETIC
SYNTH,Sebring,2021-11-15,TMIN,649.0,SYNTHETIC
SYNTH,Sebring,2021-11-15,PRCP,3.0,SYNTHETIC
SYNTH,Lakeland Linder,2021-12-15,TMAX,797.0,SYNTHETIC
SYNTH,Lakeland Linder,2021-12-15,TMIN,753.0,SYNTHETIC
SYNTH,Lakeland Linder,2021-12-15,PRCP,5.0,SYNTHETIC
SYNTH,Tampa International,2021-12-15,TMAX,924.0,SYNTHETIC
SYNTH,Tampa International,2021-12-15,TMIN,632.0,SYNTHETIC
SYNTH,Tampa International,2021-12-15,PRCP,7.0,SYNTHETIC
SYNTH,Orlando Executive,2021-12-15,TMAX,950.0,SYNTHETIC
SYNTH,Orlando Executive,2021-12-15,TMIN,754.0,SYNTHETIC
SYNTH,Orlando Executive,2021-12-15,PRCP,2.0,SYNTHETIC
SYNTH,Sebring,2021-12-15,TMAX,799.0,SYNTHETIC
SYNTH,Sebring,2021-12-15,TMIN,622.0,SYNTHETIC
SYNTH,Sebring,2021-12-15,PRCP,5.0,SYNTHETIC
SYNTH,Lakeland Linder,2022-01-15,TMAX,874.0,SYNTHETIC
SYNTH,Lakeland Linder,2022-01-15,TMIN,582.0,SYNTHETIC
SYNTH,Lakeland Linder,2022-01-15,PRCP,3.0,SYNTHETIC
SYNTH,Tampa International,2022-01-15,TMAX,658.0,SYNTHETIC
SYNTH,Tampa International,2022-01-15,TMIN,765.0,SYNTHETIC
SYNTH,Tampa International,2022-01-15,PRCP,0.0,SYNTHETIC
SYNTH,Orlando Executive,2022-01-15,TMAX,824.0,SYNTHETIC
SYNTH,Orlando Executive,2022-01-15,TMIN,625.0,SYNTHETIC
SYNTH,Orlando Executive,2022-01-15,PRCP,8.0,SYNTHETIC
SYNTH,Sebring,2022-01-15,TMAX,592.0,SYNTHETIC
SYNTH,Sebring,2022-01-15,TMIN,648.0,SYNTHETIC
SYNTH,Sebring,2022-01-15,PRCP,2.0,SYNTHETIC
SYNTH,Lakeland Linder,2022-02-15,TMAX,783.0,SYNTHETIC
SYNTH,Lakeland Linder,2022-02-15,TMIN,788.0,SYNTHETIC
SYNTH,Lakeland Linder,2022-02-15,PRCP,1.0,SYNTHETIC
SYNTH,Tampa International,2022-02-15,TMAX,881.0,SYNTHETIC
SYNTH,Tampa International,2022-02-15,TMIN,678.0,SYNTHETIC
SYNTH,Tampa International,2022-02-15,PRCP,9.0,SYNTHETIC
SYNTH,Orlando Executive,2022-02-15,TMAX,766.0,SYNTHETIC
SYNTH,Orlando Executive,2022-02-15,TMIN,591.0,SYNTHETIC
SYNTH,Orlando Executive,2022-02-15,PRCP,8.0,SYNTHETIC
SYNTH,Sebring,2022-02-15,TMAX,854.0,SYNTHETIC
SYNTH,Sebring,2022-02-15,TMIN,526.0,SYNTHETIC
SYNTH,Sebring,2022-02-15,PRCP,0.0,SYNTHETIC
SYNTH,Lakeland Linder,2022-03-15,TMAX,850.0,SYNTHETIC
SYNTH,Lakeland Linder,2022-03-15,TMIN,717.0,SYNTHETIC
SYNTH,Lakeland Linder,2022-03-15,PRCP,0.0,SYNTHETIC
SYNTH,Tampa International,2022-03-15,TMAX,586.0,SYNTHETIC
SYNTH,Tampa International,2022-03-15,TMIN,691.0,SYNTHETIC
SYNTH,Tampa International,2022-03-15,PRCP,3.0,SYNTHETIC
SYNTH,Orlando Executive,2022-03-15,TMAX,658.0,SYNTHETIC
SYNTH,Orlando Executive,2022-03-15,TMIN,423.0,SYNTHETIC
SYNTH,Orlando Executive,2022-03-15,PRCP,7.0,SYNTHETIC
SYNTH,Sebring,2022-03-15,TMAX,830.0,SYNTHETIC
SYNTH,Sebring,2022-03-15,TMIN,631.0,SYNTHETIC
SYNTH,Sebring,2022-03-15,PRCP,9.0,SYNTHETIC
SYNTH,Lakeland Linder,2022-04-15,TMAX,870.0,SYNTHETIC
SYNTH,Lakeland Linder,2022-04-15,TMIN,779.0,SYNTHETIC
SYNTH,Lakeland Linder,2022-04-15,PRCP,3.0,SYNTHETIC
SYNTH,Tampa International,2022-04-15,TMAX,817.0,SYNTHETIC
SYNTH,Tampa International,2022-04-15,TMIN,520.0,SYNTHETIC
SYNTH,Tampa International,2022-04-15,PRCP,1.0,SYNTHETIC
SYNTH,Orlando Executive,2022-04-15,TMAX,800.0,SYNTHETIC
SYNTH,Orlando Executive,2022-04-15,TMIN,700.0,SYNTHETIC
SYNTH,Orlando Executive,2022-04-15,PRCP,3.0,SYNTHETIC
SYNTH,Sebring,2022-04-15,TMAX,869.0,SYNTHETIC
SYNTH,Sebring,2022-04-15,TMIN,706.0,SYNTHETIC
SYNTH,Sebring,2022-04-15,PRCP,13.0,SYNTHETIC
SYNTH,Lakeland Linder,2022-05-15,TMAX,794.0,SYNTHETIC
SYNTH,Lakeland Linder,2022-05-15,TMIN,574.0,SYNTHETIC
SYNTH,Lakeland Linder,2022-05-15,PRCP,4.0,SYNTHETIC
SYNTH,Tampa International,2022-05-15,TMAX,755.0,SYNTHETIC
SYNTH,Tampa International,2022-05-15,TMIN,768.0,SYNTHETIC
SYNTH,Tampa International,2022-05-15,PRCP,1.0,SYNTHETIC
SYNTH,Orlando Executive,2022-05-15,TMAX,774.0,SYNTHETIC
SYNTH,Orlando Executive,2022-05-15,TMIN,612.0,SYNTHETIC
SYNTH,Orlando Executive,2022-05-15,PRCP,6.0,SYNTHETIC
SYNTH,Sebring,2022-05-15,TMAX,807.0,SYNTHETIC
SYNTH,Sebring,2022-05-15,TMIN,598.0,SYNTHETIC
SYNTH,Sebring,2022-05-15,PRCP,11.0,SYNTHETIC
SYNTH,Lakeland Linder,2022-06-15,TMAX,751.0,SYNTHETIC
SYNTH,Lakeland Linder,2022-06-15,TMIN,652.0,SYNTHETIC
SYNTH,Lakeland Linder,2022-06-15,PRCP,6.0,SYNTHETIC
SYNTH,Tampa International,2022-06-15,TMAX,689.0,SYNTHETIC
SYNTH,Tampa International,2022-06-15,TMIN,688.0,SYNTHETIC
SYNTH,Tampa International,2022-06-15,PRCP,2.0,SYNTHETIC
SYNTH,Orlando Executive,2022-06-15,TMAX,885.0,SYNTHETIC
SYNTH,Orlando Executive,2022-06-15,TMIN,572.0,SYNTHETIC
SYNTH,Orlando Executive,2022-06-15,PRCP,6.0,SYNTHETIC
SYNTH,Sebring,2022-06-15,TMAX,908.0,SYNTHETIC
SYNTH,Sebring,2022-06-15,TMIN,718.0,SYNTHETIC
SYNTH,Sebring,2022-06-15,PRCP,4.0,SYNTHETIC
SYNTH,Lakeland Linder,2022-07-15,TMAX,801.0,SYNTHETIC
SYNTH,Lakeland Linder,2022-07-15,TMIN,603.0,SYNTHETIC
SYNTH,Lakeland Linder,2022-07-15,PRCP,10.0,SYNTHETIC
SYNTH,Tampa International,2022-07-15,TMAX,764.0,SYNTHETIC
SYNTH,Tampa International,2022-07-15,TMIN,567.0,SYNTHETIC
SYNTH,Tampa International,2022-07-15,PRCP,6.0,SYNTHETIC
SYNTH,Orlando Executive,2022-07-15,TMAX,756.0,SYNTHETIC
SYNTH,Orlando Executive,2022-07-15,TMIN,573.0,SYNTHETIC
SYNTH,Orlando Executive,2022-07-15,PRCP,4.0,SYNTHETIC
SYNTH,Sebring,2022-07-15,TMAX,781.0,SYNTHETIC
SYNTH,Sebring,2022-07-15,TMIN,643.0,SYNTHETIC
SYNTH,Sebring,2022-07-15,PRCP,4.0,SYNTHETIC
SYNTH,Lakeland Linder,2022-08-15,TMAX,896.0,SYNTHETIC
SYNTH,Lakeland Linder,2022-08-15,TMIN,692.0,SYNTHETIC
SYNTH,Lakeland Linder,2022-08-15,PRCP,2.0,SYNTHETIC
SYNTH,Tampa International,2022-08-15,TMAX,804.0,SYNTHETIC
SYNTH,Tampa International,2022-08-15,TMIN,690.0,SYNTHETIC
SYNTH,Tampa International,2022-08-15,PRCP,9.0,SYNTHETIC
SYNTH,Orlando Executive,2022-08-15,TMAX,830.0,SYNTHETIC
SYNTH,Orlando Executive,2022-08-15,TMIN,612.0,SYNTHETIC
SYNTH,Orlando Executive,2022-08-15,PRCP,1.0,SYNTHETIC
SYNTH,Sebring,2022-08-15,TMAX,704.0,SYNTHETIC
SYNTH,Sebring,2022-08-15,TMIN,703.0,SYNTHETIC
SYNTH,Sebring,2022-08-15,PRCP,5.0,SYNTHETIC
SYNTH,Lakeland Linder,2022-09-15,TMAX,866.0,SYNTHETIC
SYNTH,Lakeland Linder,2022-09-15,TMIN,639.0,SYNTHETIC
SYNTH,Lakeland Linder,2022-09-15,PRCP,10.0,SYNTHETIC
SYNTH,Tampa International,2022-09-15,TMAX,781.0,SYNTHETIC
SYNTH,Tampa International,2022-09-15,TMIN,726.0,SYNTHETIC
SYNTH,Tampa International,2022-09-15,PRCP,2.0,SYNTHETIC
SYNTH,Orlando Executive,2022-09-15,TMAX,771.0,SYNTHETIC
SYNTH,Orlando Executive,2022-09-15,TMIN,697.0,SYNTHETIC
SYNTH,Orlando Executive,2022-09-15,PRCP,5.0,SYNTHETIC
SYNTH,Sebring,2022-09-15,TMAX,848.0,SYNTHETIC
SYNTH,Sebring,2022-09-15,TMIN,656.0,SYNTHETIC
SYNTH,Sebring,2022-09-15,PRCP,2.0,SYNTHETIC
SYNTH,Lakeland Linder,2022-10-15,TMAX,1011.0,SYNTHETIC
SYNTH,Lakeland Linder,2022-10-15,TMIN,744.0,SYNTHETIC
SYNTH,Lakeland Linder,2022-10-15,PRCP,6.0,SYNTHETIC
SYNTH,Tampa International,2022-10-15,TMAX,828.0,SYNTHETIC
SYNTH,Tampa International,2022-10-15,TMIN,730.0,SYNTHETIC
SYNTH,Tampa International,2022-10-15,PRCP,5.0,SYNTHETIC
SYNTH,Orlando Executive,2022-10-15,TMAX,822.0,SYNTHETIC
SYNTH,Orlando Executive,2022-10-15,TMIN,625.0,SYNTHETIC
SYNTH,Orlando Executive,2022-10-15,PRCP,2.0,SYNTHETIC
SYNTH,Sebring,2022-10-15,TMAX,566.0,SYNTHETIC
SYNTH,Sebring,2022-10-15,TMIN,666.0,SYNTHETIC
SYNTH,Sebring,2022-10-15,PRCP,0.0,SYNTHETIC
SYNTH,Lakeland Linder,2022-11-15,TMAX,947.0,SYNTHETIC
SYNTH,Lakeland Linder,2022-11-15,TMIN,651.0,SYNTHETIC
SYNTH,Lakeland Linder,2022-11-15,PRCP,2.0,SYNTHETIC
SYNTH,Tampa International,2022-11-15,TMAX,816.0,SYNTHETIC
SYNTH,Tampa International,2022-11-15,TMIN,566.0,SYNTHETIC
SYNTH,Tampa International,2022-11-15,PRCP,5.0,SYNTHETIC
SYNTH,Orlando Executive,2022-11-15,TMAX,843.0,SYNTHETIC
SYNTH,Orlando Executive,2022-11-15,TMIN,726.0,SYNTHETIC
SYNTH,Orlando Executive,2022-11-15,PRCP,0.0,SYNTHETIC
SYNTH,Sebring,2022-11-15,TMAX,822.0,SYNTHETIC
SYNTH,Sebring,2022-11-15,TMIN,540.0,SYNTHETIC
SYNTH,Sebring,2022-11-15,PRCP,6.0,SYNTHETIC
SYNTH,Lakeland Linder,2022-12-15,TMAX,861.0,SYNTHETIC
SYNTH,Lakeland Linder,2022-12-15,TMIN,689.0,SYNTHETIC
SYNTH,Lakeland Linder,2022-12-15,PRCP,3.0,SYNTHETIC
SYNTH,Tampa International,2022-12-15,TMAX,853.0,SYNTHETIC
SYNTH,Tampa International,2022-12-15,TMIN,778.0,SYNTHETIC
SYNTH,Tampa International,2022-12-15,PRCP,1.0,SYNTHETIC
SYNTH,Orlando Executive,2022-12-15,TMAX,831.0,SYNTHETIC
SYNTH,Orlando Executive,2022-12-15,TMIN,563.0,SYNTHETIC
SYNTH,Orlando Executive,2022-12-15,PRCP,1.0,SYNTHETIC
SYNTH,Sebring,2022-12-15,TMAX,827.0,SYNTHETIC
SYNTH,Sebring,2022-12-15,TMIN,738.0,SYNTHETIC
SYNTH,Sebring,2022-12-15,PRCP,1.0,SYNTHETIC
SYNTH,Lakeland Linder,2023-01-15,TMAX,801.0,SYNTHETIC
SYNTH,Lakeland Linder,2023-01-15,TMIN,617.0,SYNTHETIC
SYNTH,Lakeland Linder,2023-01-15,PRCP,0.0,SYNTHETIC
SYNTH,Tampa International,2023-01-15,TMAX,843.0,SYNTHETIC
SYNTH,Tampa International,2023-01-15,TMIN,530.0,SYNTHETIC
SYNTH,Tampa International,2023-01-15,PRCP,9.0,SYNTHETIC
SYNTH,Orlando Executive,2023-01-15,TMAX,766.0,SYNTHETIC
SYNTH,Orlando Executive,2023-01-15,TMIN,707.0,SYNTHETIC
SYNTH,Orlando Executive,2023-01-15,PRCP,3.0,SYNTHETIC
SYNTH,Sebring,2023-01-15,TMAX,873.0,SYNTHETIC
SYNTH,Sebring,2023-01-15,TMIN,703.0,SYNTHETIC
SYNTH,Sebring,2023-01-15,PRCP,4.0,SYNTHETIC
SYNTH,Lakeland Linder,2023-02-15,TMAX,740.0,SYNTHETIC
SYNTH,Lakeland Linder,2023-02-15,TMIN,669.0,SYNTHETIC
SYNTH,Lakeland Linder,2023-02-15,PRCP,2.0,SYNTHETIC
SYNTH,Tampa International,2023-02-15,TMAX,799.0,SYNTHETIC
SYNTH,Tampa International,2023-02-15,TMIN,732.0,SYNTHETIC
SYNTH,Tampa International,2023-02-15,PRCP,6.0,SYNTHETIC
SYNTH,Orlando Executive,2023-02-15,TMAX,821.0,SYNTHETIC
SYNTH,Orlando Executive,2023-02-15,TMIN,572.0,SYNTHETIC
SYNTH,Orlando Executive,2023-02-15,PRCP,6.0,SYNTHETIC
SYNTH,Sebring,2023-02-15,TMAX,821.0,SYNTHETIC
SYNTH,Sebring,2023-02-15,TMIN,464.0,SYNTHETIC
SYNTH,Sebring,2023-02-15,PRCP,6.0,SYNTHETIC
SYNTH,Lakeland Linder,2023-03-15,TMAX,818.0,SYNTHETIC
SYNTH,Lakeland Linder,2023-03-15,TMIN,746.0,SYNTHETIC
SYNTH,Lakeland Linder,2023-03-15,PRCP,2.0,SYNTHETIC
SYNTH,Tampa International,2023-03-15,TMAX,565.0,SYNTHETIC
SYNTH,Tampa International,2023-03-15,TMIN,672.0,SYNTHETIC
SYNTH,Tampa International,2023-03-15,PRCP,4.0,SYNTHETIC
SYNTH,Orlando Executive,2023-03-15,TMAX,684.0,SYNTHETIC
SYNTH,Orlando Executive,2023-03-15,TMIN,571.0,SYNTHETIC
SYNTH,Orlando Executive,2023-03-15,PRCP,16.0,SYNTHETIC
SYNTH,Sebring,2023-03-15,TMAX,795.0,SYNTHETIC
SYNTH,Sebring,2023-03-15,TMIN,708.0,SYNTHETIC
SYNTH,Sebring,2023-03-15,PRCP,0.0,SYNTHETIC
SYNTH,Lakeland Linder,2023-04-15,TMAX,652.0,SYNTHETIC
SYNTH,Lakeland Linder,2023-04-15,TMIN,636.0,SYNTHETIC
SYNTH,Lakeland Linder,2023-04-15,PRCP,1.0,SYNTHETIC
SYNTH,Tampa International,2023-04-15,TMAX,788.0,SYNTHETIC
SYNTH,Tampa International,2023-04-15,TMIN,640.0,SYNTHETIC
SYNTH,Tampa International,2023-04-15,PRCP,4.0,SYNTHETIC
SYNTH,Orlando Executive,2023-04-15,TMAX,807.0,SYNTHETIC
SYNTH,Orlando Executive,2023-04-15,TMIN,548.0,SYNTHETIC
SYNTH,Orlando Executive,2023-04-15,PRCP,5.0,SYNTHETIC
SYNTH,Sebring,2023-04-15,TMAX,664.0,SYNTHETIC
SYNTH,Sebring,2023-04-15,TMIN,485.0,SYNTHETIC
SYNTH,Sebring,2023-04-15,PRCP,6.0,SYNTHETIC
SYNTH,Lakeland Linder,2023-05-15,TMAX,860.0,SYNTHETIC
SYNTH,Lakeland Linder,2023-05-15,TMIN,645.0,SYNTHETIC
SYNTH,Lakeland Linder,2023-05-15,PRCP,3.0,SYNTHETIC
SYNTH,Tampa International,2023-05-15,TMAX,763.0,SYNTHETIC
SYNTH,Tampa International,2023-05-15,TMIN,628.0,SYNTHETIC
SYNTH,Tampa International,2023-05-15,PRCP,4.0,SYNTHETIC
SYNTH,Orlando Executive,2023-05-15,TMAX,760.0,SYNTHETIC
SYNTH,Orlando Executive,2023-05-15,TMIN,702.0,SYNTHETIC
SYNTH,Orlando Executive,2023-05-15,PRCP,10.0,SYNTHETIC
SYNTH,Sebring,2023-05-15,TMAX,786.0,SYNTHETIC
SYNTH,Sebring,2023-05-15,TMIN,710.0,SYNTHETIC
SYNTH,Sebring,2023-05-15,PRCP,6.0,SYNTHETIC
SYNTH,Lakeland Linder,2023-06-15,TMAX,872.0,SYNTHETIC
SYNTH,Lakeland Linder,2023-06-15,TMIN,585.0,SYNTHETIC
SYNTH,Lakeland Linder,2023-06-15,PRCP,4.0,SYNTHETIC
SYNTH,Tampa International,2023-06-15,TMAX,800.0,SYNTHETIC
SYNTH,Tampa International,2023-06-15,TMIN,755.0,SYNTHETIC
SYNTH,Tampa International,2023-06-15,PRCP,1.0,SYNTHETIC
SYNTH,Orlando Executive,2023-06-15,TMAX,870.0,SYNTHETIC
SYNTH,Orlando Executive,2023-06-15,TMIN,627.0,SYNTHETIC
SYNTH,Orlando Executive,2023-06-15,PRCP,2.0,SYNTHETIC
SYNTH,Sebring,2023-06-15,TMAX,805.0,SYNTHETIC
SYNTH,Sebring,2023-06-15,TMIN,582.0,SYNTHETIC
SYNTH,Sebring,2023-06-15,PRCP,2.0,SYNTHETIC
SYNTH,Lakeland Linder,2023-07-15,TMAX,814.0,SYNTHETIC
SYNTH,Lakeland Linder,2023-07-15,TMIN,669.0,SYNTHETIC
SYNTH,Lakeland Linder,2023-07-15,PRCP,3.0,SYNTHETIC
SYNTH,Tampa International,2023-07-15,TMAX,883.0,SYNTHETIC
SYNTH,Tampa International,2023-07-15,TMIN,723.0,SYNTHETIC
SYNTH,Tampa International,2023-07-15,PRCP,2.0,SYNTHETIC
SYNTH,Orlando Executive,2023-07-15,TMAX,889.0,SYNTHETIC
SYNTH,Orlando Executive,2023-07-15,TMIN,555.0,SYNTHETIC
SYNTH,Orlando Executive,2023-07-15,PRCP,5.0,SYNTHETIC
SYNTH,Sebring,2023-07-15,TMAX,869.0,SYNTHETIC
SYNTH,Sebring,2023-07-15,TMIN,497.0,SYNTHETIC
SYNTH,Sebring,2023-07-15,PRCP,3.0,SYNTHETIC
SYNTH,Lakeland Linder,2023-08-15,TMAX,782.0,SYNTHETIC
SYNTH,Lakeland Linder,2023-08-15,TMIN,589.0,SYNTHETIC
SYNTH,Lakeland Linder,2023-08-15,PRCP,9.0,SYNTHETIC
SYNTH,Tampa International,2023-08-15,TMAX,767.0,SYNTHETIC
SYNTH,Tampa International,2023-08-15,TMIN,585.0,SYNTHETIC
SYNTH,Tampa International,2023-08-15,PRCP,3.0,SYNTHETIC
SYNTH,Orlando Executive,2023-08-15,TMAX,874.0,SYNTHETIC
SYNTH,Orlando Executive,2023-08-15,TMIN,638.0,SYNTHETIC
SYNTH,Orlando Executive,2023-08-15,PRCP,8.0,SYNTHETIC
SYNTH,Sebring,2023-08-15,TMAX,862.0,SYNTHETIC
SYNTH,Sebring,2023-08-15,TMIN,475.0,SYNTHETIC
SYNTH,Sebring,2023-08-15,PRCP,0.0,SYNTHETIC
SYNTH,Lakeland Linder,2023-09-15,TMAX,775.0,SYNTHETIC
SYNTH,Lakeland Linder,2023-09-15,TMIN,688.0,SYNTHETIC
SYNTH,Lakeland Linder,2023-09-15,PRCP,10.0,SYNTHETIC
SYNTH,Tampa International,2023-09-15,TMAX,1023.0,SYNTHETIC
SYNTH,Tampa International,2023-09-15,TMIN,692.0,SYNTHETIC
SYNTH,Tampa International,2023-09-15,PRCP,3.0,SYNTHETIC
SYNTH,Orlando Executive,2023-09-15,TMAX,914.0,SYNTHETIC
SYNTH,Orlando Executive,2023-09-15,TMIN,837.0,SYNTHETIC
SYNTH,Orlando Executive,2023-09-15,PRCP,7.0,SYNTHETIC
SYNTH,Sebring,2023-09-15,TMAX,895.0,SYNTHETIC
SYNTH,Sebring,2023-09-15,TMIN,660.0,SYNTHETIC
SYNTH,Sebring,2023-09-15,PRCP,2.0,SYNTHETIC
SYNTH,Lakeland Linder,2023-10-15,TMAX,781.0,SYNTHETIC
SYNTH,Lakeland Linder,2023-10-15,TMIN,583.0,SYNTHETIC
SYNTH,Lakeland Linder,2023-10-15,PRCP,0.0,SYNTHETIC
SYNTH,Tampa International,2023-10-15,TMAX,711.0,SYNTHETIC
SYNTH,Tampa International,2023-10-15,TMIN,643.0,SYNTHETIC
SYNTH,Tampa International,2023-10-15,PRCP,5.0,SYNTHETIC
SYNTH,Orlando Executive,2023-10-15,TMAX,835.0,SYNTHETIC
SYNTH,Orlando Executive,2023-10-15,TMIN,647.0,SYNTHETIC
SYNTH,Orlando Executive,2023-10-15,PRCP,3.0,SYNTHETIC
SYNTH,Sebring,2023-10-15,TMAX,778.0,SYNTHETIC
SYNTH,Sebring,2023-10-15,TMIN,896.0,SYNTHETIC
SYNTH,Sebring,2023-10-15,PRCP,9.0,SYNTHETIC
SYNTH,Lakeland Linder,2023-11-15,TMAX,720.0,SYNTHETIC
SYNTH,Lakeland Linder,2023-11-15,TMIN,668.0,SYNTHETIC
SYNTH,Lakeland Linder,2023-11-15,PRCP,0.0,SYNTHETIC
SYNTH,Tampa International,2023-11-15,TMAX,738.0,SYNTHETIC
SYNTH,Tampa International,2023-11-15,TMIN,542.0,SYNTHETIC
SYNTH,Tampa International,2023-11-15,PRCP,5.0,SYNTHETIC
SYNTH,Orlando Executive,2023-11-15,TMAX,765.0,SYNTHETIC
SYNTH,Orlando Executive,2023-11-15,TMIN,727.0,SYNTHETIC
SYNTH,Orlando Executive,2023-11-15,PRCP,7.0,SYNTHETIC
SYNTH,Sebring,2023-11-15,TMAX,929.0,SYNTHETIC
SYNTH,Sebring,2023-11-15,TMIN,581.0,SYNTHETIC
SYNTH,Sebring,2023-11-15,PRCP,5.0,SYNTHETIC
SYNTH,Lakeland Linder,2023-12-15,TMAX,870.0,SYNTHETIC
SYNTH,Lakeland Linder,2023-12-15,TMIN,612.0,SYNTHETIC
SYNTH,Lakeland Linder,2023-12-15,PRCP,0.0,SYNTHETIC
SYNTH,Tampa International,2023-12-15,TMAX,948.0,SYNTHETIC
SYNTH,Tampa International,2023-12-15,TMIN,668.0,SYNTHETIC
SYNTH,Tampa International,2023-12-15,PRCP,6.0,SYNTHETIC
SYNTH,Orlando Executive,2023-12-15,TMAX,754.0,SYNTHETIC
SYNTH,Orlando Executive,2023-12-15,TMIN,552.0,SYNTHETIC
SYNTH,Orlando Executive,2023-12-15,PRCP,0.0,SYNTHETIC
SYNTH,Sebring,2023-12-15,TMAX,810.0,SYNTHETIC
SYNTH,Sebring,2023-12-15,TMIN,564.0,SYNTHETIC
SYNTH,Sebring,2023-12-15,PRCP,2.0,SYNTHETIC
SYNTH,Lakeland Linder,2024-01-15,TMAX,684.0,SYNTHETIC
SYNTH,Lakeland Linder,2024-01-15,TMIN,560.0,SYNTHETIC
SYNTH,Lakeland Linder,2024-01-15,PRCP,6.0,SYNTHETIC
SYNTH,Tampa International,2024-01-15,TMAX,868.0,SYNTHETIC
SYNTH,Tampa International,2024-01-15,TMIN,618.0,SYNTHETIC
SYNTH,Tampa International,2024-01-15,PRCP,2.0,SYNTHETIC
SYNTH,Orlando Executive,2024-01-15,TMAX,737.0,SYNTHETIC
SYNTH,Orlando Executive,2024-01-15,TMIN,620.0,SYNTHETIC
SYNTH,Orlando Executive,2024-01-15,PRCP,6.0,SYNTHETIC
SYNTH,Sebring,2024-01-15,TMAX,894.0,SYNTHETIC
SYNTH,Sebring,2024-01-15,TMIN,610.0,SYNTHETIC
SYNTH,Sebring,2024-01-15,PRCP,2.0,SYNTHETIC
SYNTH,Lakeland Linder,2024-02-15,TMAX,841.0,SYNTHETIC
SYNTH,Lakeland Linder,2024-02-15,TMIN,584.0,SYNTHETIC
SYNTH,Lakeland Linder,2024-02-15,PRCP,0.0,SYNTHETIC
SYNTH,Tampa International,2024-02-15,TMAX,926.0,SYNTHETIC
SYNTH,Tampa International,2024-02-15,TMIN,716.0,SYNTHETIC
SYNTH,Tampa International,2024-02-15,PRCP,3.0,SYNTHETIC
SYNTH,Orlando Executive,2024-02-15,TMAX,718.0,SYNTHETIC
SYNTH,Orlando Executive,2024-02-15,TMIN,666.0,SYNTHETIC
SYNTH,Orlando Executive,2024-02-15,PRCP,8.0,SYNTHETIC
SYNTH,Sebring,2024-02-15,TMAX,789.0,SYNTHETIC
SYNTH,Sebring,2024-02-15,TMIN,758.0,SYNTHETIC
SYNTH,Sebring,2024-02-15,PRCP,9.0,SYNTHETIC
SYNTH,Lakeland Linder,2024-03-15,TMAX,953.0,SYNTHETIC
SYNTH,Lakeland Linder,2024-03-15,TMIN,674.0,SYNTHETIC
SYNTH,Lakeland Linder,2024-03-15,PRCP,5.0,SYNTHETIC
SYNTH,Tampa International,2024-03-15,TMAX,933.0,SYNTHETIC
SYNTH,Tampa International,2024-03-15,TMIN,685.0,SYNTHETIC
SYNTH,Tampa International,2024-03-15,PRCP,0.0,SYNTHETIC
SYNTH,Orlando Executive,2024-03-15,TMAX,784.0,SYNTHETIC
SYNTH,Orlando Executive,2024-03-15,TMIN,669.0,SYNTHETIC
SYNTH,Orlando Executive,2024-03-15,PRCP,3.0,SYNTHETIC
SYNTH,Sebring,2024-03-15,TMAX,808.0,SYNTHETIC
SYNTH,Sebring,2024-03-15,TMIN,737.0,SYNTHETIC
SYNTH,Sebring,2024-03-15,PRCP,7.0,SYNTHETIC
SYNTH,Lakeland Linder,2024-04-15,TMAX,942.0,SYNTHETIC
SYNTH,Lakeland Linder,2024-04-15,TMIN,739.0,SYNTHETIC
SYNTH,Lakeland Linder,2024-04-15,PRCP,0.0,SYNTHETIC
SYNTH,Tampa International,2024-04-15,TMAX,863.0,SYNTHETIC
SYNTH,Tampa International,2024-04-15,TMIN,650.0,SYNTHETIC
SYNTH,Tampa International,2024-04-15,PRCP,9.0,SYNTHETIC
SYNTH,Orlando Executive,2024-04-15,TMAX,898.0,SYNTHETIC
SYNTH,Orlando Executive,2024-04-15,TMIN,537.0,SYNTHETIC
SYNTH,Orlando Executive,2024-04-15,PRCP,5.0,SYNTHETIC
SYNTH,Sebring,2024-04-15,TMAX,803.0,SYNTHETIC
SYNTH,Sebring,2024-04-15,TMIN,656.0,SYNTHETIC
SYNTH,Sebring,2024-04-15,PRCP,0.0,SYNTHETIC
SYNTH,Lakeland Linder,2024-05-15,TMAX,959.0,SYNTHETIC
SYNTH,Lakeland Linder,2024-05-15,TMIN,733.0,SYNTHETIC
SYNTH,Lakeland Linder,2024-05-15,PRCP,0.0,SYNTHETIC
SYNTH,Tampa International,2024-05-15,TMAX,713.0,SYNTHETIC
SYNTH,Tampa International,2024-05-15,TMIN,619.0,SYNTHETIC
SYNTH,Tampa International,2024-05-15,PRCP,5.0,SYNTHETIC
SYNTH,Orlando Executive,2024-05-15,TMAX,839.0,SYNTHETIC
SYNTH,Orlando Executive,2024-05-15,TMIN,750.0,SYNTHETIC
SYNTH,Orlando Executive,2024-05-15,PRCP,6.0,SYNTHETIC
SYNTH,Sebring,2024-05-15,TMAX,897.0,SYNTHETIC
SYNTH,Sebring,2024-05-15,TMIN,676.0,SYNTHETIC
SYNTH,Sebring,2024-05-15,PRCP,3.0,SYNTHETIC
SYNTH,Lakeland Linder,2024-06-15,TMAX,804.0,SYNTHETIC
SYNTH,Lakeland Linder,2024-06-15,TMIN,734.0,SYNTHETIC
SYNTH,Lakeland Linder,2024-06-15,PRCP,2.0,SYNTHETIC
SYNTH,Tampa International,2024-06-15,TMAX,860.0,SYNTHETIC
SYNTH,Tampa International,2024-06-15,TMIN,624.0,SYNTHETIC
SYNTH,Tampa International,2024-06-15,PRCP,2.0,SYNTHETIC
SYNTH,Orlando Executive,2024-06-15,TMAX,810.0,SYNTHETIC
SYNTH,Orlando Executive,2024-06-15,TMIN,674.0,SYNTHETIC
SYNTH,Orlando Executive,2024-06-15,PRCP,0.0,SYNTHETIC
SYNTH,Sebring,2024-06-15,TMAX,801.0,SYNTHETIC
SYNTH,Sebring,2024-06-15,TMIN,574.0,SYNTHETIC
SYNTH,Sebring,2024-06-15,PRCP,8.0,SYNTHETIC
SYNTH,Lakeland Linder,2024-07-15,TMAX,796.0,SYNTHETIC
SYNTH,Lakeland Linder,2024-07-15,TMIN,766.0,SYNTHETIC
SYNTH,Lakeland Linder,2024-07-15,PRCP,10.0,SYNTHETIC
SYNTH,Tampa International,2024-07-15,TMAX,813.0,SYNTHETIC
SYNTH,Tampa International,2024-07-15,TMIN,569.0,SYNTHETIC
SYNTH,Tampa International,2024-07-15,PRCP,7.0,SYNTHETIC
SYNTH,Orlando Executive,2024-07-15,TMAX,702.0,SYNTHETIC
SYNTH,Orlando Executive,2024-07-15,TMIN,540.0,SYNTHETIC
SYNTH,Orlando Executive,2024-07-15,PRCP,9.0,SYNTHETIC
SYNTH,Sebring,2024-07-15,TMAX,829.0,SYNTHETIC
SYNTH,Sebring,2024-07-15,TMIN,681.0,SYNTHETIC
SYNTH,Sebring,2024-07-15,PRCP,8.0,SYNTHETIC
SYNTH,Lakeland Linder,2024-08-15,TMAX,724.0,SYNTHETIC
SYNTH,Lakeland Linder,2024-08-15,TMIN,720.0,SYNTHETIC
SYNTH,Lakeland Linder,2024-08-15,PRCP,4.0,SYNTHETIC
SYNTH,Tampa International,2024-08-15,TMAX,808.0,SYNTHETIC
SYNTH,Tampa International,2024-08-15,TMIN,695.0,SYNTHETIC
SYNTH,Tampa International,2024-08-15,PRCP,11.0,SYNTHETIC
SYNTH,Orlando Executive,2024-08-15,TMAX,802.0,SYNTHETIC
SYNTH,Orlando Executive,2024-08-15,TMIN,655.0,SYNTHETIC
SYNTH,Orlando Executive,2024-08-15,PRCP,3.0,SYNTHETIC
SYNTH,Sebring,2024-08-15,TMAX,1011.0,SYNTHETIC
SYNTH,Sebring,2024-08-15,TMIN,482.0,SYNTHETIC
SYNTH,Sebring,2024-08-15,PRCP,6.0,SYNTHETIC
SYNTH,Lakeland Linder,2024-09-15,TMAX,810.0,SYNTHETIC
SYNTH,Lakeland Linder,2024-09-15,TMIN,695.0,SYNTHETIC
SYNTH,Lakeland Linder,2024-09-15,PRCP,0.0,SYNTHETIC
SYNTH,Tampa International,2024-09-15,TMAX,816.0,SYNTHETIC
SYNTH,Tampa International,2024-09-15,TMIN,706.0,SYNTHETIC
SYNTH,Tampa International,2024-09-15,PRCP,18.0,SYNTHETIC
SYNTH,Orlando Executive,2024-09-15,TMAX,884.0,SYNTHETIC
SYNTH,Orlando Executive,2024-09-15,TMIN,582.0,SYNTHETIC
SYNTH,Orlando Executive,2024-09-15,PRCP,0.0,SYNTHETIC
SYNTH,Sebring,2024-09-15,TMAX,783.0,SYNTHETIC
SYNTH,Sebring,2024-09-15,TMIN,506.0,SYNTHETIC
SYNTH,Sebring,2024-09-15,PRCP,1.0,SYNTHETIC
SYNTH,Lakeland Linder,2024-10-15,TMAX,878.0,SYNTHETIC
SYNTH,Lakeland Linder,2024-10-15,TMIN,548.0,SYNTHETIC
SYNTH,Lakeland Linder,2024-10-15,PRCP,8.0,SYNTHETIC
SYNTH,Tampa International,2024-10-15,TMAX,859.0,SYNTHETIC
SYNTH,Tampa International,2024-10-15,TMIN,591.0,SYNTHETIC
SYNTH,Tampa International,2024-10-15,PRCP,2.0,SYNTHETIC
SYNTH,Orlando Executive,2024-10-15,TMAX,947.0,SYNTHETIC
SYNTH,Orlando Executive,2024-10-15,TMIN,708.0,SYNTHETIC
SYNTH,Orlando Executive,2024-10-15,PRCP,3.0,SYNTHETIC
SYNTH,Sebring,2024-10-15,TMAX,800.0,SYNTHETIC
SYNTH,Sebring,2024-10-15,TMIN,656.0,SYNTHETIC
SYNTH,Sebring,2024-10-15,PRCP,0.0,SYNTHETIC
SYNTH,Lakeland Linder,2024-11-15,TMAX,651.0,SYNTHETIC
SYNTH,Lakeland Linder,2024-11-15,TMIN,813.0,SYNTHETIC
SYNTH,Lakeland Linder,2024-11-15,PRCP,3.0,SYNTHETIC
SYNTH,Tampa International,2024-11-15,TMAX,851.0,SYNTHETIC
SYNTH,Tampa International,2024-11-15,TMIN,645.0,SYNTHETIC
SYNTH,Tampa International,2024-11-15,PRCP,0.0,SYNTHETIC
SYNTH,Orlando Executive,2024-11-15,TMAX,805.0,SYNTHETIC
SYNTH,Orlando Executive,2024-11-15,TMIN,522.0,SYNTHETIC
SYNTH,Orlando Executive,2024-11-15,PRCP,14.0,SYNTHETIC
SYNTH,Sebring,2024-11-15,TMAX,721.0,SYNTHETIC
SYNTH,Sebring,2024-11-15,TMIN,567.0,SYNTHETIC
SYNTH,Sebring,2024-11-15,PRCP,0.0,SYNTHETIC
SYNTH,Lakeland Linder,2024-12-15,TMAX,923.0,SYNTHETIC
SYNTH,Lakeland Linder,2024-12-15,TMIN,651.0,SYNTHETIC
SYNTH,Lakeland Linder,2024-12-15,PRCP,3.0,SYNTHETIC
SYNTH,Tampa International,2024-12-15,TMAX,920.0,SYNTHETIC
SYNTH,Tampa International,2024-12-15,TMIN,708.0,SYNTHETIC
SYNTH,Tampa International,2024-12-15,PRCP,5.0,SYNTHETIC
SYNTH,Orlando Executive,2024-12-15,TMAX,877.0,SYNTHETIC
SYNTH,Orlando Executive,2024-12-15,TMIN,841.0,SYNTHETIC
SYNTH,Orlando Executive,2024-12-15,PRCP,13.0,SYNTHETIC
SYNTH,Sebring,2024-12-15,TMAX,765.0,SYNTHETIC
SYNTH,Sebring,2024-12-15,TMIN,779.0,SYNTHETIC
SYNTH,Sebring,2024-12-15,PRCP,4.0,SYNTHETIC
